id,team_id,role,area,theme,type,severity,frequency,status,submitted_day,text
FB-0001,T19,associate,fieldwork_and_testing,evidence_viewer,performance,1,18,triaged,61,Partial scans render blank instead of showing the readable part.
FB-0002,T14,senior,fieldwork_and_testing,checkpoint_placement,trust_and_explainability,3,17,duplicate,88,Checkpoint at exception detection interrupts a run that was going well.
FB-0003,T07,associate,fieldwork_and_testing,review_workflow,usability,2,16,fixed,62,A rejected plan step cannot be rerun on its own. The whole run restarts.
FB-0004,T01,senior,platform_foundation,performance,performance,3,15,fixed,68,Opening the procedure list with filters applied takes several seconds.
FB-0005,T02,associate,fieldwork_and_testing,checkpoint_placement,usability,2,17,fixed,90,Checkpoint at matching interrupts a run that was going well.
FB-0006,T11,associate,planning_and_risk,sample_selection,trust_and_explainability,2,10,triaged,73,Sample size shown does not match the planned size in the procedure.
FB-0007,T01,associate,fieldwork_and_testing,review_workflow,missing_capability,2,16,triaged,42,A rejected draft conclusion step cannot be rerun on its own. The whole run restarts.
FB-0008,T10,methodology_reviewer,fieldwork_and_testing,exception_handling,missing_capability,3,19,triaged,66,Exceptions from the fixed assets run land in one list with no severity or owner.
FB-0009,T02,associate,fieldwork_and_testing,keyboard_and_accessibility,defect,1,5,fixed,71,The run timeline cannot be operated without a pointer.
FB-0010,T19,senior,fieldwork_and_testing,exception_handling,missing_capability,1,19,triaged,62,An exception the agent flagged was a duplicate of one already under investigation.
FB-0011,T05,manager,fieldwork_and_testing,checkpoint_placement,usability,3,17,fixed,94,A manager should be able to set where the checkpoint sits for the procedure.
FB-0012,T03,senior,fieldwork_and_testing,review_workflow,missing_capability,1,16,triaged,50,Edits to the draft conclusion are not visible as a diff to the next reviewer.
FB-0013,T13,associate,fieldwork_and_testing,checkpoint_placement,trust_and_explainability,2,17,fixed,97,The review stop comes after the draft is written. It should come before the agent matches revenue items.
FB-0014,T05,associate,platform_foundation,performance,performance,3,15,fixed,64,The extraction step on a revenue procedure took long enough that the team moved to other work.
FB-0015,T08,manager,fieldwork_and_testing,provenance_visibility,trust_and_explainability,4,20,duplicate,61,The evidence retrieval step shows a result but not the source it came from.
FB-0016,T10,senior,platform_foundation,performance,performance,4,15,triaged,48,The draft conclusion step on a cash procedure took long enough that the team moved to other work.
FB-0017,T04,manager,fieldwork_and_testing,navigation_and_findability,usability,2,14,triaged,63,Filters on the inventory procedure list reset on every return.
FB-0018,T15,manager,platform_foundation,navigation_and_findability,usability,4,14,triaged,45,The path from an exception back to its sample item takes four clicks.
FB-0019,T06,senior,platform_foundation,navigation_and_findability,missing_capability,2,14,duplicate,82,The path from an exception back to its sample item takes four clicks.
FB-0020,T20,senior,platform_foundation,performance,performance,3,15,fixed,46,Run status stays on running after the steps have finished.
FB-0021,T08,associate,planning_and_risk,field_structure_fit,methodology_question,2,9,triaged,55,Tolerance rule is fixed. Our methodology allows a range here.
FB-0022,T04,partner,fieldwork_and_testing,performance,defect,2,15,triaged,69,Run status stays on running after the steps have finished.
FB-0023,T02,associate,platform_foundation,training_and_onboarding,training,2,7,fixed,60,First run needs a walkthrough. The team learned the matching step by trial.
FB-0024,T15,partner,planning_and_risk,field_structure_fit,methodology_question,3,9,fixed,91,No way to mark a required field as not applicable for a small population.
FB-0025,T08,methodology_reviewer,fieldwork_and_testing,provenance_visibility,missing_capability,2,20,declined,79,Need to open the cited document from the conclusion without searching for it.
FB-0026,T05,manager,platform_foundation,navigation_and_findability,missing_capability,1,14,declined,61,Cannot find the procedure again after closing the run timeline.
FB-0027,T15,associate,platform_foundation,performance,performance,3,15,fixed,60,Large evidence files stall the viewer.
FB-0028,T02,senior,planning_and_risk,review_workflow,usability,3,16,fixed,67,Edits to the draft conclusion are not visible as a diff to the next reviewer.
FB-0029,T02,senior,platform_foundation,terminology,usability,2,12,duplicate,67,Severity scale labels differ between exceptions and feedback.
FB-0030,T20,associate,planning_and_risk,review_workflow,missing_capability,3,16,triaged,64,Comments on a run are not shown on the inventory procedure.
FB-0031,T15,associate,platform_foundation,performance,performance,2,15,triaged,75,The plan step on a payables procedure took long enough that the team moved to other work.
FB-0032,T09,associate,planning_and_risk,review_workflow,missing_capability,3,16,fixed,78,The manager approval and the sign off are two steps that feel like one.
FB-0033,T04,manager,fieldwork_and_testing,provenance_visibility,usability,4,20,declined,90,The draft conclusion step shows a result but not the source it came from.
FB-0034,T15,senior,fieldwork_and_testing,evidence_viewer,usability,2,18,declined,76,Multi page documents open on page one every time. Open on the cited page.
FB-0035,T10,manager,platform_foundation,integration_with_workpapers,missing_capability,3,8,triaged,79,Need the exception list as a table in the workpaper file.
FB-0036,T14,senior,fieldwork_and_testing,exception_handling,usability,4,19,declined,61,Status of an exception does not change when the sample item is re-tested.
FB-0037,T20,associate,fieldwork_and_testing,navigation_and_findability,usability,1,14,triaged,58,Filters on the revenue procedure list reset on every return.
FB-0038,T11,partner,fieldwork_and_testing,terminology,methodology_question,1,12,duplicate,45,The label on the extraction step uses a word the methodology does not use.
FB-0039,T01,manager,planning_and_risk,data_access_and_permissions,data_access,2,11,fixed,90,Prior year file items are not available to the manager who needs them.
FB-0040,T07,senior,fieldwork_and_testing,provenance_visibility,trust_and_explainability,2,20,duplicate,76,Need to open the cited document from the conclusion without searching for it.
FB-0041,T12,associate,planning_and_risk,checkpoint_placement,usability,3,17,fixed,76,Checkpoint at plan interrupts a run that was going well.
FB-0042,T04,associate,fieldwork_and_testing,checkpoint_placement,trust_and_explainability,3,17,triaged,56,Checkpoint at exception detection interrupts a run that was going well.
FB-0043,T18,manager,planning_and_risk,sample_selection,methodology_question,2,10,fixed,72,Need to replace one proposed payables item with a judgmental pick and keep the rest.
FB-0044,T01,manager,fieldwork_and_testing,provenance_visibility,trust_and_explainability,2,20,triaged,73,Confidence number appears with no note on what it is based on.
FB-0045,T14,senior,platform_foundation,evidence_viewer,performance,4,18,triaged,61,The highlighted span in the payables invoice sits on the wrong line.
FB-0046,T02,senior,fieldwork_and_testing,review_workflow,missing_capability,1,16,duplicate,78,A rejected matching step cannot be rerun on its own. The whole run restarts.
FB-0047,T19,senior,planning_and_risk,terminology,methodology_question,1,12,fixed,48,The label on the plan step uses a word the methodology does not use.
FB-0048,T05,senior,platform_foundation,training_and_onboarding,usability,3,7,fixed,71,No short guide for a senior on what to check at a checkpoint.
FB-0049,T03,manager,fieldwork_and_testing,exception_handling,usability,3,19,triaged,71,Exceptions from the inventory run land in one list with no severity or owner.
FB-0050,T07,associate,platform_foundation,navigation_and_findability,usability,2,14,fixed,68,Cannot find the procedure again after closing the run timeline.
FB-0051,T14,manager,fieldwork_and_testing,integration_with_workpapers,usability,4,8,triaged,56,Workpaper reference numbers do not carry into the revenue procedure.
FB-0052,T17,senior,fieldwork_and_testing,exception_handling,defect,3,19,triaged,68,Exceptions from the inventory run land in one list with no severity or owner.
FB-0053,T15,senior,planning_and_risk,provenance_visibility,trust_and_explainability,3,20,fixed,66,Cannot tell which evidence item the agent used for the amount in the revenue draft.
FB-0054,T01,data_lead,fieldwork_and_testing,evidence_viewer,defect,3,18,duplicate,76,Zoom resets when switching between two evidence items.
FB-0055,T20,senior,fieldwork_and_testing,evidence_viewer,defect,3,18,duplicate,77,Multi page documents open on page one every time. Open on the cited page.
FB-0056,T17,senior,fieldwork_and_testing,exception_handling,usability,3,19,triaged,71,Status of an exception does not change when the sample item is re-tested.
FB-0057,T16,senior,fieldwork_and_testing,evidence_viewer,defect,1,18,duplicate,83,Partial scans render blank instead of showing the readable part.
FB-0058,T02,senior,fieldwork_and_testing,provenance_visibility,trust_and_explainability,3,20,duplicate,81,Need to open the cited document from the conclusion without searching for it.
FB-0059,T03,senior,fieldwork_and_testing,exception_handling,defect,4,19,fixed,73,Exceptions from the payables run land in one list with no severity or owner.
FB-0060,T03,senior,platform_foundation,exception_handling,usability,3,19,fixed,70,Status of an exception does not change when the sample item is re-tested.
FB-0061,T07,manager,fieldwork_and_testing,review_workflow,usability,2,16,triaged,76,The manager approval and the sign off are two steps that feel like one.
FB-0062,T12,associate,fieldwork_and_testing,review_workflow,usability,3,16,triaged,46,Edits to the draft conclusion are not visible as a diff to the next reviewer.
FB-0063,T13,associate,planning_and_risk,provenance_visibility,usability,2,20,fixed,94,Need to open the cited document from the conclusion without searching for it.
FB-0064,T12,manager,fieldwork_and_testing,evidence_viewer,defect,3,18,triaged,66,The highlighted span in the payables invoice sits on the wrong line.
FB-0065,T02,senior,planning_and_risk,sample_selection,methodology_question,2,10,triaged,63,Not clear how the agent proposed selection relates to the monetary unit method.
FB-0066,T19,manager,fieldwork_and_testing,terminology,usability,2,12,fixed,55,Field structure and template mean the same thing on two screens.
FB-0067,T02,manager,planning_and_risk,sample_selection,methodology_question,3,10,declined,69,Sample size shown does not match the planned size in the procedure.
FB-0068,T14,manager,fieldwork_and_testing,exception_handling,usability,2,19,triaged,91,Cannot mark an exception as explained without leaving the procedure view.
FB-0069,T14,associate,planning_and_risk,terminology,methodology_question,3,12,fixed,68,Field structure and template mean the same thing on two screens.
FB-0070,T08,manager,fieldwork_and_testing,review_workflow,missing_capability,4,16,fixed,70,The manager approval and the sign off are two steps that feel like one.
FB-0071,T20,data_lead,platform_foundation,provenance_visibility,missing_capability,3,20,triaged,67,The matching step shows a result but not the source it came from.
FB-0072,T05,manager,planning_and_risk,training_and_onboarding,training,3,7,triaged,61,No short guide for a manager on what to check at a checkpoint.
FB-0073,T15,manager,platform_foundation,performance,defect,3,15,duplicate,74,Opening the procedure list with filters applied takes several seconds.
FB-0074,T03,senior,planning_and_risk,terminology,methodology_question,1,12,fixed,80,Severity scale labels differ between exceptions and feedback.
FB-0075,T03,senior,fieldwork_and_testing,exception_handling,usability,3,19,fixed,79,Status of an exception does not change when the sample item is re-tested.
FB-0076,T08,associate,fieldwork_and_testing,provenance_visibility,missing_capability,2,20,fixed,78,Need to open the cited document from the conclusion without searching for it.
FB-0077,T15,associate,platform_foundation,provenance_visibility,trust_and_explainability,2,20,fixed,70,Need to open the cited document from the conclusion without searching for it.
FB-0078,T14,associate,fieldwork_and_testing,exception_handling,defect,2,19,triaged,66,Status of an exception does not change when the sample item is re-tested.
FB-0079,T19,senior,fieldwork_and_testing,evidence_viewer,missing_capability,2,18,fixed,72,The highlighted span in the cash invoice sits on the wrong line.
FB-0080,T20,senior,platform_foundation,performance,performance,3,15,triaged,87,The matching step on a fixed assets procedure took long enough that the team moved to other work.
FB-0081,T06,methodology_reviewer,planning_and_risk,sample_selection,methodology_question,2,10,declined,42,Proposed sample excludes items under the threshold with no stated reason.
FB-0082,T19,senior,fieldwork_and_testing,exception_handling,methodology_question,3,19,triaged,65,Status of an exception does not change when the sample item is re-tested.
FB-0083,T17,manager,fieldwork_and_testing,evidence_viewer,defect,3,18,fixed,77,The highlighted span in the fixed assets invoice sits on the wrong line.
FB-0084,T06,associate,fieldwork_and_testing,evidence_viewer,usability,1,18,triaged,66,Multi page documents open on page one every time. Open on the cited page.
FB-0085,T01,manager,fieldwork_and_testing,provenance_visibility,usability,2,20,fixed,83,Cannot tell which evidence item the agent used for the amount in the inventory draft.
FB-0086,T13,associate,platform_foundation,terminology,usability,2,12,duplicate,68,Severity scale labels differ between exceptions and feedback.
FB-0087,T15,senior,fieldwork_and_testing,field_structure_fit,missing_capability,3,9,fixed,66,No way to mark a required field as not applicable for a small population.
FB-0088,T06,associate,fieldwork_and_testing,checkpoint_placement,trust_and_explainability,3,17,triaged,97,The review stop comes after the draft is written. It should come before the agent matches fixed assets items.
FB-0089,T04,manager,fieldwork_and_testing,exception_handling,defect,2,19,duplicate,64,Status of an exception does not change when the sample item is re-tested.
FB-0090,T06,senior,fieldwork_and_testing,checkpoint_placement,methodology_question,3,17,triaged,67,Too many stops on low risk payables procedures. One stop before the conclusion would do.
FB-0091,T09,senior,fieldwork_and_testing,checkpoint_placement,trust_and_explainability,3,17,fixed,80,A senior should be able to set where the checkpoint sits for the procedure.
FB-0092,T14,methodology_reviewer,fieldwork_and_testing,evidence_viewer,defect,2,18,fixed,63,The highlighted span in the payables invoice sits on the wrong line.
FB-0093,T08,associate,planning_and_risk,field_structure_fit,missing_capability,2,9,fixed,75,The inventory field structure asks for a field this population does not carry.
FB-0094,T11,associate,fieldwork_and_testing,checkpoint_placement,trust_and_explainability,3,17,fixed,83,A associate should be able to set where the checkpoint sits for the procedure.
FB-0095,T11,associate,fieldwork_and_testing,exception_handling,defect,2,19,fixed,63,An exception the agent flagged was a duplicate of one already under investigation.
FB-0096,T18,senior,platform_foundation,navigation_and_findability,defect,2,14,fixed,65,No saved views for the procedures a senior reviews each day.
FB-0097,T02,methodology_reviewer,fieldwork_and_testing,review_workflow,missing_capability,3,16,triaged,67,The manager approval and the sign off are two steps that feel like one.
FB-0098,T06,manager,fieldwork_and_testing,field_structure_fit,usability,3,9,fixed,45,No way to mark a required field as not applicable for a small population.
FB-0099,T18,senior,fieldwork_and_testing,evidence_viewer,performance,2,18,triaged,67,Partial scans render blank instead of showing the readable part.
FB-0100,T05,partner,planning_and_risk,sample_selection,trust_and_explainability,2,10,triaged,73,Need to replace one proposed inventory item with a judgmental pick and keep the rest.
FB-0101,T15,senior,fieldwork_and_testing,exception_handling,defect,4,19,duplicate,91,An exception the agent flagged was a duplicate of one already under investigation.
FB-0102,T02,senior,planning_and_risk,sample_selection,missing_capability,2,10,fixed,70,Sample size shown does not match the planned size in the procedure.
FB-0103,T19,associate,fieldwork_and_testing,exception_handling,usability,2,19,declined,85,An exception the agent flagged was a duplicate of one already under investigation.
FB-0104,T13,associate,fieldwork_and_testing,field_structure_fit,missing_capability,3,9,fixed,81,Tolerance rule is fixed. Our methodology allows a range here.
FB-0105,T17,senior,planning_and_risk,training_and_onboarding,training,1,7,fixed,71,Office hours answered a question the product should answer in place.
FB-0106,T17,partner,platform_foundation,data_access_and_permissions,data_access,3,11,fixed,81,Prior year file items are not available to the partner who needs them.
FB-0107,T18,manager,fieldwork_and_testing,sample_selection,trust_and_explainability,2,10,fixed,77,Sample size shown does not match the planned size in the procedure.
FB-0108,T02,manager,fieldwork_and_testing,checkpoint_placement,usability,3,17,declined,97,A manager should be able to set where the checkpoint sits for the procedure.
FB-0109,T07,associate,platform_foundation,provenance_visibility,missing_capability,2,20,fixed,88,The evidence retrieval step shows a result but not the source it came from.
FB-0110,T02,associate,fieldwork_and_testing,sample_selection,methodology_question,3,10,fixed,86,Not clear how the agent proposed selection relates to the monetary unit method.
FB-0111,T08,associate,fieldwork_and_testing,review_workflow,missing_capability,2,16,triaged,61,The manager approval and the sign off are two steps that feel like one.
FB-0112,T16,partner,fieldwork_and_testing,evidence_viewer,missing_capability,2,18,duplicate,59,Partial scans render blank instead of showing the readable part.
FB-0113,T03,associate,platform_foundation,navigation_and_findability,usability,1,14,triaged,74,Cannot find the procedure again after closing the run timeline.
FB-0114,T01,partner,planning_and_risk,terminology,training,1,12,fixed,84,Severity scale labels differ between exceptions and feedback.
FB-0115,T02,associate,fieldwork_and_testing,checkpoint_placement,missing_capability,2,17,triaged,94,Too many stops on low risk payables procedures. One stop before the conclusion would do.
FB-0116,T11,manager,fieldwork_and_testing,exception_handling,defect,3,19,fixed,97,An exception the agent flagged was a duplicate of one already under investigation.
FB-0117,T03,associate,platform_foundation,navigation_and_findability,usability,1,14,fixed,71,Filters on the revenue procedure list reset on every return.
FB-0118,T13,associate,planning_and_risk,sample_selection,methodology_question,2,10,triaged,94,Proposed sample excludes items under the threshold with no stated reason.
FB-0119,T17,associate,fieldwork_and_testing,performance,performance,2,15,triaged,77,Run status stays on running after the steps have finished.
FB-0120,T10,methodology_reviewer,fieldwork_and_testing,navigation_and_findability,usability,2,14,duplicate,60,Filters on the fixed assets procedure list reset on every return.
FB-0121,T02,associate,fieldwork_and_testing,review_workflow,usability,3,16,triaged,67,A rejected draft conclusion step cannot be rerun on its own. The whole run restarts.
FB-0122,T06,associate,platform_foundation,checkpoint_placement,missing_capability,1,17,fixed,63,Checkpoint at matching interrupts a run that was going well.
FB-0123,T02,methodology_reviewer,fieldwork_and_testing,evidence_viewer,defect,2,18,triaged,67,Partial scans render blank instead of showing the readable part.
FB-0124,T14,associate,fieldwork_and_testing,checkpoint_placement,trust_and_explainability,2,17,triaged,88,A associate should be able to set where the checkpoint sits for the procedure.
FB-0125,T17,senior,fieldwork_and_testing,exception_handling,missing_capability,2,19,fixed,77,Cannot mark an exception as explained without leaving the procedure view.
FB-0126,T07,senior,planning_and_risk,field_structure_fit,methodology_question,4,9,triaged,53,Two field structures cover the same test with different required evidence.
FB-0127,T20,manager,fieldwork_and_testing,evidence_viewer,missing_capability,2,18,declined,88,The highlighted span in the payables invoice sits on the wrong line.
FB-0128,T16,manager,planning_and_risk,provenance_visibility,usability,3,20,fixed,97,Cannot tell which evidence item the agent used for the amount in the inventory draft.
FB-0129,T04,manager,fieldwork_and_testing,exception_handling,missing_capability,4,19,fixed,80,Exceptions from the cash run land in one list with no severity or owner.
FB-0130,T03,manager,platform_foundation,performance,performance,2,15,fixed,64,Opening the procedure list with filters applied takes several seconds.
FB-0131,T15,partner,fieldwork_and_testing,provenance_visibility,trust_and_explainability,3,20,triaged,72,Need to open the cited document from the conclusion without searching for it.
FB-0132,T14,senior,fieldwork_and_testing,terminology,usability,2,12,fixed,68,Field structure and template mean the same thing on two screens.
FB-0133,T05,associate,fieldwork_and_testing,performance,performance,3,15,declined,75,Large evidence files stall the viewer.
FB-0134,T19,manager,fieldwork_and_testing,provenance_visibility,usability,2,20,fixed,91,The evidence retrieval step shows a result but not the source it came from.
FB-0135,T05,associate,fieldwork_and_testing,performance,performance,4,15,fixed,81,Opening the procedure list with filters applied takes several seconds.
FB-0136,T20,methodology_reviewer,fieldwork_and_testing,review_workflow,missing_capability,2,16,triaged,62,Comments on a run are not shown on the inventory procedure.
FB-0137,T14,associate,platform_foundation,integration_with_workpapers,defect,2,8,fixed,51,Workpaper reference numbers do not carry into the revenue procedure.
FB-0138,T03,senior,fieldwork_and_testing,provenance_visibility,trust_and_explainability,3,20,duplicate,76,The draft conclusion step shows a result but not the source it came from.
FB-0139,T13,senior,fieldwork_and_testing,evidence_viewer,defect,1,18,declined,79,The highlighted span in the payables invoice sits on the wrong line.
FB-0140,T19,associate,fieldwork_and_testing,provenance_visibility,trust_and_explainability,3,20,fixed,97,Confidence number appears with no note on what it is based on.
FB-0141,T11,associate,fieldwork_and_testing,checkpoint_placement,usability,3,17,duplicate,63,The review stop comes after the draft is written. It should come before the agent matches cash items.
FB-0142,T01,manager,fieldwork_and_testing,provenance_visibility,missing_capability,4,20,triaged,66,Need to open the cited document from the conclusion without searching for it.
FB-0143,T05,associate,fieldwork_and_testing,checkpoint_placement,usability,2,17,declined,68,Checkpoint at matching interrupts a run that was going well.
FB-0144,T08,associate,fieldwork_and_testing,provenance_visibility,usability,3,20,triaged,72,The plan step shows a result but not the source it came from.
FB-0145,T12,manager,fieldwork_and_testing,exception_handling,defect,2,19,duplicate,76,Status of an exception does not change when the sample item is re-tested.
FB-0146,T09,senior,fieldwork_and_testing,review_workflow,defect,2,16,triaged,82,Edits to the draft conclusion are not visible as a diff to the next reviewer.
FB-0147,T12,associate,fieldwork_and_testing,exception_handling,defect,2,19,triaged,62,Exceptions from the fixed assets run land in one list with no severity or owner.
FB-0148,T09,associate,fieldwork_and_testing,evidence_viewer,usability,4,18,fixed,83,The highlighted span in the payables invoice sits on the wrong line.
FB-0149,T14,associate,planning_and_risk,training_and_onboarding,training,2,7,declined,79,Office hours answered a question the product should answer in place.
FB-0150,T07,senior,fieldwork_and_testing,integration_with_workpapers,missing_capability,2,8,triaged,71,Sign off in the platform is not reflected in the workpaper index.
FB-0151,T08,senior,fieldwork_and_testing,exception_handling,defect,3,19,fixed,66,An exception the agent flagged was a duplicate of one already under investigation.
FB-0152,T18,associate,fieldwork_and_testing,field_structure_fit,methodology_question,3,9,duplicate,63,Tolerance rule is fixed. Our methodology allows a range here.
FB-0153,T17,associate,platform_foundation,data_access_and_permissions,data_access,4,11,declined,68,An associate can see a restricted item that the manager cannot.
FB-0154,T15,associate,fieldwork_and_testing,checkpoint_placement,missing_capability,4,17,triaged,79,The review stop comes after the draft is written. It should come before the agent matches revenue items.
FB-0155,T15,senior,platform_foundation,checkpoint_placement,trust_and_explainability,3,17,fixed,62,Too many stops on low risk payables procedures. One stop before the conclusion would do.
FB-0156,T18,senior,fieldwork_and_testing,data_access_and_permissions,data_access,3,11,fixed,70,Prior year file items are not available to the senior who needs them.
FB-0157,T07,associate,fieldwork_and_testing,checkpoint_placement,trust_and_explainability,2,17,fixed,73,Too many stops on low risk fixed assets procedures. One stop before the conclusion would do.
FB-0158,T13,associate,planning_and_risk,sample_selection,methodology_question,4,10,fixed,66,Not clear how the agent proposed selection relates to the monetary unit method.
FB-0159,T03,manager,platform_foundation,performance,performance,4,15,triaged,73,The matching step on a cash procedure took long enough that the team moved to other work.
FB-0160,T19,manager,fieldwork_and_testing,provenance_visibility,trust_and_explainability,2,20,duplicate,68,Need to open the cited document from the conclusion without searching for it.
FB-0161,T14,senior,fieldwork_and_testing,review_workflow,usability,3,16,triaged,78,The manager approval and the sign off are two steps that feel like one.
FB-0162,T01,associate,planning_and_risk,review_workflow,usability,3,16,fixed,77,The manager approval and the sign off are two steps that feel like one.
FB-0163,T18,senior,fieldwork_and_testing,field_structure_fit,methodology_question,2,9,triaged,59,Two field structures cover the same test with different required evidence.
FB-0164,T02,associate,fieldwork_and_testing,exception_handling,usability,3,19,triaged,91,Exceptions from the revenue run land in one list with no severity or owner.
FB-0165,T02,data_lead,fieldwork_and_testing,exception_handling,usability,1,19,triaged,77,Status of an exception does not change when the sample item is re-tested.
FB-0166,T17,partner,fieldwork_and_testing,keyboard_and_accessibility,usability,2,5,fixed,68,Status is shown by color alone in the revenue procedure list.
FB-0167,T15,manager,platform_foundation,navigation_and_findability,usability,2,14,triaged,90,No saved views for the procedures a manager reviews each day.
FB-0168,T15,senior,planning_and_risk,field_structure_fit,missing_capability,2,9,fixed,44,Tolerance rule is fixed. Our methodology allows a range here.
FB-0169,T09,manager,fieldwork_and_testing,terminology,methodology_question,3,12,duplicate,82,Run state names are not the ones a manager uses in review.
FB-0170,T14,senior,fieldwork_and_testing,evidence_viewer,usability,3,18,triaged,42,Multi page documents open on page one every time. Open on the cited page.
FB-0171,T04,manager,platform_foundation,performance,performance,3,15,duplicate,53,Run status stays on running after the steps have finished.
FB-0172,T02,senior,planning_and_risk,exception_handling,defect,3,19,fixed,66,Cannot mark an exception as explained without leaving the procedure view.
FB-0173,T18,senior,fieldwork_and_testing,provenance_visibility,trust_and_explainability,3,20,fixed,78,The evidence retrieval step shows a result but not the source it came from.
FB-0174,T14,senior,fieldwork_and_testing,review_workflow,missing_capability,2,16,fixed,54,Comments on a run are not shown on the cash procedure.
FB-0175,T05,data_lead,fieldwork_and_testing,navigation_and_findability,usability,2,14,duplicate,47,Filters on the inventory procedure list reset on every return.
FB-0176,T06,manager,fieldwork_and_testing,checkpoint_placement,trust_and_explainability,4,17,fixed,84,Checkpoint at exception detection interrupts a run that was going well.
FB-0177,T07,associate,fieldwork_and_testing,exception_handling,methodology_question,2,19,fixed,59,Cannot mark an exception as explained without leaving the procedure view.
FB-0178,T16,associate,platform_foundation,integration_with_workpapers,defect,3,8,triaged,68,The conclusion export drops the evidence citations.
FB-0179,T16,associate,fieldwork_and_testing,performance,performance,2,15,fixed,69,Opening the procedure list with filters applied takes several seconds.
FB-0180,T09,manager,platform_foundation,navigation_and_findability,usability,2,14,triaged,57,Filters on the fixed assets procedure list reset on every return.
FB-0181,T17,methodology_reviewer,planning_and_risk,exception_handling,usability,2,19,fixed,54,Cannot mark an exception as explained without leaving the procedure view.
FB-0182,T02,partner,platform_foundation,training_and_onboarding,training,2,7,triaged,60,The practice engagement differs from the live one in field structures.
FB-0183,T16,manager,fieldwork_and_testing,evidence_viewer,missing_capability,1,18,duplicate,56,Zoom resets when switching between two evidence items.
FB-0184,T17,associate,fieldwork_and_testing,exception_handling,usability,3,19,triaged,67,An exception the agent flagged was a duplicate of one already under investigation.
FB-0185,T16,senior,platform_foundation,integration_with_workpapers,missing_capability,2,8,triaged,58,Workpaper reference numbers do not carry into the cash procedure.
FB-0186,T20,senior,fieldwork_and_testing,checkpoint_placement,usability,2,17,fixed,82,The review stop comes after the draft is written. It should come before the agent matches payables items.
FB-0187,T16,senior,fieldwork_and_testing,exception_handling,defect,2,19,triaged,61,Status of an exception does not change when the sample item is re-tested.
FB-0188,T14,manager,fieldwork_and_testing,review_workflow,usability,3,16,triaged,56,Edits to the draft conclusion are not visible as a diff to the next reviewer.
FB-0189,T05,senior,fieldwork_and_testing,training_and_onboarding,training,2,7,declined,68,First run needs a walkthrough. The team learned the extraction step by trial.
FB-0190,T13,senior,platform_foundation,terminology,usability,3,12,duplicate,61,Field structure and template mean the same thing on two screens.
FB-0191,T04,methodology_reviewer,platform_foundation,performance,performance,4,15,triaged,71,The exception detection step on a inventory procedure took long enough that the team moved to other work.
FB-0192,T11,data_lead,fieldwork_and_testing,checkpoint_placement,trust_and_explainability,3,17,declined,69,Checkpoint at draft conclusion interrupts a run that was going well.
FB-0193,T09,senior,planning_and_risk,checkpoint_placement,trust_and_explainability,1,17,fixed,53,Checkpoint at exception detection interrupts a run that was going well.
FB-0194,T08,senior,fieldwork_and_testing,exception_handling,methodology_question,3,19,triaged,68,Cannot mark an exception as explained without leaving the procedure view.
FB-0195,T09,senior,fieldwork_and_testing,checkpoint_placement,usability,2,17,fixed,73,The review stop comes after the draft is written. It should come before the agent matches fixed assets items.
FB-0196,T04,associate,fieldwork_and_testing,provenance_visibility,usability,1,20,triaged,79,Confidence number appears with no note on what it is based on.
FB-0197,T07,senior,fieldwork_and_testing,field_structure_fit,missing_capability,3,9,fixed,72,No way to mark a required field as not applicable for a small population.
FB-0198,T11,associate,fieldwork_and_testing,review_workflow,defect,2,16,fixed,70,Edits to the draft conclusion are not visible as a diff to the next reviewer.
FB-0199,T07,manager,fieldwork_and_testing,evidence_viewer,usability,3,18,triaged,42,The highlighted span in the payables invoice sits on the wrong line.
FB-0200,T20,associate,fieldwork_and_testing,review_workflow,usability,3,16,duplicate,69,Edits to the draft conclusion are not visible as a diff to the next reviewer.
FB-0201,T07,manager,platform_foundation,navigation_and_findability,usability,4,14,fixed,72,The path from an exception back to its sample item takes four clicks.
FB-0202,T17,data_lead,platform_foundation,data_access_and_permissions,data_access,3,11,fixed,72,An associate can see a restricted item that the manager cannot.
FB-0203,T16,manager,fieldwork_and_testing,integration_with_workpapers,missing_capability,4,8,declined,76,Sign off in the platform is not reflected in the workpaper index.
FB-0204,T09,senior,planning_and_risk,checkpoint_placement,trust_and_explainability,3,17,fixed,73,Checkpoint at matching interrupts a run that was going well.
FB-0205,T06,senior,platform_foundation,performance,performance,4,15,fixed,68,Run status stays on running after the steps have finished.
FB-0206,T10,senior,fieldwork_and_testing,exception_handling,usability,4,19,declined,83,Status of an exception does not change when the sample item is re-tested.
FB-0207,T14,associate,planning_and_risk,exception_handling,methodology_question,3,19,triaged,97,Status of an exception does not change when the sample item is re-tested.
FB-0208,T04,senior,fieldwork_and_testing,provenance_visibility,methodology_question,3,20,declined,42,The evidence retrieval step shows a result but not the source it came from.
FB-0209,T02,associate,fieldwork_and_testing,exception_handling,methodology_question,3,19,fixed,69,Exceptions from the revenue run land in one list with no severity or owner.
FB-0210,T13,senior,fieldwork_and_testing,provenance_visibility,usability,3,20,triaged,85,The evidence retrieval step shows a result but not the source it came from.
FB-0211,T06,senior,planning_and_risk,review_workflow,defect,3,16,fixed,52,Comments on a run are not shown on the cash procedure.
FB-0212,T19,associate,fieldwork_and_testing,review_workflow,missing_capability,3,16,declined,62,The manager approval and the sign off are two steps that feel like one.
FB-0213,T11,associate,fieldwork_and_testing,review_workflow,missing_capability,1,16,triaged,70,Edits to the draft conclusion are not visible as a diff to the next reviewer.
FB-0214,T01,associate,fieldwork_and_testing,exception_handling,usability,3,19,fixed,63,Status of an exception does not change when the sample item is re-tested.
FB-0215,T18,senior,platform_foundation,navigation_and_findability,missing_capability,4,14,fixed,59,The path from an exception back to its sample item takes four clicks.
FB-0216,T06,methodology_reviewer,platform_foundation,performance,performance,2,15,duplicate,62,Run status stays on running after the steps have finished.
FB-0217,T13,associate,planning_and_risk,sample_selection,methodology_question,3,10,triaged,84,Need to replace one proposed payables item with a judgmental pick and keep the rest.
FB-0218,T20,associate,fieldwork_and_testing,provenance_visibility,missing_capability,3,20,declined,64,The evidence retrieval step shows a result but not the source it came from.
FB-0219,T03,senior,platform_foundation,performance,performance,3,15,declined,72,Large evidence files stall the viewer.
FB-0220,T03,senior,fieldwork_and_testing,navigation_and_findability,usability,1,14,triaged,78,Cannot find the procedure again after closing the run timeline.
FB-0221,T06,associate,platform_foundation,performance,performance,3,15,fixed,76,Opening the procedure list with filters applied takes several seconds.
FB-0222,T10,senior,fieldwork_and_testing,exception_handling,missing_capability,2,19,triaged,73,Exceptions from the revenue run land in one list with no severity or owner.
FB-0223,T12,senior,fieldwork_and_testing,checkpoint_placement,trust_and_explainability,4,17,declined,68,Checkpoint at draft conclusion interrupts a run that was going well.
FB-0224,T09,associate,platform_foundation,integration_with_workpapers,usability,2,8,fixed,72,Need the exception list as a table in the workpaper file.
FB-0225,T09,senior,fieldwork_and_testing,provenance_visibility,trust_and_explainability,1,20,declined,79,Confidence number appears with no note on what it is based on.
FB-0226,T15,senior,planning_and_risk,navigation_and_findability,missing_capability,2,14,triaged,95,Cannot find the procedure again after closing the run timeline.
FB-0227,T12,manager,fieldwork_and_testing,exception_handling,methodology_question,3,19,fixed,81,Status of an exception does not change when the sample item is re-tested.
FB-0228,T08,associate,fieldwork_and_testing,evidence_viewer,usability,1,18,fixed,76,Multi page documents open on page one every time. Open on the cited page.
FB-0229,T08,manager,fieldwork_and_testing,exception_handling,usability,3,19,duplicate,54,Cannot mark an exception as explained without leaving the procedure view.
FB-0230,T11,manager,fieldwork_and_testing,exception_handling,usability,2,19,triaged,76,Exceptions from the fixed assets run land in one list with no severity or owner.
FB-0231,T08,associate,fieldwork_and_testing,performance,performance,3,15,fixed,70,The exception detection step on a cash procedure took long enough that the team moved to other work.
FB-0232,T02,methodology_reviewer,fieldwork_and_testing,checkpoint_placement,usability,4,17,duplicate,86,Checkpoint at evidence retrieval interrupts a run that was going well.
FB-0233,T17,senior,fieldwork_and_testing,review_workflow,defect,2,16,triaged,71,The manager approval and the sign off are two steps that feel like one.
FB-0234,T13,senior,fieldwork_and_testing,provenance_visibility,trust_and_explainability,2,20,duplicate,67,The draft conclusion step shows a result but not the source it came from.
FB-0235,T08,senior,platform_foundation,evidence_viewer,performance,4,18,triaged,97,Partial scans render blank instead of showing the readable part.
FB-0236,T09,associate,fieldwork_and_testing,exception_handling,usability,2,19,triaged,65,Status of an exception does not change when the sample item is re-tested.
FB-0237,T05,methodology_reviewer,fieldwork_and_testing,training_and_onboarding,training,1,7,triaged,66,The practice engagement differs from the live one in field structures.
FB-0238,T11,methodology_reviewer,fieldwork_and_testing,evidence_viewer,performance,3,18,triaged,53,Partial scans render blank instead of showing the readable part.
FB-0239,T08,methodology_reviewer,fieldwork_and_testing,provenance_visibility,trust_and_explainability,3,20,fixed,50,Confidence number appears with no note on what it is based on.
FB-0240,T09,associate,planning_and_risk,field_structure_fit,missing_capability,1,9,triaged,83,Tolerance rule is fixed. Our methodology allows a range here.
FB-0241,T17,senior,planning_and_risk,training_and_onboarding,training,1,7,duplicate,85,Office hours answered a question the product should answer in place.
FB-0242,T07,senior,planning_and_risk,review_workflow,defect,3,16,declined,59,Edits to the draft conclusion are not visible as a diff to the next reviewer.
FB-0243,T05,senior,fieldwork_and_testing,checkpoint_placement,trust_and_explainability,4,17,declined,83,Checkpoint at exception detection interrupts a run that was going well.
FB-0244,T06,manager,fieldwork_and_testing,integration_with_workpapers,usability,3,8,triaged,76,The conclusion export drops the evidence citations.
FB-0245,T14,manager,fieldwork_and_testing,evidence_viewer,performance,2,18,duplicate,42,The highlighted span in the revenue invoice sits on the wrong line.
FB-0246,T11,senior,fieldwork_and_testing,evidence_viewer,usability,1,18,triaged,69,The highlighted span in the cash invoice sits on the wrong line.
FB-0247,T07,senior,fieldwork_and_testing,review_workflow,missing_capability,4,16,fixed,84,Comments on a run are not shown on the inventory procedure.
FB-0248,T05,associate,fieldwork_and_testing,exception_handling,usability,4,19,fixed,61,Status of an exception does not change when the sample item is re-tested.
FB-0249,T05,senior,planning_and_risk,sample_selection,missing_capability,2,10,fixed,68,Sample size shown does not match the planned size in the procedure.
FB-0250,T17,associate,fieldwork_and_testing,integration_with_workpapers,usability,2,8,triaged,67,Need the exception list as a table in the workpaper file.
FB-0251,T15,associate,fieldwork_and_testing,data_access_and_permissions,data_access,2,11,fixed,80,Prior year file items are not available to the associate who needs them.
FB-0252,T01,senior,platform_foundation,data_access_and_permissions,data_access,4,11,fixed,80,An associate can see a restricted item that the manager cannot.
FB-0253,T01,senior,fieldwork_and_testing,provenance_visibility,trust_and_explainability,2,20,fixed,94,Cannot tell which evidence item the agent used for the amount in the revenue draft.
FB-0254,T12,associate,fieldwork_and_testing,review_workflow,missing_capability,2,16,fixed,62,Edits to the draft conclusion are not visible as a diff to the next reviewer.
FB-0255,T03,manager,fieldwork_and_testing,exception_handling,usability,4,19,fixed,69,Cannot mark an exception as explained without leaving the procedure view.
FB-0256,T01,data_lead,platform_foundation,keyboard_and_accessibility,usability,3,5,fixed,64,The run timeline cannot be operated without a pointer.
FB-0257,T07,manager,fieldwork_and_testing,provenance_visibility,trust_and_explainability,3,20,triaged,61,Confidence number appears with no note on what it is based on.
FB-0258,T18,manager,fieldwork_and_testing,navigation_and_findability,missing_capability,3,14,duplicate,89,Cannot find the procedure again after closing the run timeline.
FB-0259,T06,senior,platform_foundation,provenance_visibility,usability,2,20,fixed,82,Confidence number appears with no note on what it is based on.
FB-0260,T05,senior,platform_foundation,provenance_visibility,usability,3,20,triaged,95,The matching step shows a result but not the source it came from.
FB-0261,T06,senior,fieldwork_and_testing,field_structure_fit,missing_capability,3,9,fixed,76,Tolerance rule is fixed. Our methodology allows a range here.
FB-0262,T11,associate,planning_and_risk,provenance_visibility,trust_and_explainability,4,20,duplicate,58,Confidence number appears with no note on what it is based on.
FB-0263,T01,data_lead,platform_foundation,keyboard_and_accessibility,usability,3,5,fixed,69,Tab order skips the approve control on the checkpoint panel.
FB-0264,T09,senior,platform_foundation,integration_with_workpapers,usability,4,8,triaged,77,The conclusion export drops the evidence citations.
FB-0265,T18,associate,planning_and_risk,field_structure_fit,methodology_question,1,9,triaged,66,The inventory field structure asks for a field this population does not carry.
FB-0266,T02,senior,fieldwork_and_testing,exception_handling,methodology_question,3,19,declined,79,Exceptions from the inventory run land in one list with no severity or owner.
FB-0267,T15,partner,fieldwork_and_testing,integration_with_workpapers,defect,1,8,fixed,85,Need the exception list as a table in the workpaper file.
FB-0268,T06,manager,fieldwork_and_testing,sample_selection,methodology_question,1,10,duplicate,57,Not clear how the agent proposed selection relates to the monetary unit method.
FB-0269,T09,senior,fieldwork_and_testing,evidence_viewer,performance,3,18,fixed,67,Partial scans render blank instead of showing the readable part.
FB-0270,T01,senior,platform_foundation,performance,performance,4,15,fixed,62,Opening the procedure list with filters applied takes several seconds.
FB-0271,T15,senior,fieldwork_and_testing,evidence_viewer,defect,3,18,duplicate,55,Multi page documents open on page one every time. Open on the cited page.
FB-0272,T07,partner,fieldwork_and_testing,review_workflow,missing_capability,2,16,fixed,88,Comments on a run are not shown on the revenue procedure.
FB-0273,T07,manager,fieldwork_and_testing,integration_with_workpapers,missing_capability,2,8,declined,62,Sign off in the platform is not reflected in the workpaper index.
FB-0274,T16,senior,fieldwork_and_testing,provenance_visibility,usability,2,20,triaged,75,Need to open the cited document from the conclusion without searching for it.
FB-0275,T09,manager,platform_foundation,exception_handling,methodology_question,2,19,fixed,54,Exceptions from the cash run land in one list with no severity or owner.
FB-0276,T05,manager,fieldwork_and_testing,evidence_viewer,missing_capability,2,18,triaged,77,The highlighted span in the inventory invoice sits on the wrong line.
FB-0277,T07,manager,fieldwork_and_testing,evidence_viewer,defect,1,18,duplicate,72,Multi page documents open on page one every time. Open on the cited page.
FB-0278,T11,senior,fieldwork_and_testing,exception_handling,missing_capability,2,19,fixed,60,Cannot mark an exception as explained without leaving the procedure view.
FB-0279,T02,senior,platform_foundation,provenance_visibility,methodology_question,4,20,triaged,89,Confidence number appears with no note on what it is based on.
FB-0280,T04,senior,fieldwork_and_testing,review_workflow,usability,1,16,fixed,85,Edits to the draft conclusion are not visible as a diff to the next reviewer.
FB-0281,T10,senior,planning_and_risk,review_workflow,usability,3,16,fixed,73,The manager approval and the sign off are two steps that feel like one.
FB-0282,T15,associate,fieldwork_and_testing,integration_with_workpapers,defect,2,8,fixed,77,Workpaper reference numbers do not carry into the fixed assets procedure.
FB-0283,T07,partner,fieldwork_and_testing,evidence_viewer,defect,3,18,duplicate,71,Multi page documents open on page one every time. Open on the cited page.
FB-0284,T19,senior,fieldwork_and_testing,terminology,usability,2,12,triaged,78,The label on the draft conclusion step uses a word the methodology does not use.
FB-0285,T03,manager,planning_and_risk,checkpoint_placement,usability,2,17,duplicate,85,The review stop comes after the draft is written. It should come before the agent matches fixed assets items.
FB-0286,T12,senior,fieldwork_and_testing,provenance_visibility,trust_and_explainability,2,20,fixed,61,Confidence number appears with no note on what it is based on.
FB-0287,T15,associate,fieldwork_and_testing,evidence_viewer,performance,3,18,fixed,64,Zoom resets when switching between two evidence items.
FB-0288,T02,data_lead,fieldwork_and_testing,provenance_visibility,trust_and_explainability,3,20,fixed,60,Need to open the cited document from the conclusion without searching for it.
FB-0289,T03,senior,platform_foundation,performance,defect,2,15,fixed,74,The exception detection step on a payables procedure took long enough that the team moved to other work.
FB-0290,T07,associate,fieldwork_and_testing,navigation_and_findability,missing_capability,2,14,triaged,92,The path from an exception back to its sample item takes four clicks.
FB-0291,T03,senior,fieldwork_and_testing,navigation_and_findability,missing_capability,2,14,triaged,83,Filters on the fixed assets procedure list reset on every return.
FB-0292,T05,associate,platform_foundation,terminology,usability,2,12,declined,82,The label on the draft conclusion step uses a word the methodology does not use.
FB-0293,T09,senior,platform_foundation,integration_with_workpapers,missing_capability,2,8,fixed,67,The conclusion export drops the evidence citations.
FB-0294,T11,senior,fieldwork_and_testing,evidence_viewer,defect,3,18,fixed,80,Multi page documents open on page one every time. Open on the cited page.
FB-0295,T02,associate,planning_and_risk,field_structure_fit,usability,1,9,fixed,72,Tolerance rule is fixed. Our methodology allows a range here.
FB-0296,T17,manager,fieldwork_and_testing,provenance_visibility,trust_and_explainability,4,20,triaged,59,Cannot tell which evidence item the agent used for the amount in the inventory draft.
FB-0297,T15,methodology_reviewer,fieldwork_and_testing,checkpoint_placement,usability,3,17,triaged,70,Checkpoint at plan interrupts a run that was going well.
FB-0298,T14,senior,fieldwork_and_testing,integration_with_workpapers,usability,2,8,declined,67,The conclusion export drops the evidence citations.
FB-0299,T10,senior,planning_and_risk,sample_selection,methodology_question,3,10,fixed,65,Proposed sample excludes items under the threshold with no stated reason.
FB-0300,T13,partner,fieldwork_and_testing,provenance_visibility,trust_and_explainability,3,20,fixed,67,Need to open the cited document from the conclusion without searching for it.
FB-0301,T09,associate,platform_foundation,performance,performance,4,15,triaged,61,Opening the procedure list with filters applied takes several seconds.
FB-0302,T02,senior,fieldwork_and_testing,checkpoint_placement,usability,4,17,fixed,68,The review stop comes after the draft is written. It should come before the agent matches revenue items.
FB-0303,T09,associate,planning_and_risk,provenance_visibility,usability,1,20,triaged,68,Confidence number appears with no note on what it is based on.
FB-0304,T05,associate,fieldwork_and_testing,review_workflow,missing_capability,3,16,fixed,78,Comments on a run are not shown on the inventory procedure.
FB-0305,T01,associate,planning_and_risk,data_access_and_permissions,defect,4,11,triaged,54,Prior year file items are not available to the associate who needs them.
FB-0306,T12,data_lead,planning_and_risk,checkpoint_placement,missing_capability,1,17,triaged,68,Checkpoint at plan interrupts a run that was going well.
FB-0307,T01,manager,fieldwork_and_testing,review_workflow,methodology_question,1,16,triaged,85,The manager approval and the sign off are two steps that feel like one.
FB-0308,T16,senior,fieldwork_and_testing,evidence_viewer,defect,2,18,fixed,65,The highlighted span in the cash invoice sits on the wrong line.
FB-0309,T02,senior,fieldwork_and_testing,exception_handling,usability,2,19,declined,68,Exceptions from the fixed assets run land in one list with no severity or owner.
FB-0310,T16,senior,fieldwork_and_testing,provenance_visibility,trust_and_explainability,3,20,duplicate,78,Need to open the cited document from the conclusion without searching for it.
FB-0311,T11,manager,platform_foundation,terminology,usability,3,12,triaged,54,Run state names are not the ones a manager uses in review.
FB-0312,T15,senior,platform_foundation,navigation_and_findability,usability,2,14,fixed,61,Filters on the fixed assets procedure list reset on every return.
FB-0313,T15,associate,fieldwork_and_testing,evidence_viewer,defect,1,18,fixed,47,Multi page documents open on page one every time. Open on the cited page.
FB-0314,T09,manager,fieldwork_and_testing,field_structure_fit,missing_capability,2,9,triaged,67,The revenue field structure asks for a field this population does not carry.
FB-0315,T14,senior,platform_foundation,training_and_onboarding,training,1,7,triaged,60,Office hours answered a question the product should answer in place.
FB-0316,T08,data_lead,fieldwork_and_testing,review_workflow,missing_capability,4,16,fixed,72,Comments on a run are not shown on the cash procedure.
FB-0317,T17,associate,fieldwork_and_testing,training_and_onboarding,training,3,7,fixed,72,First run needs a walkthrough. The team learned the draft conclusion step by trial.
FB-0318,T11,manager,fieldwork_and_testing,exception_handling,usability,4,19,triaged,69,Status of an exception does not change when the sample item is re-tested.
FB-0319,T17,associate,fieldwork_and_testing,exception_handling,methodology_question,3,19,duplicate,93,Cannot mark an exception as explained without leaving the procedure view.
FB-0320,T06,senior,fieldwork_and_testing,review_workflow,usability,3,16,fixed,71,The manager approval and the sign off are two steps that feel like one.
FB-0321,T08,associate,planning_and_risk,field_structure_fit,methodology_question,2,9,triaged,69,The inventory field structure asks for a field this population does not carry.
FB-0322,T19,manager,fieldwork_and_testing,evidence_viewer,defect,2,18,declined,65,Zoom resets when switching between two evidence items.
FB-0323,T08,associate,fieldwork_and_testing,review_workflow,methodology_question,4,16,duplicate,64,A rejected draft conclusion step cannot be rerun on its own. The whole run restarts.
FB-0324,T01,associate,fieldwork_and_testing,exception_handling,defect,2,19,declined,77,Exceptions from the revenue run land in one list with no severity or owner.
FB-0325,T18,associate,planning_and_risk,exception_handling,missing_capability,3,19,fixed,66,Cannot mark an exception as explained without leaving the procedure view.
FB-0326,T18,methodology_reviewer,fieldwork_and_testing,provenance_visibility,usability,3,20,triaged,59,The matching step shows a result but not the source it came from.
FB-0327,T14,senior,fieldwork_and_testing,review_workflow,usability,3,16,triaged,52,A rejected matching step cannot be rerun on its own. The whole run restarts.
FB-0328,T14,manager,platform_foundation,evidence_viewer,usability,4,18,fixed,68,The highlighted span in the fixed assets invoice sits on the wrong line.
FB-0329,T16,associate,fieldwork_and_testing,exception_handling,defect,4,19,duplicate,89,Cannot mark an exception as explained without leaving the procedure view.
FB-0330,T05,senior,fieldwork_and_testing,checkpoint_placement,methodology_question,4,17,triaged,91,Too many stops on low risk cash procedures. One stop before the conclusion would do.
FB-0331,T14,data_lead,fieldwork_and_testing,provenance_visibility,trust_and_explainability,3,20,fixed,52,Need to open the cited document from the conclusion without searching for it.
FB-0332,T20,associate,platform_foundation,performance,defect,4,15,triaged,73,Opening the procedure list with filters applied takes several seconds.
FB-0333,T14,associate,fieldwork_and_testing,integration_with_workpapers,defect,2,8,fixed,73,Sign off in the platform is not reflected in the workpaper index.
FB-0334,T15,manager,planning_and_risk,field_structure_fit,missing_capability,2,9,fixed,60,The fixed assets field structure asks for a field this population does not carry.
FB-0335,T14,associate,fieldwork_and_testing,exception_handling,usability,3,19,declined,50,Cannot mark an exception as explained without leaving the procedure view.
FB-0336,T02,senior,planning_and_risk,provenance_visibility,missing_capability,2,20,duplicate,76,Need to open the cited document from the conclusion without searching for it.
FB-0337,T14,senior,fieldwork_and_testing,evidence_viewer,usability,3,18,triaged,70,Zoom resets when switching between two evidence items.
FB-0338,T13,senior,fieldwork_and_testing,exception_handling,methodology_question,3,19,duplicate,73,Cannot mark an exception as explained without leaving the procedure view.
FB-0339,T18,associate,platform_foundation,keyboard_and_accessibility,defect,4,5,triaged,56,The focus ring is not visible on the dark theme grid.
FB-0340,T17,associate,fieldwork_and_testing,exception_handling,missing_capability,3,19,declined,83,Cannot mark an exception as explained without leaving the procedure view.
FB-0341,T10,senior,fieldwork_and_testing,evidence_viewer,defect,2,18,triaged,81,Partial scans render blank instead of showing the readable part.
FB-0342,T18,associate,fieldwork_and_testing,checkpoint_placement,usability,2,17,fixed,55,A associate should be able to set where the checkpoint sits for the procedure.
FB-0343,T19,senior,planning_and_risk,terminology,usability,2,12,fixed,70,Severity scale labels differ between exceptions and feedback.
FB-0344,T11,senior,fieldwork_and_testing,terminology,methodology_question,3,12,triaged,53,Severity scale labels differ between exceptions and feedback.
FB-0345,T14,associate,platform_foundation,performance,performance,3,15,triaged,66,The evidence retrieval step on a inventory procedure took long enough that the team moved to other work.
FB-0346,T06,manager,platform_foundation,integration_with_workpapers,usability,4,8,fixed,74,Need the exception list as a table in the workpaper file.
FB-0347,T06,senior,fieldwork_and_testing,sample_selection,methodology_question,4,10,fixed,79,Not clear how the agent proposed selection relates to the monetary unit method.
FB-0348,T14,manager,fieldwork_and_testing,checkpoint_placement,usability,2,17,triaged,70,A manager should be able to set where the checkpoint sits for the procedure.
FB-0349,T09,manager,platform_foundation,navigation_and_findability,usability,3,14,fixed,56,Filters on the cash procedure list reset on every return.
FB-0350,T02,senior,platform_foundation,training_and_onboarding,training,1,7,triaged,79,Office hours answered a question the product should answer in place.
FB-0351,T19,senior,fieldwork_and_testing,checkpoint_placement,usability,4,17,triaged,56,Too many stops on low risk payables procedures. One stop before the conclusion would do.
FB-0352,T20,associate,fieldwork_and_testing,review_workflow,usability,2,16,duplicate,57,The manager approval and the sign off are two steps that feel like one.
FB-0353,T03,senior,platform_foundation,checkpoint_placement,methodology_question,3,17,fixed,62,A senior should be able to set where the checkpoint sits for the procedure.
FB-0354,T17,manager,fieldwork_and_testing,training_and_onboarding,training,2,7,fixed,80,First run needs a walkthrough. The team learned the draft conclusion step by trial.
FB-0355,T07,manager,planning_and_risk,provenance_visibility,usability,4,20,fixed,63,The extraction step shows a result but not the source it came from.
FB-0356,T06,manager,planning_and_risk,checkpoint_placement,trust_and_explainability,3,17,fixed,90,Checkpoint at plan interrupts a run that was going well.
FB-0357,T15,manager,planning_and_risk,checkpoint_placement,trust_and_explainability,2,17,triaged,71,A manager should be able to set where the checkpoint sits for the procedure.
FB-0358,T08,data_lead,platform_foundation,performance,performance,3,15,triaged,43,Run status stays on running after the steps have finished.
FB-0359,T12,partner,fieldwork_and_testing,exception_handling,defect,3,19,fixed,93,Cannot mark an exception as explained without leaving the procedure view.
FB-0360,T08,associate,platform_foundation,exception_handling,defect,2,19,declined,62,Cannot mark an exception as explained without leaving the procedure view.
FB-0361,T19,associate,fieldwork_and_testing,review_workflow,missing_capability,2,16,fixed,74,Comments on a run are not shown on the payables procedure.
FB-0362,T15,associate,platform_foundation,performance,defect,4,15,fixed,79,The extraction step on a inventory procedure took long enough that the team moved to other work.
FB-0363,T04,senior,platform_foundation,navigation_and_findability,usability,1,14,triaged,69,Filters on the payables procedure list reset on every return.
FB-0364,T07,senior,fieldwork_and_testing,exception_handling,defect,3,19,duplicate,63,Cannot mark an exception as explained without leaving the procedure view.
FB-0365,T09,associate,fieldwork_and_testing,integration_with_workpapers,missing_capability,1,8,fixed,65,Workpaper reference numbers do not carry into the payables procedure.
FB-0366,T11,senior,fieldwork_and_testing,provenance_visibility,trust_and_explainability,1,20,duplicate,63,Confidence number appears with no note on what it is based on.
FB-0367,T06,senior,planning_and_risk,navigation_and_findability,usability,1,14,fixed,60,The path from an exception back to its sample item takes four clicks.
FB-0368,T06,senior,planning_and_risk,field_structure_fit,usability,3,9,triaged,67,Tolerance rule is fixed. Our methodology allows a range here.
FB-0369,T09,partner,planning_and_risk,training_and_onboarding,training,2,7,fixed,81,First run needs a walkthrough. The team learned the draft conclusion step by trial.
FB-0370,T03,associate,planning_and_risk,review_workflow,missing_capability,4,16,declined,60,A rejected matching step cannot be rerun on its own. The whole run restarts.
FB-0371,T09,associate,fieldwork_and_testing,field_structure_fit,methodology_question,3,9,fixed,62,Tolerance rule is fixed. Our methodology allows a range here.
FB-0372,T18,manager,fieldwork_and_testing,field_structure_fit,methodology_question,1,9,triaged,78,No way to mark a required field as not applicable for a small population.
FB-0373,T19,senior,fieldwork_and_testing,review_workflow,defect,4,16,fixed,72,Comments on a run are not shown on the payables procedure.
FB-0374,T08,associate,fieldwork_and_testing,evidence_viewer,usability,3,18,triaged,46,Zoom resets when switching between two evidence items.
FB-0375,T03,senior,platform_foundation,navigation_and_findability,usability,2,14,triaged,64,Cannot find the procedure again after closing the run timeline.
FB-0376,T15,senior,fieldwork_and_testing,checkpoint_placement,trust_and_explainability,3,17,fixed,62,Too many stops on low risk payables procedures. One stop before the conclusion would do.
FB-0377,T13,senior,planning_and_risk,field_structure_fit,usability,2,9,declined,58,Two field structures cover the same test with different required evidence.
FB-0378,T05,senior,fieldwork_and_testing,review_workflow,missing_capability,3,16,triaged,73,Edits to the draft conclusion are not visible as a diff to the next reviewer.
FB-0379,T17,partner,platform_foundation,integration_with_workpapers,missing_capability,4,8,fixed,60,Workpaper reference numbers do not carry into the payables procedure.
FB-0380,T08,senior,fieldwork_and_testing,review_workflow,usability,2,16,duplicate,55,The manager approval and the sign off are two steps that feel like one.
FB-0381,T14,senior,fieldwork_and_testing,exception_handling,missing_capability,3,19,triaged,60,An exception the agent flagged was a duplicate of one already under investigation.
FB-0382,T02,senior,planning_and_risk,sample_selection,methodology_question,2,10,declined,77,Not clear how the agent proposed selection relates to the monetary unit method.
FB-0383,T07,associate,platform_foundation,navigation_and_findability,usability,2,14,fixed,60,Cannot find the procedure again after closing the run timeline.
FB-0384,T07,senior,fieldwork_and_testing,field_structure_fit,methodology_question,3,9,triaged,80,No way to mark a required field as not applicable for a small population.
FB-0385,T16,associate,fieldwork_and_testing,evidence_viewer,missing_capability,1,18,fixed,42,Partial scans render blank instead of showing the readable part.
FB-0386,T07,senior,planning_and_risk,checkpoint_placement,trust_and_explainability,2,17,fixed,75,The review stop comes after the draft is written. It should come before the agent matches inventory items.
FB-0387,T11,methodology_reviewer,planning_and_risk,review_workflow,usability,2,16,duplicate,71,A rejected draft conclusion step cannot be rerun on its own. The whole run restarts.
FB-0388,T18,manager,fieldwork_and_testing,performance,performance,3,15,fixed,78,Opening the procedure list with filters applied takes several seconds.
FB-0389,T10,manager,fieldwork_and_testing,exception_handling,methodology_question,2,19,triaged,74,Exceptions from the revenue run land in one list with no severity or owner.
FB-0390,T05,associate,fieldwork_and_testing,checkpoint_placement,usability,3,17,declined,94,Checkpoint at exception detection interrupts a run that was going well.
FB-0391,T13,associate,fieldwork_and_testing,checkpoint_placement,missing_capability,2,17,fixed,76,Checkpoint at exception detection interrupts a run that was going well.
FB-0392,T15,associate,fieldwork_and_testing,field_structure_fit,methodology_question,2,9,triaged,90,Two field structures cover the same test with different required evidence.
FB-0393,T15,associate,platform_foundation,data_access_and_permissions,data_access,3,11,fixed,83,An associate can see a restricted item that the manager cannot.
FB-0394,T04,senior,fieldwork_and_testing,performance,defect,4,15,fixed,78,Large evidence files stall the viewer.
FB-0395,T02,manager,fieldwork_and_testing,exception_handling,missing_capability,3,19,triaged,91,Exceptions from the payables run land in one list with no severity or owner.
FB-0396,T06,data_lead,platform_foundation,data_access_and_permissions,data_access,2,11,triaged,70,Prior year file items are not available to the data lead who needs them.
FB-0397,T20,senior,platform_foundation,navigation_and_findability,missing_capability,2,14,triaged,65,Cannot find the procedure again after closing the run timeline.
FB-0398,T06,associate,planning_and_risk,data_access_and_permissions,data_access,3,11,fixed,63,Prior year file items are not available to the associate who needs them.
FB-0399,T08,associate,fieldwork_and_testing,terminology,methodology_question,1,12,triaged,75,Run state names are not the ones a associate uses in review.
FB-0400,T05,senior,platform_foundation,terminology,methodology_question,2,12,fixed,76,Severity scale labels differ between exceptions and feedback.
FB-0401,T03,manager,platform_foundation,checkpoint_placement,missing_capability,3,17,fixed,59,The review stop comes after the draft is written. It should come before the agent matches revenue items.
FB-0402,T17,manager,fieldwork_and_testing,review_workflow,methodology_question,2,16,duplicate,94,The manager approval and the sign off are two steps that feel like one.
FB-0403,T09,senior,fieldwork_and_testing,evidence_viewer,defect,3,18,triaged,64,Partial scans render blank instead of showing the readable part.
FB-0404,T05,senior,fieldwork_and_testing,sample_selection,methodology_question,3,10,duplicate,65,Not clear how the agent proposed selection relates to the monetary unit method.
FB-0405,T20,senior,fieldwork_and_testing,provenance_visibility,trust_and_explainability,3,20,fixed,68,Need to open the cited document from the conclusion without searching for it.
FB-0406,T02,senior,fieldwork_and_testing,review_workflow,missing_capability,3,16,fixed,76,A rejected exception detection step cannot be rerun on its own. The whole run restarts.
FB-0407,T12,senior,platform_foundation,terminology,usability,3,12,triaged,64,Field structure and template mean the same thing on two screens.
FB-0408,T18,associate,platform_foundation,evidence_viewer,usability,1,18,fixed,70,Partial scans render blank instead of showing the readable part.
FB-0409,T11,associate,fieldwork_and_testing,exception_handling,missing_capability,2,19,triaged,69,Exceptions from the inventory run land in one list with no severity or owner.
FB-0410,T19,senior,platform_foundation,data_access_and_permissions,data_access,4,11,triaged,65,Restricted revenue evidence shows as retrieved before anyone approved the access.
FB-0411,T07,senior,planning_and_risk,field_structure_fit,methodology_question,3,9,duplicate,55,No way to mark a required field as not applicable for a small population.
FB-0412,T16,senior,fieldwork_and_testing,evidence_viewer,usability,3,18,triaged,59,Zoom resets when switching between two evidence items.
FB-0413,T19,associate,fieldwork_and_testing,exception_handling,usability,4,19,fixed,67,Exceptions from the fixed assets run land in one list with no severity or owner.
FB-0414,T12,manager,fieldwork_and_testing,terminology,usability,3,12,triaged,66,The label on the extraction step uses a word the methodology does not use.
FB-0415,T18,manager,fieldwork_and_testing,provenance_visibility,missing_capability,4,20,triaged,67,The extraction step shows a result but not the source it came from.
FB-0416,T12,associate,platform_foundation,training_and_onboarding,training,2,7,duplicate,65,The practice engagement differs from the live one in field structures.
FB-0417,T01,associate,fieldwork_and_testing,review_workflow,usability,2,16,fixed,80,Comments on a run are not shown on the revenue procedure.
FB-0418,T17,senior,fieldwork_and_testing,exception_handling,usability,3,19,declined,80,Cannot mark an exception as explained without leaving the procedure view.
FB-0419,T06,associate,fieldwork_and_testing,field_structure_fit,usability,1,9,duplicate,87,Tolerance rule is fixed. Our methodology allows a range here.
FB-0420,T17,associate,platform_foundation,review_workflow,usability,3,16,triaged,51,A rejected extraction step cannot be rerun on its own. The whole run restarts.
FB-0421,T05,senior,fieldwork_and_testing,navigation_and_findability,usability,2,14,fixed,52,Filters on the payables procedure list reset on every return.
FB-0422,T07,senior,planning_and_risk,field_structure_fit,missing_capability,2,9,duplicate,75,Two field structures cover the same test with different required evidence.
FB-0423,T10,associate,planning_and_risk,sample_selection,trust_and_explainability,3,10,fixed,77,Sample size shown does not match the planned size in the procedure.
FB-0424,T15,methodology_reviewer,platform_foundation,navigation_and_findability,usability,2,14,fixed,75,The path from an exception back to its sample item takes four clicks.
FB-0425,T17,manager,fieldwork_and_testing,evidence_viewer,usability,1,18,fixed,45,The highlighted span in the payables invoice sits on the wrong line.
FB-0426,T17,methodology_reviewer,platform_foundation,review_workflow,missing_capability,3,16,declined,57,A rejected plan step cannot be rerun on its own. The whole run restarts.
FB-0427,T14,associate,platform_foundation,provenance_visibility,trust_and_explainability,1,20,fixed,84,Cannot tell which evidence item the agent used for the amount in the fixed assets draft.
FB-0428,T20,senior,planning_and_risk,data_access_and_permissions,missing_capability,4,11,triaged,74,Restricted payables evidence shows as retrieved before anyone approved the access.
FB-0429,T12,senior,fieldwork_and_testing,checkpoint_placement,trust_and_explainability,4,17,declined,68,The review stop comes after the draft is written. It should come before the agent matches payables items.
FB-0430,T19,senior,fieldwork_and_testing,evidence_viewer,performance,3,18,triaged,42,Partial scans render blank instead of showing the readable part.
FB-0431,T07,associate,fieldwork_and_testing,provenance_visibility,missing_capability,1,20,triaged,77,The extraction step shows a result but not the source it came from.
FB-0432,T02,manager,fieldwork_and_testing,field_structure_fit,missing_capability,2,9,fixed,88,No way to mark a required field as not applicable for a small population.
FB-0433,T14,associate,fieldwork_and_testing,exception_handling,defect,3,19,triaged,48,Exceptions from the fixed assets run land in one list with no severity or owner.
FB-0434,T18,senior,fieldwork_and_testing,field_structure_fit,missing_capability,3,9,triaged,84,Two field structures cover the same test with different required evidence.
FB-0435,T06,associate,fieldwork_and_testing,checkpoint_placement,methodology_question,2,17,triaged,68,A associate should be able to set where the checkpoint sits for the procedure.
FB-0436,T17,associate,platform_foundation,performance,performance,3,15,fixed,59,Run status stays on running after the steps have finished.
FB-0437,T08,associate,platform_foundation,navigation_and_findability,usability,2,14,fixed,65,Filters on the payables procedure list reset on every return.
FB-0438,T11,associate,fieldwork_and_testing,checkpoint_placement,usability,3,17,triaged,82,The review stop comes after the draft is written. It should come before the agent matches revenue items.
FB-0439,T12,manager,fieldwork_and_testing,terminology,methodology_question,1,12,triaged,66,Severity scale labels differ between exceptions and feedback.
FB-0440,T04,associate,platform_foundation,performance,performance,2,15,declined,54,Run status stays on running after the steps have finished.
FB-0441,T18,data_lead,planning_and_risk,field_structure_fit,methodology_question,3,9,triaged,82,Tolerance rule is fixed. Our methodology allows a range here.
FB-0442,T07,manager,platform_foundation,integration_with_workpapers,usability,4,8,fixed,71,Need the exception list as a table in the workpaper file.
FB-0443,T09,associate,platform_foundation,navigation_and_findability,usability,3,14,fixed,94,The path from an exception back to its sample item takes four clicks.
FB-0444,T03,senior,platform_foundation,data_access_and_permissions,defect,3,11,triaged,87,Restricted revenue evidence shows as retrieved before anyone approved the access.
FB-0445,T19,associate,planning_and_risk,checkpoint_placement,methodology_question,3,17,triaged,79,Too many stops on low risk revenue procedures. One stop before the conclusion would do.
FB-0446,T14,manager,fieldwork_and_testing,training_and_onboarding,training,1,7,duplicate,70,Office hours answered a question the product should answer in place.
FB-0447,T06,methodology_reviewer,fieldwork_and_testing,integration_with_workpapers,missing_capability,2,8,fixed,87,Workpaper reference numbers do not carry into the inventory procedure.
FB-0448,T09,associate,fieldwork_and_testing,navigation_and_findability,usability,2,14,declined,93,The path from an exception back to its sample item takes four clicks.
FB-0449,T06,senior,planning_and_risk,sample_selection,missing_capability,3,10,triaged,60,Sample size shown does not match the planned size in the procedure.
FB-0450,T02,associate,fieldwork_and_testing,sample_selection,methodology_question,3,10,fixed,58,Not clear how the agent proposed selection relates to the monetary unit method.
FB-0451,T12,data_lead,fieldwork_and_testing,checkpoint_placement,missing_capability,2,17,duplicate,93,Checkpoint at evidence retrieval interrupts a run that was going well.
FB-0452,T06,senior,fieldwork_and_testing,exception_handling,usability,3,19,declined,72,Exceptions from the fixed assets run land in one list with no severity or owner.
FB-0453,T09,associate,fieldwork_and_testing,sample_selection,methodology_question,3,10,fixed,67,Not clear how the agent proposed selection relates to the monetary unit method.
FB-0454,T08,associate,fieldwork_and_testing,provenance_visibility,trust_and_explainability,2,20,triaged,77,The extraction step shows a result but not the source it came from.
FB-0455,T15,manager,fieldwork_and_testing,checkpoint_placement,trust_and_explainability,2,17,triaged,60,Checkpoint at extraction interrupts a run that was going well.
FB-0456,T08,senior,fieldwork_and_testing,provenance_visibility,usability,1,20,declined,74,Confidence number appears with no note on what it is based on.
FB-0457,T08,associate,fieldwork_and_testing,terminology,methodology_question,1,12,fixed,77,Severity scale labels differ between exceptions and feedback.
FB-0458,T04,data_lead,fieldwork_and_testing,provenance_visibility,trust_and_explainability,3,20,triaged,73,The evidence retrieval step shows a result but not the source it came from.
FB-0459,T11,associate,fieldwork_and_testing,review_workflow,usability,1,16,triaged,59,The manager approval and the sign off are two steps that feel like one.
FB-0460,T16,methodology_reviewer,planning_and_risk,provenance_visibility,missing_capability,2,20,triaged,63,Confidence number appears with no note on what it is based on.
FB-0461,T01,manager,fieldwork_and_testing,performance,performance,3,15,triaged,42,Run status stays on running after the steps have finished.
FB-0462,T01,senior,fieldwork_and_testing,exception_handling,usability,4,19,triaged,42,Cannot mark an exception as explained without leaving the procedure view.
FB-0463,T02,partner,fieldwork_and_testing,evidence_viewer,defect,2,18,fixed,72,Multi page documents open on page one every time. Open on the cited page.
FB-0464,T07,associate,planning_and_risk,field_structure_fit,usability,3,9,fixed,88,The fixed assets field structure asks for a field this population does not carry.
FB-0465,T13,senior,fieldwork_and_testing,exception_handling,missing_capability,4,19,fixed,71,Status of an exception does not change when the sample item is re-tested.
FB-0466,T15,associate,platform_foundation,evidence_viewer,usability,1,18,fixed,75,Zoom resets when switching between two evidence items.
FB-0467,T07,senior,planning_and_risk,terminology,usability,3,12,duplicate,61,Severity scale labels differ between exceptions and feedback.
FB-0468,T03,associate,fieldwork_and_testing,navigation_and_findability,usability,3,14,fixed,89,No saved views for the procedures a associate reviews each day.
FB-0469,T17,manager,fieldwork_and_testing,evidence_viewer,missing_capability,2,18,fixed,63,The highlighted span in the inventory invoice sits on the wrong line.
FB-0470,T20,senior,fieldwork_and_testing,provenance_visibility,trust_and_explainability,1,20,fixed,58,The plan step shows a result but not the source it came from.
FB-0471,T02,manager,planning_and_risk,field_structure_fit,missing_capability,3,9,fixed,68,Tolerance rule is fixed. Our methodology allows a range here.
FB-0472,T12,associate,fieldwork_and_testing,provenance_visibility,trust_and_explainability,2,20,declined,69,Confidence number appears with no note on what it is based on.
FB-0473,T15,methodology_reviewer,fieldwork_and_testing,exception_handling,methodology_question,2,19,triaged,79,An exception the agent flagged was a duplicate of one already under investigation.
FB-0474,T06,associate,fieldwork_and_testing,evidence_viewer,usability,2,18,fixed,58,Zoom resets when switching between two evidence items.
FB-0475,T02,senior,platform_foundation,training_and_onboarding,usability,1,7,triaged,80,Office hours answered a question the product should answer in place.
FB-0476,T17,associate,platform_foundation,keyboard_and_accessibility,usability,3,5,triaged,50,The focus ring is not visible on the dark theme grid.
FB-0477,T02,associate,platform_foundation,keyboard_and_accessibility,usability,2,5,fixed,58,The focus ring is not visible on the dark theme grid.
FB-0478,T03,associate,fieldwork_and_testing,exception_handling,missing_capability,2,19,duplicate,90,Cannot mark an exception as explained without leaving the procedure view.
FB-0479,T09,associate,fieldwork_and_testing,terminology,training,2,12,triaged,57,Run state names are not the ones a associate uses in review.
FB-0480,T02,manager,platform_foundation,training_and_onboarding,training,2,7,duplicate,84,No short guide for a manager on what to check at a checkpoint.
FB-0481,T01,senior,planning_and_risk,terminology,methodology_question,1,12,declined,71,The label on the exception detection step uses a word the methodology does not use.
FB-0482,T05,associate,platform_foundation,performance,defect,2,15,fixed,64,Opening the procedure list with filters applied takes several seconds.
FB-0483,T10,associate,fieldwork_and_testing,integration_with_workpapers,missing_capability,2,8,triaged,74,Need the exception list as a table in the workpaper file.
FB-0484,T12,associate,platform_foundation,provenance_visibility,missing_capability,2,20,fixed,51,The exception detection step shows a result but not the source it came from.
FB-0485,T01,manager,fieldwork_and_testing,evidence_viewer,defect,2,18,fixed,71,Partial scans render blank instead of showing the readable part.
FB-0486,T09,senior,fieldwork_and_testing,checkpoint_placement,methodology_question,2,17,fixed,83,Checkpoint at matching interrupts a run that was going well.
FB-0487,T08,associate,fieldwork_and_testing,provenance_visibility,missing_capability,3,20,triaged,48,Need to open the cited document from the conclusion without searching for it.
FB-0488,T20,associate,platform_foundation,data_access_and_permissions,data_access,2,11,triaged,60,Restricted revenue evidence shows as retrieved before anyone approved the access.
FB-0489,T16,senior,fieldwork_and_testing,evidence_viewer,usability,2,18,declined,65,Zoom resets when switching between two evidence items.
FB-0490,T12,senior,fieldwork_and_testing,review_workflow,methodology_question,2,16,fixed,72,A rejected matching step cannot be rerun on its own. The whole run restarts.
FB-0491,T07,senior,fieldwork_and_testing,integration_with_workpapers,missing_capability,3,8,fixed,77,Need the exception list as a table in the workpaper file.
FB-0492,T10,methodology_reviewer,planning_and_risk,sample_selection,methodology_question,3,10,triaged,65,Proposed sample excludes items under the threshold with no stated reason.
FB-0493,T19,associate,fieldwork_and_testing,checkpoint_placement,usability,3,17,triaged,53,Checkpoint at exception detection interrupts a run that was going well.
FB-0494,T09,associate,fieldwork_and_testing,field_structure_fit,missing_capability,2,9,fixed,53,No way to mark a required field as not applicable for a small population.
FB-0495,T16,senior,platform_foundation,performance,performance,3,15,fixed,75,Opening the procedure list with filters applied takes several seconds.
FB-0496,T06,senior,fieldwork_and_testing,navigation_and_findability,missing_capability,2,14,triaged,71,Filters on the fixed assets procedure list reset on every return.
FB-0497,T19,senior,fieldwork_and_testing,checkpoint_placement,trust_and_explainability,2,17,declined,83,Too many stops on low risk inventory procedures. One stop before the conclusion would do.
FB-0498,T15,associate,fieldwork_and_testing,data_access_and_permissions,data_access,3,11,fixed,75,Restricted inventory evidence shows as retrieved before anyone approved the access.
FB-0499,T03,senior,platform_foundation,terminology,methodology_question,1,12,triaged,62,Severity scale labels differ between exceptions and feedback.
FB-0500,T11,associate,fieldwork_and_testing,evidence_viewer,usability,1,18,triaged,75,Partial scans render blank instead of showing the readable part.
FB-0501,T17,senior,fieldwork_and_testing,integration_with_workpapers,defect,4,8,triaged,77,Sign off in the platform is not reflected in the workpaper index.
FB-0502,T03,data_lead,platform_foundation,performance,performance,2,15,triaged,77,The matching step on a cash procedure took long enough that the team moved to other work.
FB-0503,T04,associate,fieldwork_and_testing,checkpoint_placement,usability,4,17,triaged,86,A associate should be able to set where the checkpoint sits for the procedure.
FB-0504,T17,manager,platform_foundation,provenance_visibility,missing_capability,4,20,declined,67,The draft conclusion step shows a result but not the source it came from.
FB-0505,T19,associate,fieldwork_and_testing,terminology,training,2,12,fixed,89,Run state names are not the ones a associate uses in review.
FB-0506,T05,senior,planning_and_risk,sample_selection,missing_capability,2,10,fixed,53,Sample size shown does not match the planned size in the procedure.
FB-0507,T07,senior,platform_foundation,integration_with_workpapers,missing_capability,2,8,fixed,80,Need the exception list as a table in the workpaper file.
FB-0508,T06,manager,fieldwork_and_testing,exception_handling,methodology_question,4,19,triaged,78,Status of an exception does not change when the sample item is re-tested.
FB-0509,T18,manager,planning_and_risk,field_structure_fit,missing_capability,4,9,triaged,65,Tolerance rule is fixed. Our methodology allows a range here.
FB-0510,T04,associate,platform_foundation,provenance_visibility,missing_capability,2,20,triaged,86,The plan step shows a result but not the source it came from.
FB-0511,T08,senior,fieldwork_and_testing,review_workflow,missing_capability,1,16,triaged,73,A rejected plan step cannot be rerun on its own. The whole run restarts.
FB-0512,T08,associate,fieldwork_and_testing,provenance_visibility,missing_capability,2,20,triaged,67,Need to open the cited document from the conclusion without searching for it.
FB-0513,T07,data_lead,fieldwork_and_testing,checkpoint_placement,usability,2,17,triaged,70,A data lead should be able to set where the checkpoint sits for the procedure.
FB-0514,T03,senior,fieldwork_and_testing,checkpoint_placement,usability,3,17,duplicate,49,Checkpoint at matching interrupts a run that was going well.
FB-0515,T12,associate,platform_foundation,evidence_viewer,usability,2,18,fixed,83,Partial scans render blank instead of showing the readable part.
FB-0516,T06,manager,fieldwork_and_testing,exception_handling,defect,3,19,fixed,75,Cannot mark an exception as explained without leaving the procedure view.
FB-0517,T20,manager,platform_foundation,data_access_and_permissions,data_access,4,11,fixed,62,Permission error message names an internal code and nothing else.
FB-0518,T05,associate,platform_foundation,training_and_onboarding,usability,3,7,duplicate,68,First run needs a walkthrough. The team learned the extraction step by trial.
FB-0519,T02,manager,platform_foundation,training_and_onboarding,usability,2,7,triaged,64,No short guide for a manager on what to check at a checkpoint.
FB-0520,T05,data_lead,planning_and_risk,provenance_visibility,usability,3,20,triaged,63,Need to open the cited document from the conclusion without searching for it.
FB-0521,T16,methodology_reviewer,fieldwork_and_testing,provenance_visibility,usability,4,20,fixed,93,Cannot tell which evidence item the agent used for the amount in the payables draft.
FB-0522,T15,associate,platform_foundation,performance,defect,1,15,fixed,61,Opening the procedure list with filters applied takes several seconds.
FB-0523,T02,senior,fieldwork_and_testing,provenance_visibility,trust_and_explainability,2,20,duplicate,47,Need to open the cited document from the conclusion without searching for it.
FB-0524,T07,associate,platform_foundation,integration_with_workpapers,usability,2,8,triaged,57,Sign off in the platform is not reflected in the workpaper index.
FB-0525,T15,manager,platform_foundation,integration_with_workpapers,missing_capability,2,8,fixed,62,Need the exception list as a table in the workpaper file.
FB-0526,T20,partner,platform_foundation,performance,performance,2,15,fixed,65,Large evidence files stall the viewer.
FB-0527,T15,senior,fieldwork_and_testing,exception_handling,usability,4,19,duplicate,45,An exception the agent flagged was a duplicate of one already under investigation.
FB-0528,T03,senior,platform_foundation,checkpoint_placement,missing_capability,3,17,duplicate,75,A senior should be able to set where the checkpoint sits for the procedure.
FB-0529,T02,associate,fieldwork_and_testing,review_workflow,defect,2,16,duplicate,81,A rejected evidence retrieval step cannot be rerun on its own. The whole run restarts.
FB-0530,T12,senior,platform_foundation,provenance_visibility,missing_capability,3,20,declined,81,Cannot tell which evidence item the agent used for the amount in the fixed assets draft.
FB-0531,T14,methodology_reviewer,fieldwork_and_testing,exception_handling,defect,3,19,fixed,64,An exception the agent flagged was a duplicate of one already under investigation.
FB-0532,T04,associate,fieldwork_and_testing,provenance_visibility,methodology_question,3,20,triaged,70,The plan step shows a result but not the source it came from.
FB-0533,T07,senior,fieldwork_and_testing,evidence_viewer,usability,2,18,fixed,64,The highlighted span in the fixed assets invoice sits on the wrong line.
FB-0534,T10,associate,fieldwork_and_testing,exception_handling,usability,3,19,duplicate,84,Exceptions from the inventory run land in one list with no severity or owner.
FB-0535,T15,associate,fieldwork_and_testing,checkpoint_placement,usability,2,17,duplicate,72,Checkpoint at exception detection interrupts a run that was going well.
FB-0536,T17,senior,platform_foundation,training_and_onboarding,training,1,7,triaged,53,Office hours answered a question the product should answer in place.
FB-0537,T15,senior,fieldwork_and_testing,checkpoint_placement,usability,3,17,triaged,76,The review stop comes after the draft is written. It should come before the agent matches cash items.
FB-0538,T02,partner,platform_foundation,training_and_onboarding,training,4,7,fixed,72,No short guide for a partner on what to check at a checkpoint.
FB-0539,T07,associate,platform_foundation,provenance_visibility,trust_and_explainability,2,20,fixed,59,The exception detection step shows a result but not the source it came from.
FB-0540,T09,manager,platform_foundation,integration_with_workpapers,missing_capability,1,8,fixed,74,Workpaper reference numbers do not carry into the fixed assets procedure.
FB-0541,T10,manager,planning_and_risk,sample_selection,methodology_question,1,10,triaged,48,Need to replace one proposed cash item with a judgmental pick and keep the rest.
FB-0542,T19,senior,fieldwork_and_testing,exception_handling,defect,3,19,duplicate,62,Exceptions from the payables run land in one list with no severity or owner.
FB-0543,T01,senior,platform_foundation,evidence_viewer,usability,3,18,triaged,56,The highlighted span in the revenue invoice sits on the wrong line.
FB-0544,T03,senior,fieldwork_and_testing,provenance_visibility,missing_capability,1,20,duplicate,65,Need to open the cited document from the conclusion without searching for it.
FB-0545,T20,associate,fieldwork_and_testing,data_access_and_permissions,data_access,3,11,declined,70,Prior year file items are not available to the associate who needs them.
FB-0546,T04,senior,fieldwork_and_testing,exception_handling,defect,3,19,duplicate,97,Exceptions from the revenue run land in one list with no severity or owner.
FB-0547,T14,associate,platform_foundation,performance,defect,2,15,duplicate,67,Opening the procedure list with filters applied takes several seconds.
FB-0548,T07,manager,fieldwork_and_testing,performance,performance,2,15,triaged,63,Large evidence files stall the viewer.
FB-0549,T01,senior,platform_foundation,terminology,methodology_question,2,12,triaged,57,The label on the extraction step uses a word the methodology does not use.
FB-0550,T13,senior,planning_and_risk,sample_selection,methodology_question,1,10,fixed,85,Proposed sample excludes items under the threshold with no stated reason.
FB-0551,T16,senior,fieldwork_and_testing,exception_handling,defect,3,19,fixed,88,Exceptions from the revenue run land in one list with no severity or owner.
FB-0552,T09,senior,fieldwork_and_testing,review_workflow,usability,1,16,fixed,72,Edits to the draft conclusion are not visible as a diff to the next reviewer.
FB-0553,T13,associate,platform_foundation,navigation_and_findability,defect,2,14,triaged,71,No saved views for the procedures a associate reviews each day.
FB-0554,T10,associate,platform_foundation,evidence_viewer,usability,2,18,triaged,86,The highlighted span in the payables invoice sits on the wrong line.
FB-0555,T19,senior,fieldwork_and_testing,exception_handling,missing_capability,2,19,fixed,61,Status of an exception does not change when the sample item is re-tested.
FB-0556,T01,data_lead,planning_and_risk,sample_selection,trust_and_explainability,3,10,fixed,76,Proposed sample excludes items under the threshold with no stated reason.
FB-0557,T09,senior,planning_and_risk,training_and_onboarding,usability,1,7,fixed,74,First run needs a walkthrough. The team learned the plan step by trial.
FB-0558,T18,manager,fieldwork_and_testing,field_structure_fit,methodology_question,2,9,fixed,58,No way to mark a required field as not applicable for a small population.
FB-0559,T08,associate,fieldwork_and_testing,review_workflow,usability,2,16,duplicate,42,A rejected evidence retrieval step cannot be rerun on its own. The whole run restarts.
FB-0560,T20,associate,fieldwork_and_testing,provenance_visibility,missing_capability,2,20,triaged,64,The exception detection step shows a result but not the source it came from.
FB-0561,T09,manager,fieldwork_and_testing,checkpoint_placement,usability,3,17,fixed,51,A manager should be able to set where the checkpoint sits for the procedure.
FB-0562,T12,methodology_reviewer,platform_foundation,training_and_onboarding,training,2,7,declined,58,Office hours answered a question the product should answer in place.
FB-0563,T06,associate,platform_foundation,performance,performance,2,15,triaged,62,Run status stays on running after the steps have finished.
FB-0564,T02,associate,planning_and_risk,field_structure_fit,methodology_question,3,9,fixed,82,Tolerance rule is fixed. Our methodology allows a range here.
FB-0565,T17,senior,fieldwork_and_testing,exception_handling,usability,3,19,triaged,49,Cannot mark an exception as explained without leaving the procedure view.
FB-0566,T05,manager,fieldwork_and_testing,terminology,usability,2,12,duplicate,81,Field structure and template mean the same thing on two screens.
FB-0567,T18,manager,planning_and_risk,sample_selection,trust_and_explainability,4,10,duplicate,52,Proposed sample excludes items under the threshold with no stated reason.
FB-0568,T04,manager,fieldwork_and_testing,review_workflow,defect,3,16,triaged,75,Edits to the draft conclusion are not visible as a diff to the next reviewer.
FB-0569,T13,manager,fieldwork_and_testing,checkpoint_placement,methodology_question,3,17,fixed,54,Too many stops on low risk revenue procedures. One stop before the conclusion would do.
FB-0570,T01,manager,planning_and_risk,sample_selection,methodology_question,2,10,fixed,78,Sample size shown does not match the planned size in the procedure.
FB-0571,T08,associate,planning_and_risk,field_structure_fit,methodology_question,2,9,triaged,85,No way to mark a required field as not applicable for a small population.
FB-0572,T19,senior,fieldwork_and_testing,exception_handling,defect,2,19,duplicate,69,Exceptions from the fixed assets run land in one list with no severity or owner.
FB-0573,T08,associate,platform_foundation,navigation_and_findability,usability,2,14,triaged,81,Filters on the inventory procedure list reset on every return.
FB-0574,T20,senior,platform_foundation,navigation_and_findability,missing_capability,1,14,triaged,75,The path from an exception back to its sample item takes four clicks.
FB-0575,T12,associate,fieldwork_and_testing,provenance_visibility,usability,2,20,triaged,59,Cannot tell which evidence item the agent used for the amount in the payables draft.
FB-0576,T04,associate,fieldwork_and_testing,checkpoint_placement,usability,4,17,duplicate,79,The review stop comes after the draft is written. It should come before the agent matches cash items.
FB-0577,T18,senior,planning_and_risk,checkpoint_placement,usability,2,17,fixed,57,The review stop comes after the draft is written. It should come before the agent matches revenue items.
FB-0578,T14,associate,fieldwork_and_testing,integration_with_workpapers,defect,2,8,triaged,88,The conclusion export drops the evidence citations.
FB-0579,T09,associate,fieldwork_and_testing,exception_handling,missing_capability,2,19,fixed,64,An exception the agent flagged was a duplicate of one already under investigation.
FB-0580,T01,manager,fieldwork_and_testing,exception_handling,defect,2,19,fixed,76,Exceptions from the inventory run land in one list with no severity or owner.
FB-0581,T17,manager,platform_foundation,keyboard_and_accessibility,defect,4,5,triaged,64,Status is shown by color alone in the payables procedure list.
FB-0582,T12,senior,fieldwork_and_testing,provenance_visibility,trust_and_explainability,2,20,duplicate,67,Need to open the cited document from the conclusion without searching for it.
FB-0583,T15,associate,fieldwork_and_testing,checkpoint_placement,trust_and_explainability,2,17,triaged,63,Too many stops on low risk inventory procedures. One stop before the conclusion would do.
FB-0584,T07,associate,fieldwork_and_testing,review_workflow,missing_capability,2,16,triaged,68,The manager approval and the sign off are two steps that feel like one.
FB-0585,T02,associate,fieldwork_and_testing,checkpoint_placement,usability,2,17,fixed,68,The review stop comes after the draft is written. It should come before the agent matches revenue items.
FB-0586,T02,associate,planning_and_risk,checkpoint_placement,missing_capability,4,17,fixed,82,The review stop comes after the draft is written. It should come before the agent matches fixed assets items.
FB-0587,T13,senior,planning_and_risk,field_structure_fit,usability,3,9,fixed,86,No way to mark a required field as not applicable for a small population.
FB-0588,T04,manager,platform_foundation,performance,performance,2,15,triaged,66,Large evidence files stall the viewer.
FB-0589,T15,senior,fieldwork_and_testing,checkpoint_placement,usability,3,17,triaged,42,Too many stops on low risk revenue procedures. One stop before the conclusion would do.
FB-0590,T14,senior,platform_foundation,terminology,methodology_question,2,12,triaged,71,Severity scale labels differ between exceptions and feedback.
FB-0591,T17,senior,fieldwork_and_testing,exception_handling,missing_capability,1,19,triaged,46,Status of an exception does not change when the sample item is re-tested.
FB-0592,T18,senior,fieldwork_and_testing,exception_handling,usability,1,19,triaged,72,Exceptions from the cash run land in one list with no severity or owner.
FB-0593,T18,senior,platform_foundation,data_access_and_permissions,data_access,4,11,fixed,75,Permission error message names an internal code and nothing else.
FB-0594,T10,associate,fieldwork_and_testing,review_workflow,usability,3,16,triaged,57,Comments on a run are not shown on the revenue procedure.
FB-0595,T02,senior,fieldwork_and_testing,navigation_and_findability,defect,1,14,duplicate,78,No saved views for the procedures a senior reviews each day.
FB-0596,T11,senior,platform_foundation,evidence_viewer,defect,3,18,declined,90,Multi page documents open on page one every time. Open on the cited page.
FB-0597,T02,associate,planning_and_risk,data_access_and_permissions,data_access,3,11,triaged,57,An associate can see a restricted item that the manager cannot.
FB-0598,T14,manager,planning_and_risk,training_and_onboarding,training,2,7,duplicate,53,The practice engagement differs from the live one in field structures.
FB-0599,T11,senior,fieldwork_and_testing,review_workflow,missing_capability,3,16,declined,81,Edits to the draft conclusion are not visible as a diff to the next reviewer.
FB-0600,T18,senior,planning_and_risk,provenance_visibility,trust_and_explainability,4,20,fixed,75,Cannot tell which evidence item the agent used for the amount in the fixed assets draft.
FB-0601,T17,senior,fieldwork_and_testing,performance,performance,2,15,triaged,69,Run status stays on running after the steps have finished.
FB-0602,T03,associate,platform_foundation,navigation_and_findability,usability,1,14,fixed,50,Cannot find the procedure again after closing the run timeline.
FB-0603,T10,associate,fieldwork_and_testing,review_workflow,usability,3,16,fixed,64,The manager approval and the sign off are two steps that feel like one.
FB-0604,T08,associate,planning_and_risk,data_access_and_permissions,data_access,3,11,triaged,58,Restricted fixed assets evidence shows as retrieved before anyone approved the access.
FB-0605,T15,associate,fieldwork_and_testing,evidence_viewer,defect,2,18,fixed,52,Partial scans render blank instead of showing the readable part.
FB-0606,T12,senior,fieldwork_and_testing,exception_handling,defect,3,19,duplicate,79,Exceptions from the fixed assets run land in one list with no severity or owner.
FB-0607,T13,associate,fieldwork_and_testing,evidence_viewer,usability,2,18,declined,66,The highlighted span in the payables invoice sits on the wrong line.
FB-0608,T12,manager,fieldwork_and_testing,evidence_viewer,missing_capability,3,18,fixed,59,Zoom resets when switching between two evidence items.
FB-0609,T16,associate,platform_foundation,navigation_and_findability,usability,3,14,duplicate,73,Filters on the revenue procedure list reset on every return.
FB-0610,T17,senior,fieldwork_and_testing,provenance_visibility,trust_and_explainability,2,20,fixed,66,Cannot tell which evidence item the agent used for the amount in the revenue draft.
FB-0611,T07,manager,fieldwork_and_testing,checkpoint_placement,methodology_question,1,17,fixed,51,A manager should be able to set where the checkpoint sits for the procedure.
FB-0612,T18,associate,planning_and_risk,provenance_visibility,trust_and_explainability,2,20,fixed,43,The matching step shows a result but not the source it came from.
FB-0613,T14,associate,planning_and_risk,checkpoint_placement,methodology_question,2,17,triaged,66,Checkpoint at exception detection interrupts a run that was going well.
FB-0614,T13,associate,fieldwork_and_testing,checkpoint_placement,trust_and_explainability,2,17,triaged,81,The review stop comes after the draft is written. It should come before the agent matches revenue items.
FB-0615,T01,senior,fieldwork_and_testing,exception_handling,usability,3,19,fixed,78,An exception the agent flagged was a duplicate of one already under investigation.
FB-0616,T09,manager,platform_foundation,performance,performance,3,15,duplicate,67,Opening the procedure list with filters applied takes several seconds.
FB-0617,T17,partner,fieldwork_and_testing,provenance_visibility,trust_and_explainability,3,20,triaged,74,The draft conclusion step shows a result but not the source it came from.
FB-0618,T03,manager,fieldwork_and_testing,data_access_and_permissions,defect,3,11,triaged,85,Permission error message names an internal code and nothing else.
FB-0619,T09,manager,platform_foundation,data_access_and_permissions,data_access,4,11,fixed,97,An associate can see a restricted item that the manager cannot.
FB-0620,T06,associate,platform_foundation,navigation_and_findability,defect,3,14,fixed,66,No saved views for the procedures a associate reviews each day.
FB-0621,T10,senior,fieldwork_and_testing,checkpoint_placement,methodology_question,2,17,declined,80,Too many stops on low risk inventory procedures. One stop before the conclusion would do.
FB-0622,T01,methodology_reviewer,planning_and_risk,sample_selection,usability,1,10,fixed,65,Sample size shown does not match the planned size in the procedure.
FB-0623,T03,associate,fieldwork_and_testing,checkpoint_placement,usability,4,17,fixed,74,Checkpoint at evidence retrieval interrupts a run that was going well.
FB-0624,T08,manager,fieldwork_and_testing,evidence_viewer,defect,3,18,duplicate,48,Multi page documents open on page one every time. Open on the cited page.
FB-0625,T06,associate,fieldwork_and_testing,checkpoint_placement,trust_and_explainability,3,17,fixed,79,Too many stops on low risk cash procedures. One stop before the conclusion would do.
FB-0626,T18,senior,planning_and_risk,field_structure_fit,methodology_question,1,9,declined,77,Tolerance rule is fixed. Our methodology allows a range here.
FB-0627,T17,associate,platform_foundation,evidence_viewer,defect,3,18,fixed,97,Partial scans render blank instead of showing the readable part.
FB-0628,T18,associate,planning_and_risk,navigation_and_findability,defect,1,14,fixed,77,Cannot find the procedure again after closing the run timeline.
FB-0629,T04,senior,platform_foundation,review_workflow,defect,3,16,declined,71,Comments on a run are not shown on the fixed assets procedure.
FB-0630,T20,manager,fieldwork_and_testing,evidence_viewer,missing_capability,4,18,fixed,97,Multi page documents open on page one every time. Open on the cited page.
FB-0631,T15,senior,fieldwork_and_testing,evidence_viewer,missing_capability,2,18,fixed,53,Partial scans render blank instead of showing the readable part.
FB-0632,T08,associate,fieldwork_and_testing,provenance_visibility,trust_and_explainability,2,20,fixed,81,The matching step shows a result but not the source it came from.
FB-0633,T06,senior,planning_and_risk,checkpoint_placement,methodology_question,2,17,triaged,65,The review stop comes after the draft is written. It should come before the agent matches revenue items.
FB-0634,T12,manager,fieldwork_and_testing,evidence_viewer,defect,2,18,triaged,79,Zoom resets when switching between two evidence items.
FB-0635,T18,partner,fieldwork_and_testing,evidence_viewer,defect,1,18,declined,79,Multi page documents open on page one every time. Open on the cited page.
FB-0636,T01,senior,fieldwork_and_testing,review_workflow,methodology_question,3,16,fixed,58,The manager approval and the sign off are two steps that feel like one.
FB-0637,T01,manager,fieldwork_and_testing,data_access_and_permissions,data_access,2,11,declined,72,Restricted payables evidence shows as retrieved before anyone approved the access.
FB-0638,T17,associate,planning_and_risk,training_and_onboarding,training,2,7,triaged,79,First run needs a walkthrough. The team learned the plan step by trial.
FB-0639,T16,associate,fieldwork_and_testing,performance,performance,2,15,triaged,82,Opening the procedure list with filters applied takes several seconds.
FB-0640,T07,associate,fieldwork_and_testing,checkpoint_placement,trust_and_explainability,2,17,fixed,59,A associate should be able to set where the checkpoint sits for the procedure.
FB-0641,T04,partner,platform_foundation,navigation_and_findability,usability,2,14,triaged,62,The path from an exception back to its sample item takes four clicks.
FB-0642,T07,associate,fieldwork_and_testing,evidence_viewer,performance,2,18,triaged,55,The highlighted span in the cash invoice sits on the wrong line.
FB-0643,T07,associate,fieldwork_and_testing,exception_handling,usability,3,19,fixed,70,An exception the agent flagged was a duplicate of one already under investigation.
FB-0644,T07,associate,fieldwork_and_testing,exception_handling,missing_capability,3,19,triaged,82,An exception the agent flagged was a duplicate of one already under investigation.
FB-0645,T02,senior,fieldwork_and_testing,evidence_viewer,performance,3,18,triaged,63,Zoom resets when switching between two evidence items.
FB-0646,T13,senior,platform_foundation,provenance_visibility,trust_and_explainability,3,20,fixed,42,Need to open the cited document from the conclusion without searching for it.
FB-0647,T03,associate,fieldwork_and_testing,exception_handling,missing_capability,2,19,triaged,65,Cannot mark an exception as explained without leaving the procedure view.
FB-0648,T13,associate,fieldwork_and_testing,evidence_viewer,defect,4,18,fixed,64,Partial scans render blank instead of showing the readable part.
FB-0649,T14,associate,fieldwork_and_testing,integration_with_workpapers,defect,2,8,duplicate,64,Sign off in the platform is not reflected in the workpaper index.
FB-0650,T18,associate,platform_foundation,data_access_and_permissions,data_access,3,11,triaged,59,Permission error message names an internal code and nothing else.
FB-0651,T20,senior,fieldwork_and_testing,provenance_visibility,trust_and_explainability,4,20,fixed,71,Need to open the cited document from the conclusion without searching for it.
FB-0652,T09,senior,planning_and_risk,field_structure_fit,missing_capability,3,9,triaged,77,Two field structures cover the same test with different required evidence.
FB-0653,T13,manager,fieldwork_and_testing,exception_handling,usability,3,19,fixed,72,Exceptions from the revenue run land in one list with no severity or owner.
FB-0654,T20,manager,fieldwork_and_testing,checkpoint_placement,methodology_question,2,17,fixed,84,Too many stops on low risk revenue procedures. One stop before the conclusion would do.
FB-0655,T08,associate,fieldwork_and_testing,exception_handling,usability,2,19,triaged,79,An exception the agent flagged was a duplicate of one already under investigation.
FB-0656,T17,partner,fieldwork_and_testing,exception_handling,usability,1,19,triaged,61,An exception the agent flagged was a duplicate of one already under investigation.
FB-0657,T08,senior,platform_foundation,data_access_and_permissions,defect,3,11,triaged,68,Prior year file items are not available to the senior who needs them.
FB-0658,T04,associate,fieldwork_and_testing,review_workflow,usability,2,16,duplicate,64,A rejected plan step cannot be rerun on its own. The whole run restarts.
FB-0659,T15,senior,platform_foundation,performance,performance,2,15,fixed,86,Run status stays on running after the steps have finished.
FB-0660,T11,senior,fieldwork_and_testing,exception_handling,missing_capability,3,19,triaged,55,Exceptions from the payables run land in one list with no severity or owner.
FB-0661,T15,associate,fieldwork_and_testing,checkpoint_placement,usability,2,17,fixed,71,Too many stops on low risk payables procedures. One stop before the conclusion would do.
FB-0662,T07,senior,planning_and_risk,field_structure_fit,usability,2,9,triaged,76,Two field structures cover the same test with different required evidence.
FB-0663,T02,senior,fieldwork_and_testing,review_workflow,defect,3,16,fixed,80,The manager approval and the sign off are two steps that feel like one.
FB-0664,T10,associate,planning_and_risk,sample_selection,missing_capability,1,10,fixed,75,Proposed sample excludes items under the threshold with no stated reason.
FB-0665,T16,partner,fieldwork_and_testing,evidence_viewer,defect,3,18,triaged,57,Multi page documents open on page one every time. Open on the cited page.
FB-0666,T18,senior,fieldwork_and_testing,evidence_viewer,usability,3,18,triaged,68,Partial scans render blank instead of showing the readable part.
FB-0667,T19,manager,planning_and_risk,terminology,training,1,12,triaged,76,Run state names are not the ones a manager uses in review.
FB-0668,T06,associate,fieldwork_and_testing,exception_handling,usability,3,19,fixed,78,Cannot mark an exception as explained without leaving the procedure view.
FB-0669,T17,data_lead,fieldwork_and_testing,review_workflow,methodology_question,2,16,fixed,82,The manager approval and the sign off are two steps that feel like one.
FB-0670,T20,associate,fieldwork_and_testing,provenance_visibility,usability,2,20,triaged,83,Cannot tell which evidence item the agent used for the amount in the cash draft.
FB-0671,T06,manager,fieldwork_and_testing,checkpoint_placement,usability,3,17,triaged,81,Too many stops on low risk cash procedures. One stop before the conclusion would do.
FB-0672,T07,manager,fieldwork_and_testing,evidence_viewer,usability,1,18,triaged,97,Partial scans render blank instead of showing the readable part.
FB-0673,T05,senior,fieldwork_and_testing,checkpoint_placement,usability,3,17,duplicate,59,Too many stops on low risk revenue procedures. One stop before the conclusion would do.
FB-0674,T02,associate,fieldwork_and_testing,checkpoint_placement,methodology_question,4,17,triaged,79,The review stop comes after the draft is written. It should come before the agent matches inventory items.
FB-0675,T08,senior,fieldwork_and_testing,performance,performance,3,15,triaged,76,The plan step on a fixed assets procedure took long enough that the team moved to other work.
FB-0676,T07,manager,planning_and_risk,field_structure_fit,usability,3,9,triaged,67,Two field structures cover the same test with different required evidence.
FB-0677,T14,senior,fieldwork_and_testing,provenance_visibility,trust_and_explainability,4,20,fixed,76,The draft conclusion step shows a result but not the source it came from.
FB-0678,T19,associate,fieldwork_and_testing,exception_handling,usability,4,19,fixed,75,An exception the agent flagged was a duplicate of one already under investigation.
FB-0679,T17,senior,platform_foundation,integration_with_workpapers,missing_capability,2,8,triaged,55,Need the exception list as a table in the workpaper file.
FB-0680,T02,associate,fieldwork_and_testing,review_workflow,missing_capability,2,16,fixed,66,Comments on a run are not shown on the revenue procedure.
FB-0681,T14,manager,platform_foundation,training_and_onboarding,usability,2,7,triaged,64,The practice engagement differs from the live one in field structures.
FB-0682,T02,senior,planning_and_risk,data_access_and_permissions,data_access,3,11,triaged,57,An associate can see a restricted item that the manager cannot.
FB-0683,T12,associate,fieldwork_and_testing,review_workflow,usability,3,16,triaged,55,A rejected evidence retrieval step cannot be rerun on its own. The whole run restarts.
FB-0684,T18,associate,platform_foundation,performance,performance,2,15,fixed,47,Run status stays on running after the steps have finished.
FB-0685,T10,methodology_reviewer,fieldwork_and_testing,exception_handling,usability,4,19,triaged,75,Status of an exception does not change when the sample item is re-tested.
FB-0686,T18,manager,fieldwork_and_testing,provenance_visibility,trust_and_explainability,2,20,fixed,65,Cannot tell which evidence item the agent used for the amount in the inventory draft.
FB-0687,T09,manager,fieldwork_and_testing,provenance_visibility,methodology_question,2,20,fixed,77,The matching step shows a result but not the source it came from.
FB-0688,T15,data_lead,fieldwork_and_testing,provenance_visibility,usability,1,20,triaged,60,Cannot tell which evidence item the agent used for the amount in the fixed assets draft.
FB-0689,T01,associate,fieldwork_and_testing,exception_handling,usability,2,19,triaged,71,An exception the agent flagged was a duplicate of one already under investigation.
FB-0690,T19,associate,fieldwork_and_testing,evidence_viewer,usability,2,18,fixed,56,Partial scans render blank instead of showing the readable part.
FB-0691,T17,manager,fieldwork_and_testing,integration_with_workpapers,missing_capability,2,8,fixed,61,Sign off in the platform is not reflected in the workpaper index.
FB-0692,T05,associate,planning_and_risk,sample_selection,trust_and_explainability,3,10,triaged,72,Sample size shown does not match the planned size in the procedure.
FB-0693,T08,associate,planning_and_risk,review_workflow,missing_capability,2,16,fixed,72,Edits to the draft conclusion are not visible as a diff to the next reviewer.
FB-0694,T10,senior,planning_and_risk,sample_selection,methodology_question,1,10,fixed,83,Need to replace one proposed cash item with a judgmental pick and keep the rest.
FB-0695,T10,senior,planning_and_risk,sample_selection,trust_and_explainability,2,10,fixed,79,Sample size shown does not match the planned size in the procedure.
FB-0696,T14,associate,fieldwork_and_testing,exception_handling,missing_capability,4,19,fixed,77,Exceptions from the cash run land in one list with no severity or owner.
FB-0697,T14,associate,fieldwork_and_testing,evidence_viewer,performance,3,18,declined,83,Partial scans render blank instead of showing the readable part.
FB-0698,T07,associate,planning_and_risk,exception_handling,defect,3,19,declined,71,An exception the agent flagged was a duplicate of one already under investigation.
FB-0699,T07,senior,planning_and_risk,field_structure_fit,methodology_question,3,9,triaged,86,Tolerance rule is fixed. Our methodology allows a range here.
FB-0700,T20,senior,planning_and_risk,checkpoint_placement,missing_capability,3,17,triaged,72,A senior should be able to set where the checkpoint sits for the procedure.
FB-0701,T13,manager,platform_foundation,exception_handling,usability,2,19,triaged,75,Exceptions from the revenue run land in one list with no severity or owner.
FB-0702,T17,methodology_reviewer,fieldwork_and_testing,review_workflow,usability,1,16,triaged,46,A rejected plan step cannot be rerun on its own. The whole run restarts.
FB-0703,T05,senior,planning_and_risk,provenance_visibility,missing_capability,3,20,duplicate,73,Need to open the cited document from the conclusion without searching for it.
FB-0704,T15,associate,planning_and_risk,provenance_visibility,trust_and_explainability,2,20,triaged,71,Need to open the cited document from the conclusion without searching for it.
FB-0705,T02,methodology_reviewer,platform_foundation,evidence_viewer,usability,2,18,declined,68,Multi page documents open on page one every time. Open on the cited page.
FB-0706,T01,senior,platform_foundation,evidence_viewer,usability,1,18,fixed,47,Multi page documents open on page one every time. Open on the cited page.
FB-0707,T03,methodology_reviewer,fieldwork_and_testing,performance,performance,1,15,triaged,68,The draft conclusion step on a payables procedure took long enough that the team moved to other work.
FB-0708,T17,associate,fieldwork_and_testing,exception_handling,usability,3,19,triaged,82,Exceptions from the inventory run land in one list with no severity or owner.
FB-0709,T06,associate,platform_foundation,navigation_and_findability,usability,3,14,triaged,68,No saved views for the procedures a associate reviews each day.
FB-0710,T19,associate,platform_foundation,terminology,usability,1,12,fixed,73,Field structure and template mean the same thing on two screens.
FB-0711,T18,manager,planning_and_risk,sample_selection,usability,1,10,triaged,64,Need to replace one proposed inventory item with a judgmental pick and keep the rest.
FB-0712,T17,associate,platform_foundation,evidence_viewer,usability,4,18,declined,84,The highlighted span in the payables invoice sits on the wrong line.
FB-0713,T15,senior,platform_foundation,data_access_and_permissions,data_access,3,11,fixed,84,Permission error message names an internal code and nothing else.
FB-0714,T12,manager,platform_foundation,terminology,usability,1,12,declined,76,The label on the exception detection step uses a word the methodology does not use.
FB-0715,T20,associate,platform_foundation,navigation_and_findability,usability,3,14,duplicate,76,The path from an exception back to its sample item takes four clicks.
FB-0716,T02,associate,fieldwork_and_testing,navigation_and_findability,usability,2,14,fixed,67,The path from an exception back to its sample item takes four clicks.
FB-0717,T18,associate,platform_foundation,navigation_and_findability,usability,2,14,duplicate,71,No saved views for the procedures a associate reviews each day.
FB-0718,T13,associate,fieldwork_and_testing,evidence_viewer,defect,4,18,duplicate,60,Zoom resets when switching between two evidence items.
FB-0719,T12,manager,platform_foundation,provenance_visibility,missing_capability,2,20,duplicate,77,The extraction step shows a result but not the source it came from.
FB-0720,T08,methodology_reviewer,platform_foundation,provenance_visibility,usability,1,20,fixed,69,Need to open the cited document from the conclusion without searching for it.
FB-0721,T13,associate,fieldwork_and_testing,exception_handling,missing_capability,3,19,fixed,97,Cannot mark an exception as explained without leaving the procedure view.
FB-0722,T05,associate,planning_and_risk,training_and_onboarding,training,2,7,fixed,70,First run needs a walkthrough. The team learned the plan step by trial.
FB-0723,T03,senior,platform_foundation,checkpoint_placement,trust_and_explainability,2,17,fixed,95,The review stop comes after the draft is written. It should come before the agent matches inventory items.
FB-0724,T17,manager,platform_foundation,data_access_and_permissions,defect,3,11,triaged,80,Prior year file items are not available to the manager who needs them.
FB-0725,T01,associate,fieldwork_and_testing,review_workflow,defect,4,16,fixed,84,Edits to the draft conclusion are not visible as a diff to the next reviewer.
FB-0726,T08,senior,fieldwork_and_testing,provenance_visibility,usability,4,20,fixed,77,Confidence number appears with no note on what it is based on.
FB-0727,T06,senior,fieldwork_and_testing,checkpoint_placement,usability,3,17,triaged,65,Checkpoint at matching interrupts a run that was going well.
FB-0728,T01,manager,fieldwork_and_testing,checkpoint_placement,usability,2,17,fixed,83,A manager should be able to set where the checkpoint sits for the procedure.
FB-0729,T10,associate,fieldwork_and_testing,provenance_visibility,trust_and_explainability,3,20,fixed,66,The evidence retrieval step shows a result but not the source it came from.
FB-0730,T19,senior,fieldwork_and_testing,evidence_viewer,usability,3,18,fixed,49,Multi page documents open on page one every time. Open on the cited page.
FB-0731,T14,senior,fieldwork_and_testing,provenance_visibility,trust_and_explainability,2,20,fixed,75,Confidence number appears with no note on what it is based on.
FB-0732,T07,senior,fieldwork_and_testing,terminology,training,1,12,duplicate,67,Field structure and template mean the same thing on two screens.
FB-0733,T15,associate,platform_foundation,navigation_and_findability,usability,1,14,fixed,71,Cannot find the procedure again after closing the run timeline.
FB-0734,T14,senior,platform_foundation,evidence_viewer,defect,3,18,triaged,62,Multi page documents open on page one every time. Open on the cited page.
FB-0735,T06,associate,fieldwork_and_testing,checkpoint_placement,methodology_question,3,17,triaged,60,A associate should be able to set where the checkpoint sits for the procedure.
FB-0736,T05,associate,fieldwork_and_testing,provenance_visibility,trust_and_explainability,2,20,fixed,64,Confidence number appears with no note on what it is based on.
FB-0737,T20,senior,platform_foundation,provenance_visibility,methodology_question,3,20,fixed,87,Need to open the cited document from the conclusion without searching for it.
FB-0738,T10,associate,fieldwork_and_testing,provenance_visibility,trust_and_explainability,3,20,fixed,42,The exception detection step shows a result but not the source it came from.
FB-0739,T06,manager,platform_foundation,performance,performance,3,15,triaged,68,Large evidence files stall the viewer.
FB-0740,T16,associate,platform_foundation,performance,performance,4,15,triaged,60,Large evidence files stall the viewer.
FB-0741,T15,methodology_reviewer,fieldwork_and_testing,checkpoint_placement,usability,3,17,triaged,81,The review stop comes after the draft is written. It should come before the agent matches fixed assets items.
FB-0742,T12,manager,planning_and_risk,training_and_onboarding,usability,3,7,fixed,64,First run needs a walkthrough. The team learned the plan step by trial.
FB-0743,T02,associate,fieldwork_and_testing,provenance_visibility,trust_and_explainability,3,20,fixed,42,Confidence number appears with no note on what it is based on.
FB-0744,T02,manager,planning_and_risk,review_workflow,usability,2,16,triaged,60,Edits to the draft conclusion are not visible as a diff to the next reviewer.
FB-0745,T03,manager,fieldwork_and_testing,review_workflow,missing_capability,3,16,duplicate,67,The manager approval and the sign off are two steps that feel like one.
FB-0746,T01,manager,fieldwork_and_testing,checkpoint_placement,usability,2,17,fixed,49,The review stop comes after the draft is written. It should come before the agent matches revenue items.
FB-0747,T07,associate,fieldwork_and_testing,field_structure_fit,methodology_question,1,9,fixed,76,No way to mark a required field as not applicable for a small population.
FB-0748,T20,associate,fieldwork_and_testing,evidence_viewer,performance,2,18,fixed,58,Partial scans render blank instead of showing the readable part.
FB-0749,T05,methodology_reviewer,planning_and_risk,training_and_onboarding,training,1,7,duplicate,56,First run needs a walkthrough. The team learned the extraction step by trial.
FB-0750,T03,associate,fieldwork_and_testing,review_workflow,usability,4,16,triaged,76,Comments on a run are not shown on the payables procedure.
FB-0751,T10,senior,fieldwork_and_testing,checkpoint_placement,missing_capability,3,17,duplicate,75,A senior should be able to set where the checkpoint sits for the procedure.
FB-0752,T15,senior,fieldwork_and_testing,navigation_and_findability,usability,3,14,triaged,90,The path from an exception back to its sample item takes four clicks.
FB-0753,T01,associate,fieldwork_and_testing,performance,performance,4,15,triaged,65,Run status stays on running after the steps have finished.
FB-0754,T19,senior,fieldwork_and_testing,exception_handling,methodology_question,3,19,fixed,74,Exceptions from the cash run land in one list with no severity or owner.
FB-0755,T02,associate,fieldwork_and_testing,exception_handling,missing_capability,2,19,triaged,76,Exceptions from the inventory run land in one list with no severity or owner.
FB-0756,T13,senior,fieldwork_and_testing,checkpoint_placement,trust_and_explainability,3,17,triaged,65,Too many stops on low risk payables procedures. One stop before the conclusion would do.
FB-0757,T13,associate,planning_and_risk,sample_selection,missing_capability,1,10,duplicate,75,Proposed sample excludes items under the threshold with no stated reason.
FB-0758,T12,associate,fieldwork_and_testing,checkpoint_placement,usability,3,17,duplicate,82,Checkpoint at evidence retrieval interrupts a run that was going well.
FB-0759,T13,associate,fieldwork_and_testing,provenance_visibility,trust_and_explainability,2,20,fixed,67,Need to open the cited document from the conclusion without searching for it.
FB-0760,T11,manager,planning_and_risk,checkpoint_placement,usability,1,17,triaged,56,The review stop comes after the draft is written. It should come before the agent matches cash items.
FB-0761,T20,associate,platform_foundation,evidence_viewer,usability,4,18,triaged,93,The highlighted span in the fixed assets invoice sits on the wrong line.
FB-0762,T05,partner,fieldwork_and_testing,sample_selection,missing_capability,4,10,duplicate,66,Not clear how the agent proposed selection relates to the monetary unit method.
FB-0763,T14,methodology_reviewer,fieldwork_and_testing,evidence_viewer,performance,2,18,fixed,67,The highlighted span in the payables invoice sits on the wrong line.
FB-0764,T03,methodology_reviewer,fieldwork_and_testing,provenance_visibility,trust_and_explainability,2,20,fixed,52,The matching step shows a result but not the source it came from.
FB-0765,T05,associate,platform_foundation,navigation_and_findability,usability,1,14,declined,78,Cannot find the procedure again after closing the run timeline.
FB-0766,T01,manager,platform_foundation,keyboard_and_accessibility,usability,3,5,declined,68,Status is shown by color alone in the fixed assets procedure list.
FB-0767,T03,associate,fieldwork_and_testing,review_workflow,missing_capability,2,16,triaged,75,Comments on a run are not shown on the cash procedure.
FB-0768,T20,associate,platform_foundation,navigation_and_findability,missing_capability,2,14,triaged,84,Cannot find the procedure again after closing the run timeline.
FB-0769,T06,associate,fieldwork_and_testing,sample_selection,usability,1,10,duplicate,61,Sample size shown does not match the planned size in the procedure.
FB-0770,T10,partner,planning_and_risk,sample_selection,trust_and_explainability,1,10,fixed,71,Sample size shown does not match the planned size in the procedure.
FB-0771,T20,associate,fieldwork_and_testing,evidence_viewer,performance,2,18,triaged,42,Partial scans render blank instead of showing the readable part.
FB-0772,T09,partner,planning_and_risk,field_structure_fit,usability,3,9,duplicate,77,Two field structures cover the same test with different required evidence.
FB-0773,T02,manager,fieldwork_and_testing,checkpoint_placement,usability,3,17,triaged,52,The review stop comes after the draft is written. It should come before the agent matches fixed assets items.
FB-0774,T02,manager,platform_foundation,navigation_and_findability,usability,3,14,fixed,65,Filters on the inventory procedure list reset on every return.
FB-0775,T09,associate,fieldwork_and_testing,checkpoint_placement,trust_and_explainability,3,17,triaged,64,Too many stops on low risk fixed assets procedures. One stop before the conclusion would do.
FB-0776,T07,methodology_reviewer,fieldwork_and_testing,navigation_and_findability,usability,3,14,triaged,59,The path from an exception back to its sample item takes four clicks.
FB-0777,T02,associate,fieldwork_and_testing,exception_handling,usability,3,19,fixed,91,Exceptions from the revenue run land in one list with no severity or owner.
FB-0778,T07,associate,fieldwork_and_testing,checkpoint_placement,methodology_question,2,17,fixed,59,Too many stops on low risk cash procedures. One stop before the conclusion would do.
FB-0779,T17,manager,fieldwork_and_testing,exception_handling,defect,3,19,duplicate,66,Cannot mark an exception as explained without leaving the procedure view.
FB-0780,T14,associate,fieldwork_and_testing,exception_handling,defect,3,19,duplicate,85,Cannot mark an exception as explained without leaving the procedure view.
FB-0781,T05,associate,fieldwork_and_testing,checkpoint_placement,trust_and_explainability,2,17,duplicate,82,The review stop comes after the draft is written. It should come before the agent matches cash items.
FB-0782,T20,senior,platform_foundation,performance,performance,2,15,duplicate,44,Large evidence files stall the viewer.
FB-0783,T08,manager,platform_foundation,performance,performance,2,15,fixed,68,The plan step on a fixed assets procedure took long enough that the team moved to other work.
FB-0784,T06,associate,platform_foundation,performance,performance,3,15,triaged,89,Opening the procedure list with filters applied takes several seconds.
FB-0785,T17,data_lead,fieldwork_and_testing,evidence_viewer,defect,4,18,fixed,42,The highlighted span in the payables invoice sits on the wrong line.
FB-0786,T09,associate,fieldwork_and_testing,checkpoint_placement,usability,3,17,fixed,80,The review stop comes after the draft is written. It should come before the agent matches revenue items.
FB-0787,T07,associate,platform_foundation,navigation_and_findability,usability,1,14,fixed,65,The path from an exception back to its sample item takes four clicks.
FB-0788,T07,associate,platform_foundation,integration_with_workpapers,defect,2,8,fixed,83,The conclusion export drops the evidence citations.
FB-0789,T05,manager,platform_foundation,terminology,usability,1,12,triaged,61,The label on the exception detection step uses a word the methodology does not use.
FB-0790,T18,associate,planning_and_risk,checkpoint_placement,trust_and_explainability,3,17,triaged,70,Too many stops on low risk fixed assets procedures. One stop before the conclusion would do.
FB-0791,T18,associate,platform_foundation,data_access_and_permissions,data_access,3,11,fixed,55,Prior year file items are not available to the associate who needs them.
FB-0792,T17,senior,fieldwork_and_testing,provenance_visibility,trust_and_explainability,2,20,triaged,59,Cannot tell which evidence item the agent used for the amount in the fixed assets draft.
FB-0793,T03,associate,fieldwork_and_testing,checkpoint_placement,usability,3,17,duplicate,65,Checkpoint at evidence retrieval interrupts a run that was going well.
FB-0794,T07,senior,fieldwork_and_testing,checkpoint_placement,missing_capability,3,17,triaged,97,Checkpoint at matching interrupts a run that was going well.
FB-0795,T06,senior,platform_foundation,data_access_and_permissions,defect,4,11,triaged,67,Prior year file items are not available to the senior who needs them.
FB-0796,T10,associate,platform_foundation,navigation_and_findability,usability,3,14,triaged,83,No saved views for the procedures a associate reviews each day.
FB-0797,T08,senior,planning_and_risk,terminology,training,1,12,triaged,81,Field structure and template mean the same thing on two screens.
FB-0798,T09,senior,platform_foundation,integration_with_workpapers,usability,2,8,triaged,71,Need the exception list as a table in the workpaper file.
FB-0799,T17,manager,fieldwork_and_testing,exception_handling,missing_capability,2,19,duplicate,73,Status of an exception does not change when the sample item is re-tested.
FB-0800,T20,associate,fieldwork_and_testing,evidence_viewer,defect,2,18,declined,67,Zoom resets when switching between two evidence items.
FB-0801,T10,senior,platform_foundation,integration_with_workpapers,usability,2,8,fixed,75,Need the exception list as a table in the workpaper file.
FB-0802,T03,data_lead,platform_foundation,provenance_visibility,trust_and_explainability,3,20,declined,71,Need to open the cited document from the conclusion without searching for it.
FB-0803,T04,manager,fieldwork_and_testing,exception_handling,usability,3,19,duplicate,78,Cannot mark an exception as explained without leaving the procedure view.
FB-0804,T01,associate,fieldwork_and_testing,evidence_viewer,performance,2,18,fixed,86,Partial scans render blank instead of showing the readable part.
FB-0805,T18,associate,fieldwork_and_testing,field_structure_fit,methodology_question,2,9,triaged,68,The fixed assets field structure asks for a field this population does not carry.
FB-0806,T03,associate,platform_foundation,provenance_visibility,trust_and_explainability,2,20,fixed,74,Confidence number appears with no note on what it is based on.
FB-0807,T07,associate,fieldwork_and_testing,evidence_viewer,usability,4,18,duplicate,76,Partial scans render blank instead of showing the readable part.
FB-0808,T13,associate,fieldwork_and_testing,sample_selection,missing_capability,1,10,triaged,61,Sample size shown does not match the planned size in the procedure.
FB-0809,T09,senior,fieldwork_and_testing,evidence_viewer,usability,1,18,triaged,61,Zoom resets when switching between two evidence items.
FB-0810,T07,associate,planning_and_risk,field_structure_fit,methodology_question,2,9,fixed,79,Tolerance rule is fixed. Our methodology allows a range here.
FB-0811,T14,associate,fieldwork_and_testing,integration_with_workpapers,missing_capability,4,8,triaged,72,Sign off in the platform is not reflected in the workpaper index.
FB-0812,T11,senior,fieldwork_and_testing,provenance_visibility,usability,2,20,triaged,86,Confidence number appears with no note on what it is based on.
FB-0813,T13,manager,planning_and_risk,provenance_visibility,missing_capability,3,20,fixed,46,Need to open the cited document from the conclusion without searching for it.
FB-0814,T01,associate,fieldwork_and_testing,evidence_viewer,defect,3,18,duplicate,67,Multi page documents open on page one every time. Open on the cited page.
FB-0815,T04,senior,fieldwork_and_testing,review_workflow,usability,3,16,triaged,73,Comments on a run are not shown on the inventory procedure.
FB-0816,T06,associate,fieldwork_and_testing,data_access_and_permissions,defect,3,11,fixed,63,Permission error message names an internal code and nothing else.
FB-0817,T08,associate,fieldwork_and_testing,exception_handling,usability,4,19,triaged,72,Status of an exception does not change when the sample item is re-tested.
FB-0818,T18,manager,planning_and_risk,field_structure_fit,methodology_question,3,9,fixed,82,The inventory field structure asks for a field this population does not carry.
FB-0819,T06,manager,planning_and_risk,field_structure_fit,methodology_question,3,9,triaged,81,Tolerance rule is fixed. Our methodology allows a range here.
FB-0820,T02,manager,fieldwork_and_testing,exception_handling,methodology_question,2,19,triaged,88,Status of an exception does not change when the sample item is re-tested.
FB-0821,T08,data_lead,fieldwork_and_testing,review_workflow,usability,2,16,fixed,59,The manager approval and the sign off are two steps that feel like one.
FB-0822,T14,senior,platform_foundation,integration_with_workpapers,missing_capability,2,8,duplicate,60,Sign off in the platform is not reflected in the workpaper index.
FB-0823,T16,associate,fieldwork_and_testing,provenance_visibility,trust_and_explainability,2,20,triaged,73,Need to open the cited document from the conclusion without searching for it.
FB-0824,T09,methodology_reviewer,fieldwork_and_testing,sample_selection,trust_and_explainability,3,10,duplicate,64,Not clear how the agent proposed selection relates to the monetary unit method.
FB-0825,T14,associate,fieldwork_and_testing,checkpoint_placement,usability,2,17,declined,58,The review stop comes after the draft is written. It should come before the agent matches cash items.
FB-0826,T05,methodology_reviewer,fieldwork_and_testing,exception_handling,missing_capability,3,19,triaged,60,Cannot mark an exception as explained without leaving the procedure view.
FB-0827,T07,data_lead,fieldwork_and_testing,field_structure_fit,methodology_question,3,9,triaged,81,Tolerance rule is fixed. Our methodology allows a range here.
FB-0828,T06,associate,platform_foundation,training_and_onboarding,usability,2,7,duplicate,67,Office hours answered a question the product should answer in place.
FB-0829,T10,associate,fieldwork_and_testing,review_workflow,usability,2,16,fixed,65,Edits to the draft conclusion are not visible as a diff to the next reviewer.
FB-0830,T13,associate,platform_foundation,terminology,usability,3,12,declined,63,Severity scale labels differ between exceptions and feedback.
FB-0831,T15,associate,fieldwork_and_testing,integration_with_workpapers,missing_capability,3,8,triaged,86,Workpaper reference numbers do not carry into the inventory procedure.
FB-0832,T20,senior,platform_foundation,data_access_and_permissions,data_access,3,11,triaged,76,Restricted cash evidence shows as retrieved before anyone approved the access.
FB-0833,T05,associate,fieldwork_and_testing,provenance_visibility,trust_and_explainability,2,20,triaged,62,Cannot tell which evidence item the agent used for the amount in the payables draft.
FB-0834,T18,methodology_reviewer,fieldwork_and_testing,provenance_visibility,usability,1,20,fixed,91,Cannot tell which evidence item the agent used for the amount in the inventory draft.
FB-0835,T03,senior,planning_and_risk,checkpoint_placement,trust_and_explainability,2,17,fixed,77,Too many stops on low risk payables procedures. One stop before the conclusion would do.
FB-0836,T20,associate,fieldwork_and_testing,review_workflow,usability,2,16,fixed,67,Comments on a run are not shown on the revenue procedure.
FB-0837,T14,methodology_reviewer,fieldwork_and_testing,checkpoint_placement,usability,2,17,fixed,61,Checkpoint at evidence retrieval interrupts a run that was going well.
FB-0838,T12,senior,fieldwork_and_testing,review_workflow,usability,2,16,triaged,46,A rejected extraction step cannot be rerun on its own. The whole run restarts.
FB-0839,T06,associate,fieldwork_and_testing,checkpoint_placement,methodology_question,3,17,triaged,75,A associate should be able to set where the checkpoint sits for the procedure.
FB-0840,T05,senior,fieldwork_and_testing,navigation_and_findability,usability,2,14,declined,82,Cannot find the procedure again after closing the run timeline.
FB-0841,T01,senior,platform_foundation,evidence_viewer,missing_capability,3,18,duplicate,67,Partial scans render blank instead of showing the readable part.
FB-0842,T11,manager,platform_foundation,terminology,training,3,12,triaged,75,Field structure and template mean the same thing on two screens.
FB-0843,T06,associate,platform_foundation,training_and_onboarding,training,1,7,fixed,49,First run needs a walkthrough. The team learned the evidence retrieval step by trial.
FB-0844,T07,senior,planning_and_risk,sample_selection,methodology_question,2,10,fixed,85,Sample size shown does not match the planned size in the procedure.
FB-0845,T18,manager,fieldwork_and_testing,provenance_visibility,trust_and_explainability,2,20,fixed,73,Cannot tell which evidence item the agent used for the amount in the inventory draft.
FB-0846,T19,manager,planning_and_risk,exception_handling,usability,2,19,duplicate,73,Status of an exception does not change when the sample item is re-tested.
FB-0847,T17,associate,fieldwork_and_testing,review_workflow,usability,3,16,triaged,58,A rejected extraction step cannot be rerun on its own. The whole run restarts.
FB-0848,T08,senior,fieldwork_and_testing,data_access_and_permissions,missing_capability,4,11,triaged,59,Restricted revenue evidence shows as retrieved before anyone approved the access.
FB-0849,T08,methodology_reviewer,fieldwork_and_testing,provenance_visibility,usability,2,20,duplicate,87,The draft conclusion step shows a result but not the source it came from.
FB-0850,T08,senior,fieldwork_and_testing,review_workflow,missing_capability,4,16,triaged,75,Edits to the draft conclusion are not visible as a diff to the next reviewer.
FB-0851,T18,senior,planning_and_risk,sample_selection,missing_capability,3,10,fixed,58,Need to replace one proposed cash item with a judgmental pick and keep the rest.
FB-0852,T09,senior,fieldwork_and_testing,checkpoint_placement,usability,3,17,declined,64,Checkpoint at exception detection interrupts a run that was going well.
FB-0853,T06,senior,fieldwork_and_testing,field_structure_fit,methodology_question,2,9,triaged,61,No way to mark a required field as not applicable for a small population.
FB-0854,T05,manager,platform_foundation,terminology,methodology_question,2,12,triaged,71,Field structure and template mean the same thing on two screens.
FB-0855,T01,associate,fieldwork_and_testing,performance,performance,3,15,fixed,62,The plan step on a cash procedure took long enough that the team moved to other work.
FB-0856,T03,senior,fieldwork_and_testing,provenance_visibility,missing_capability,2,20,declined,72,Confidence number appears with no note on what it is based on.
FB-0857,T13,associate,platform_foundation,provenance_visibility,trust_and_explainability,3,20,triaged,61,Confidence number appears with no note on what it is based on.
FB-0858,T02,associate,fieldwork_and_testing,provenance_visibility,trust_and_explainability,3,20,triaged,54,Cannot tell which evidence item the agent used for the amount in the revenue draft.
FB-0859,T04,associate,platform_foundation,navigation_and_findability,usability,4,14,fixed,68,Filters on the cash procedure list reset on every return.
FB-0860,T02,associate,fieldwork_and_testing,sample_selection,missing_capability,3,10,fixed,53,Need to replace one proposed fixed assets item with a judgmental pick and keep the rest.
FB-0861,T19,manager,fieldwork_and_testing,checkpoint_placement,methodology_question,3,17,declined,73,Checkpoint at draft conclusion interrupts a run that was going well.
FB-0862,T12,senior,fieldwork_and_testing,exception_handling,usability,2,19,fixed,71,An exception the agent flagged was a duplicate of one already under investigation.
FB-0863,T06,manager,fieldwork_and_testing,provenance_visibility,missing_capability,3,20,fixed,65,The exception detection step shows a result but not the source it came from.
FB-0864,T07,senior,fieldwork_and_testing,integration_with_workpapers,defect,1,8,fixed,59,Sign off in the platform is not reflected in the workpaper index.
FB-0865,T08,associate,platform_foundation,data_access_and_permissions,data_access,4,11,fixed,81,Prior year file items are not available to the associate who needs them.
FB-0866,T06,senior,fieldwork_and_testing,integration_with_workpapers,usability,4,8,triaged,71,Sign off in the platform is not reflected in the workpaper index.
FB-0867,T14,senior,platform_foundation,integration_with_workpapers,missing_capability,3,8,fixed,65,Sign off in the platform is not reflected in the workpaper index.
FB-0868,T02,associate,fieldwork_and_testing,training_and_onboarding,training,1,7,fixed,67,No short guide for a associate on what to check at a checkpoint.
FB-0869,T09,senior,fieldwork_and_testing,field_structure_fit,missing_capability,2,9,triaged,51,Tolerance rule is fixed. Our methodology allows a range here.
FB-0870,T02,associate,platform_foundation,data_access_and_permissions,data_access,3,11,triaged,52,An associate can see a restricted item that the manager cannot.
FB-0871,T09,associate,planning_and_risk,sample_selection,methodology_question,2,10,duplicate,55,Proposed sample excludes items under the threshold with no stated reason.
FB-0872,T11,associate,planning_and_risk,sample_selection,trust_and_explainability,1,10,triaged,67,Proposed sample excludes items under the threshold with no stated reason.
FB-0873,T02,associate,fieldwork_and_testing,exception_handling,methodology_question,2,19,duplicate,68,Status of an exception does not change when the sample item is re-tested.
FB-0874,T02,manager,fieldwork_and_testing,field_structure_fit,missing_capability,2,9,fixed,66,Tolerance rule is fixed. Our methodology allows a range here.
FB-0875,T20,manager,fieldwork_and_testing,evidence_viewer,performance,1,18,fixed,63,Multi page documents open on page one every time. Open on the cited page.
FB-0876,T17,associate,fieldwork_and_testing,exception_handling,usability,2,19,declined,74,Exceptions from the inventory run land in one list with no severity or owner.
FB-0877,T04,associate,fieldwork_and_testing,checkpoint_placement,trust_and_explainability,3,17,fixed,66,The review stop comes after the draft is written. It should come before the agent matches cash items.
FB-0878,T17,senior,fieldwork_and_testing,exception_handling,missing_capability,4,19,triaged,89,Exceptions from the payables run land in one list with no severity or owner.
FB-0879,T16,methodology_reviewer,planning_and_risk,provenance_visibility,missing_capability,4,20,fixed,93,Confidence number appears with no note on what it is based on.
FB-0880,T09,manager,planning_and_risk,sample_selection,trust_and_explainability,2,10,fixed,80,Proposed sample excludes items under the threshold with no stated reason.
FB-0881,T02,senior,platform_foundation,data_access_and_permissions,data_access,3,11,fixed,73,Prior year file items are not available to the senior who needs them.
FB-0882,T12,manager,fieldwork_and_testing,checkpoint_placement,methodology_question,3,17,declined,59,Checkpoint at draft conclusion interrupts a run that was going well.
FB-0883,T01,associate,fieldwork_and_testing,keyboard_and_accessibility,usability,2,5,fixed,55,The run timeline cannot be operated without a pointer.
FB-0884,T08,associate,planning_and_risk,field_structure_fit,methodology_question,2,9,triaged,78,Tolerance rule is fixed. Our methodology allows a range here.
FB-0885,T14,associate,fieldwork_and_testing,evidence_viewer,missing_capability,4,18,triaged,74,Zoom resets when switching between two evidence items.
FB-0886,T07,methodology_reviewer,platform_foundation,integration_with_workpapers,usability,3,8,fixed,45,Need the exception list as a table in the workpaper file.
FB-0887,T07,manager,planning_and_risk,field_structure_fit,missing_capability,2,9,fixed,90,No way to mark a required field as not applicable for a small population.
FB-0888,T14,associate,platform_foundation,provenance_visibility,usability,2,20,duplicate,62,Cannot tell which evidence item the agent used for the amount in the revenue draft.
FB-0889,T19,methodology_reviewer,planning_and_risk,review_workflow,missing_capability,3,16,fixed,60,The manager approval and the sign off are two steps that feel like one.
FB-0890,T07,senior,fieldwork_and_testing,terminology,methodology_question,2,12,duplicate,65,Severity scale labels differ between exceptions and feedback.
FB-0891,T12,associate,fieldwork_and_testing,provenance_visibility,trust_and_explainability,4,20,declined,47,Cannot tell which evidence item the agent used for the amount in the fixed assets draft.
FB-0892,T16,manager,platform_foundation,performance,performance,2,15,triaged,55,Run status stays on running after the steps have finished.
FB-0893,T05,manager,planning_and_risk,review_workflow,missing_capability,2,16,triaged,64,The manager approval and the sign off are two steps that feel like one.
FB-0894,T04,associate,fieldwork_and_testing,provenance_visibility,trust_and_explainability,3,20,triaged,70,Cannot tell which evidence item the agent used for the amount in the inventory draft.
FB-0895,T08,senior,planning_and_risk,terminology,usability,2,12,duplicate,69,Run state names are not the ones a senior uses in review.
FB-0896,T17,senior,fieldwork_and_testing,provenance_visibility,trust_and_explainability,3,20,fixed,48,The draft conclusion step shows a result but not the source it came from.
FB-0897,T10,manager,platform_foundation,integration_with_workpapers,defect,3,8,fixed,72,Workpaper reference numbers do not carry into the revenue procedure.
FB-0898,T16,manager,planning_and_risk,provenance_visibility,trust_and_explainability,2,20,triaged,66,The plan step shows a result but not the source it came from.
FB-0899,T14,manager,planning_and_risk,provenance_visibility,trust_and_explainability,2,20,fixed,71,The evidence retrieval step shows a result but not the source it came from.
FB-0900,T04,associate,fieldwork_and_testing,exception_handling,missing_capability,3,19,fixed,75,Status of an exception does not change when the sample item is re-tested.
FB-0901,T05,associate,platform_foundation,evidence_viewer,defect,2,18,fixed,79,Zoom resets when switching between two evidence items.
FB-0902,T03,manager,fieldwork_and_testing,navigation_and_findability,usability,1,14,fixed,53,No saved views for the procedures a manager reviews each day.
FB-0903,T16,manager,planning_and_risk,field_structure_fit,methodology_question,2,9,triaged,92,Two field structures cover the same test with different required evidence.
FB-0904,T01,manager,planning_and_risk,data_access_and_permissions,data_access,3,11,duplicate,70,Permission error message names an internal code and nothing else.
FB-0905,T04,manager,fieldwork_and_testing,provenance_visibility,trust_and_explainability,3,20,triaged,62,Need to open the cited document from the conclusion without searching for it.
FB-0906,T07,associate,fieldwork_and_testing,exception_handling,missing_capability,3,19,triaged,58,Exceptions from the inventory run land in one list with no severity or owner.
FB-0907,T12,associate,planning_and_risk,training_and_onboarding,training,2,7,declined,79,First run needs a walkthrough. The team learned the plan step by trial.
FB-0908,T07,associate,platform_foundation,integration_with_workpapers,usability,1,8,fixed,63,The conclusion export drops the evidence citations.
FB-0909,T08,associate,fieldwork_and_testing,evidence_viewer,usability,4,18,declined,72,Zoom resets when switching between two evidence items.
FB-0910,T06,manager,fieldwork_and_testing,exception_handling,methodology_question,3,19,fixed,64,An exception the agent flagged was a duplicate of one already under investigation.
FB-0911,T20,senior,fieldwork_and_testing,performance,performance,4,15,fixed,55,Opening the procedure list with filters applied takes several seconds.
FB-0912,T01,associate,fieldwork_and_testing,evidence_viewer,defect,1,18,triaged,42,The highlighted span in the inventory invoice sits on the wrong line.
FB-0913,T07,associate,planning_and_risk,provenance_visibility,trust_and_explainability,4,20,fixed,79,Cannot tell which evidence item the agent used for the amount in the inventory draft.
FB-0914,T14,manager,fieldwork_and_testing,exception_handling,defect,3,19,fixed,62,Exceptions from the inventory run land in one list with no severity or owner.
FB-0915,T04,senior,fieldwork_and_testing,checkpoint_placement,methodology_question,2,17,triaged,76,A senior should be able to set where the checkpoint sits for the procedure.
FB-0916,T13,manager,platform_foundation,navigation_and_findability,usability,4,14,fixed,62,Filters on the revenue procedure list reset on every return.
FB-0917,T02,senior,fieldwork_and_testing,exception_handling,usability,2,19,fixed,76,Status of an exception does not change when the sample item is re-tested.
FB-0918,T10,methodology_reviewer,fieldwork_and_testing,exception_handling,missing_capability,2,19,triaged,70,Exceptions from the payables run land in one list with no severity or owner.
FB-0919,T08,data_lead,fieldwork_and_testing,exception_handling,usability,2,19,fixed,74,An exception the agent flagged was a duplicate of one already under investigation.
FB-0920,T17,associate,fieldwork_and_testing,exception_handling,usability,3,19,fixed,89,Status of an exception does not change when the sample item is re-tested.
FB-0921,T05,associate,planning_and_risk,training_and_onboarding,training,3,7,triaged,56,The practice engagement differs from the live one in field structures.
FB-0922,T09,associate,fieldwork_and_testing,exception_handling,defect,3,19,duplicate,74,Exceptions from the inventory run land in one list with no severity or owner.
FB-0923,T17,methodology_reviewer,platform_foundation,data_access_and_permissions,data_access,3,11,fixed,66,Restricted cash evidence shows as retrieved before anyone approved the access.
FB-0924,T13,senior,platform_foundation,evidence_viewer,usability,1,18,fixed,83,Zoom resets when switching between two evidence items.
FB-0925,T03,senior,fieldwork_and_testing,provenance_visibility,trust_and_explainability,2,20,triaged,77,Cannot tell which evidence item the agent used for the amount in the payables draft.
FB-0926,T09,associate,platform_foundation,data_access_and_permissions,missing_capability,3,11,triaged,75,Restricted fixed assets evidence shows as retrieved before anyone approved the access.
FB-0927,T15,senior,platform_foundation,navigation_and_findability,usability,2,14,triaged,75,Filters on the revenue procedure list reset on every return.
FB-0928,T07,associate,platform_foundation,keyboard_and_accessibility,defect,3,5,fixed,56,Tab order skips the approve control on the checkpoint panel.
FB-0929,T20,associate,fieldwork_and_testing,provenance_visibility,usability,2,20,fixed,75,The draft conclusion step shows a result but not the source it came from.
FB-0930,T09,associate,platform_foundation,training_and_onboarding,usability,1,7,fixed,63,First run needs a walkthrough. The team learned the draft conclusion step by trial.
FB-0931,T10,associate,fieldwork_and_testing,exception_handling,defect,4,19,triaged,83,An exception the agent flagged was a duplicate of one already under investigation.
FB-0932,T11,manager,fieldwork_and_testing,provenance_visibility,usability,4,20,fixed,54,The exception detection step shows a result but not the source it came from.
FB-0933,T03,associate,fieldwork_and_testing,provenance_visibility,usability,3,20,duplicate,95,Cannot tell which evidence item the agent used for the amount in the fixed assets draft.
FB-0934,T01,associate,fieldwork_and_testing,checkpoint_placement,methodology_question,3,17,triaged,64,Too many stops on low risk cash procedures. One stop before the conclusion would do.
FB-0935,T18,senior,platform_foundation,performance,performance,1,15,duplicate,69,The plan step on a revenue procedure took long enough that the team moved to other work.
FB-0936,T05,associate,platform_foundation,provenance_visibility,usability,3,20,fixed,73,Need to open the cited document from the conclusion without searching for it.
FB-0937,T10,manager,fieldwork_and_testing,checkpoint_placement,missing_capability,2,17,fixed,75,A manager should be able to set where the checkpoint sits for the procedure.
FB-0938,T18,senior,fieldwork_and_testing,checkpoint_placement,trust_and_explainability,3,17,fixed,96,Checkpoint at matching interrupts a run that was going well.
FB-0939,T02,senior,planning_and_risk,sample_selection,missing_capability,2,10,declined,73,Not clear how the agent proposed selection relates to the monetary unit method.
FB-0940,T05,data_lead,platform_foundation,performance,performance,3,15,fixed,68,Opening the procedure list with filters applied takes several seconds.
FB-0941,T11,senior,fieldwork_and_testing,terminology,usability,3,12,triaged,52,Run state names are not the ones a senior uses in review.
FB-0942,T12,associate,planning_and_risk,checkpoint_placement,trust_and_explainability,3,17,declined,76,The review stop comes after the draft is written. It should come before the agent matches payables items.
FB-0943,T09,senior,platform_foundation,training_and_onboarding,training,2,7,declined,76,The practice engagement differs from the live one in field structures.
FB-0944,T16,associate,platform_foundation,navigation_and_findability,defect,2,14,duplicate,57,Cannot find the procedure again after closing the run timeline.
FB-0945,T07,associate,platform_foundation,provenance_visibility,missing_capability,1,20,triaged,67,Cannot tell which evidence item the agent used for the amount in the cash draft.
FB-0946,T15,data_lead,fieldwork_and_testing,checkpoint_placement,trust_and_explainability,4,17,fixed,76,The review stop comes after the draft is written. It should come before the agent matches fixed assets items.
FB-0947,T15,partner,fieldwork_and_testing,evidence_viewer,usability,1,18,fixed,57,Partial scans render blank instead of showing the readable part.
FB-0948,T16,senior,fieldwork_and_testing,integration_with_workpapers,usability,2,8,fixed,81,The conclusion export drops the evidence citations.
FB-0949,T17,associate,fieldwork_and_testing,provenance_visibility,usability,1,20,fixed,65,The extraction step shows a result but not the source it came from.
FB-0950,T05,partner,fieldwork_and_testing,evidence_viewer,usability,1,18,fixed,74,Zoom resets when switching between two evidence items.
FB-0951,T06,associate,platform_foundation,navigation_and_findability,missing_capability,1,14,triaged,74,Cannot find the procedure again after closing the run timeline.
FB-0952,T17,senior,fieldwork_and_testing,review_workflow,defect,3,16,declined,64,Edits to the draft conclusion are not visible as a diff to the next reviewer.
FB-0953,T19,manager,fieldwork_and_testing,checkpoint_placement,trust_and_explainability,3,17,duplicate,70,Checkpoint at plan interrupts a run that was going well.
FB-0954,T01,senior,fieldwork_and_testing,review_workflow,missing_capability,2,16,fixed,86,Comments on a run are not shown on the cash procedure.
FB-0955,T06,manager,planning_and_risk,sample_selection,missing_capability,2,10,triaged,68,Not clear how the agent proposed selection relates to the monetary unit method.
FB-0956,T02,methodology_reviewer,fieldwork_and_testing,navigation_and_findability,usability,2,14,duplicate,77,No saved views for the procedures a methodology reviewer reviews each day.
FB-0957,T20,associate,fieldwork_and_testing,provenance_visibility,usability,3,20,declined,70,The plan step shows a result but not the source it came from.
FB-0958,T16,manager,fieldwork_and_testing,performance,performance,4,15,triaged,76,Opening the procedure list with filters applied takes several seconds.
FB-0959,T09,manager,platform_foundation,training_and_onboarding,training,3,7,fixed,75,The practice engagement differs from the live one in field structures.
FB-0960,T18,manager,fieldwork_and_testing,sample_selection,missing_capability,1,10,fixed,84,Not clear how the agent proposed selection relates to the monetary unit method.
FB-0961,T09,senior,planning_and_risk,terminology,usability,2,12,triaged,76,Run state names are not the ones a senior uses in review.
FB-0962,T08,associate,fieldwork_and_testing,exception_handling,defect,2,19,fixed,72,Cannot mark an exception as explained without leaving the procedure view.
FB-0963,T19,senior,fieldwork_and_testing,evidence_viewer,missing_capability,2,18,triaged,69,Zoom resets when switching between two evidence items.
FB-0964,T16,methodology_reviewer,platform_foundation,integration_with_workpapers,defect,3,8,duplicate,67,The conclusion export drops the evidence citations.
FB-0965,T01,senior,fieldwork_and_testing,checkpoint_placement,methodology_question,4,17,duplicate,53,The review stop comes after the draft is written. It should come before the agent matches inventory items.
FB-0966,T10,associate,planning_and_risk,sample_selection,missing_capability,2,10,fixed,65,Sample size shown does not match the planned size in the procedure.
FB-0967,T10,senior,fieldwork_and_testing,provenance_visibility,trust_and_explainability,3,20,triaged,46,Cannot tell which evidence item the agent used for the amount in the fixed assets draft.
FB-0968,T06,manager,fieldwork_and_testing,performance,performance,3,15,fixed,52,Large evidence files stall the viewer.
FB-0969,T17,associate,fieldwork_and_testing,review_workflow,missing_capability,2,16,triaged,85,Edits to the draft conclusion are not visible as a diff to the next reviewer.
FB-0970,T10,associate,planning_and_risk,checkpoint_placement,usability,3,17,fixed,66,The review stop comes after the draft is written. It should come before the agent matches cash items.
FB-0971,T18,senior,fieldwork_and_testing,evidence_viewer,usability,3,18,fixed,70,Zoom resets when switching between two evidence items.
FB-0972,T18,senior,platform_foundation,navigation_and_findability,usability,2,14,triaged,69,The path from an exception back to its sample item takes four clicks.
FB-0973,T08,senior,fieldwork_and_testing,terminology,usability,1,12,duplicate,70,Severity scale labels differ between exceptions and feedback.
FB-0974,T01,senior,fieldwork_and_testing,performance,performance,2,15,fixed,69,Large evidence files stall the viewer.
FB-0975,T02,data_lead,platform_foundation,exception_handling,usability,4,19,declined,91,Status of an exception does not change when the sample item is re-tested.
FB-0976,T03,senior,fieldwork_and_testing,data_access_and_permissions,data_access,3,11,declined,84,An associate can see a restricted item that the manager cannot.
FB-0977,T01,senior,planning_and_risk,sample_selection,missing_capability,2,10,duplicate,70,Not clear how the agent proposed selection relates to the monetary unit method.
FB-0978,T04,associate,planning_and_risk,provenance_visibility,trust_and_explainability,3,20,triaged,76,Need to open the cited document from the conclusion without searching for it.
FB-0979,T12,manager,planning_and_risk,terminology,training,2,12,fixed,68,Run state names are not the ones a manager uses in review.
FB-0980,T07,associate,platform_foundation,integration_with_workpapers,missing_capability,3,8,triaged,47,The conclusion export drops the evidence citations.
FB-0981,T09,associate,fieldwork_and_testing,checkpoint_placement,methodology_question,4,17,fixed,63,The review stop comes after the draft is written. It should come before the agent matches payables items.
FB-0982,T07,associate,fieldwork_and_testing,evidence_viewer,usability,2,18,declined,67,Multi page documents open on page one every time. Open on the cited page.
FB-0983,T19,manager,fieldwork_and_testing,provenance_visibility,missing_capability,3,20,fixed,65,Confidence number appears with no note on what it is based on.
FB-0984,T15,associate,platform_foundation,integration_with_workpapers,missing_capability,3,8,fixed,58,Workpaper reference numbers do not carry into the revenue procedure.
FB-0985,T20,associate,planning_and_risk,review_workflow,missing_capability,2,16,fixed,59,A rejected extraction step cannot be rerun on its own. The whole run restarts.
FB-0986,T19,senior,fieldwork_and_testing,provenance_visibility,usability,3,20,fixed,67,Confidence number appears with no note on what it is based on.
FB-0987,T09,associate,platform_foundation,training_and_onboarding,training,2,7,triaged,70,No short guide for a associate on what to check at a checkpoint.
FB-0988,T08,senior,platform_foundation,terminology,usability,1,12,duplicate,60,Severity scale labels differ between exceptions and feedback.
FB-0989,T04,senior,fieldwork_and_testing,checkpoint_placement,missing_capability,2,17,fixed,85,The review stop comes after the draft is written. It should come before the agent matches payables items.
FB-0990,T10,manager,platform_foundation,evidence_viewer,defect,2,18,duplicate,75,Partial scans render blank instead of showing the readable part.
FB-0991,T13,associate,planning_and_risk,field_structure_fit,methodology_question,2,9,fixed,65,No way to mark a required field as not applicable for a small population.
FB-0992,T06,manager,fieldwork_and_testing,exception_handling,usability,2,19,triaged,71,An exception the agent flagged was a duplicate of one already under investigation.
FB-0993,T16,senior,fieldwork_and_testing,provenance_visibility,methodology_question,4,20,duplicate,85,The matching step shows a result but not the source it came from.
FB-0994,T17,data_lead,fieldwork_and_testing,evidence_viewer,usability,2,18,triaged,81,The highlighted span in the fixed assets invoice sits on the wrong line.
FB-0995,T12,senior,fieldwork_and_testing,training_and_onboarding,training,1,7,fixed,76,Office hours answered a question the product should answer in place.
FB-0996,T04,senior,platform_foundation,navigation_and_findability,usability,3,14,triaged,79,Cannot find the procedure again after closing the run timeline.
FB-0997,T02,senior,planning_and_risk,checkpoint_placement,trust_and_explainability,1,17,fixed,63,A senior should be able to set where the checkpoint sits for the procedure.
FB-0998,T09,manager,fieldwork_and_testing,integration_with_workpapers,missing_capability,3,8,fixed,46,Sign off in the platform is not reflected in the workpaper index.
FB-0999,T02,associate,fieldwork_and_testing,checkpoint_placement,usability,2,17,fixed,67,Too many stops on low risk inventory procedures. One stop before the conclusion would do.
FB-1000,T06,associate,fieldwork_and_testing,evidence_viewer,usability,1,18,duplicate,86,Zoom resets when switching between two evidence items.
FB-1001,T13,associate,planning_and_risk,field_structure_fit,missing_capability,2,9,triaged,79,The payables field structure asks for a field this population does not carry.
FB-1002,T02,associate,planning_and_risk,data_access_and_permissions,data_access,4,11,triaged,54,Prior year file items are not available to the associate who needs them.
FB-1003,T03,manager,platform_foundation,data_access_and_permissions,data_access,3,11,fixed,82,Restricted payables evidence shows as retrieved before anyone approved the access.
FB-1004,T09,senior,planning_and_risk,field_structure_fit,methodology_question,1,9,fixed,67,No way to mark a required field as not applicable for a small population.
FB-1005,T20,partner,fieldwork_and_testing,review_workflow,usability,2,16,fixed,73,A rejected exception detection step cannot be rerun on its own. The whole run restarts.
FB-1006,T02,associate,platform_foundation,navigation_and_findability,usability,4,14,triaged,65,The path from an exception back to its sample item takes four clicks.
FB-1007,T06,senior,planning_and_risk,provenance_visibility,trust_and_explainability,3,20,triaged,73,The exception detection step shows a result but not the source it came from.
FB-1008,T15,partner,planning_and_risk,data_access_and_permissions,data_access,3,11,declined,66,Permission error message names an internal code and nothing else.
FB-1009,T18,manager,fieldwork_and_testing,field_structure_fit,usability,1,9,declined,64,Two field structures cover the same test with different required evidence.
FB-1010,T13,associate,fieldwork_and_testing,provenance_visibility,trust_and_explainability,3,20,triaged,81,Need to open the cited document from the conclusion without searching for it.
FB-1011,T04,partner,fieldwork_and_testing,provenance_visibility,missing_capability,2,20,triaged,57,Cannot tell which evidence item the agent used for the amount in the inventory draft.
FB-1012,T05,senior,fieldwork_and_testing,evidence_viewer,defect,1,18,declined,82,Zoom resets when switching between two evidence items.
FB-1013,T13,associate,planning_and_risk,field_structure_fit,methodology_question,3,9,duplicate,79,The inventory field structure asks for a field this population does not carry.
FB-1014,T16,associate,planning_and_risk,field_structure_fit,missing_capability,2,9,triaged,63,The inventory field structure asks for a field this population does not carry.
FB-1015,T12,associate,fieldwork_and_testing,training_and_onboarding,training,1,7,triaged,62,The practice engagement differs from the live one in field structures.
FB-1016,T07,senior,platform_foundation,performance,performance,3,15,fixed,79,Large evidence files stall the viewer.
FB-1017,T08,senior,fieldwork_and_testing,provenance_visibility,trust_and_explainability,2,20,fixed,94,Need to open the cited document from the conclusion without searching for it.
FB-1018,T02,associate,fieldwork_and_testing,evidence_viewer,defect,1,18,duplicate,53,Multi page documents open on page one every time. Open on the cited page.
FB-1019,T13,senior,planning_and_risk,sample_selection,trust_and_explainability,4,10,fixed,54,Sample size shown does not match the planned size in the procedure.
FB-1020,T02,associate,fieldwork_and_testing,provenance_visibility,methodology_question,2,20,triaged,69,The plan step shows a result but not the source it came from.
FB-1021,T18,associate,fieldwork_and_testing,evidence_viewer,usability,2,18,triaged,65,The highlighted span in the payables invoice sits on the wrong line.
FB-1022,T01,associate,fieldwork_and_testing,performance,performance,4,15,fixed,87,Large evidence files stall the viewer.
FB-1023,T17,associate,platform_foundation,performance,performance,2,15,triaged,59,Large evidence files stall the viewer.
FB-1024,T09,methodology_reviewer,planning_and_risk,data_access_and_permissions,missing_capability,1,11,fixed,83,Prior year file items are not available to the methodology reviewer who needs them.
FB-1025,T03,associate,fieldwork_and_testing,checkpoint_placement,methodology_question,2,17,fixed,82,Too many stops on low risk payables procedures. One stop before the conclusion would do.
FB-1026,T01,associate,fieldwork_and_testing,terminology,training,2,12,fixed,76,Run state names are not the ones a associate uses in review.
FB-1027,T16,associate,fieldwork_and_testing,provenance_visibility,usability,3,20,triaged,80,Need to open the cited document from the conclusion without searching for it.
FB-1028,T17,associate,fieldwork_and_testing,exception_handling,defect,3,19,fixed,64,Status of an exception does not change when the sample item is re-tested.
FB-1029,T11,associate,fieldwork_and_testing,checkpoint_placement,usability,3,17,declined,81,The review stop comes after the draft is written. It should come before the agent matches cash items.
FB-1030,T11,associate,fieldwork_and_testing,provenance_visibility,trust_and_explainability,2,20,triaged,63,Confidence number appears with no note on what it is based on.
FB-1031,T13,senior,platform_foundation,navigation_and_findability,usability,2,14,triaged,69,Filters on the revenue procedure list reset on every return.
FB-1032,T17,partner,fieldwork_and_testing,evidence_viewer,performance,4,18,triaged,62,Multi page documents open on page one every time. Open on the cited page.
FB-1033,T17,associate,platform_foundation,keyboard_and_accessibility,missing_capability,2,5,declined,74,Tab order skips the approve control on the checkpoint panel.
FB-1034,T05,associate,fieldwork_and_testing,performance,defect,4,15,duplicate,72,Large evidence files stall the viewer.
FB-1035,T18,manager,planning_and_risk,field_structure_fit,methodology_question,2,9,fixed,77,Two field structures cover the same test with different required evidence.
FB-1036,T06,senior,fieldwork_and_testing,checkpoint_placement,usability,1,17,triaged,65,Too many stops on low risk payables procedures. One stop before the conclusion would do.
FB-1037,T16,manager,fieldwork_and_testing,exception_handling,usability,3,19,fixed,48,Cannot mark an exception as explained without leaving the procedure view.
FB-1038,T20,senior,platform_foundation,navigation_and_findability,usability,2,14,fixed,77,The path from an exception back to its sample item takes four clicks.
FB-1039,T17,manager,platform_foundation,evidence_viewer,defect,3,18,triaged,68,Multi page documents open on page one every time. Open on the cited page.
FB-1040,T09,senior,platform_foundation,exception_handling,usability,3,19,triaged,65,Exceptions from the payables run land in one list with no severity or owner.
FB-1041,T09,methodology_reviewer,planning_and_risk,sample_selection,methodology_question,3,10,declined,55,Need to replace one proposed revenue item with a judgmental pick and keep the rest.
FB-1042,T17,manager,fieldwork_and_testing,provenance_visibility,trust_and_explainability,4,20,fixed,77,Need to open the cited document from the conclusion without searching for it.
FB-1043,T06,data_lead,fieldwork_and_testing,training_and_onboarding,training,2,7,triaged,84,No short guide for a data lead on what to check at a checkpoint.
FB-1044,T02,associate,fieldwork_and_testing,provenance_visibility,trust_and_explainability,2,20,fixed,63,The matching step shows a result but not the source it came from.
FB-1045,T08,data_lead,platform_foundation,evidence_viewer,defect,4,18,fixed,56,Partial scans render blank instead of showing the readable part.
FB-1046,T06,partner,planning_and_risk,sample_selection,trust_and_explainability,2,10,triaged,71,Sample size shown does not match the planned size in the procedure.
FB-1047,T04,methodology_reviewer,fieldwork_and_testing,exception_handling,usability,2,19,triaged,68,Cannot mark an exception as explained without leaving the procedure view.
FB-1048,T17,senior,fieldwork_and_testing,provenance_visibility,usability,3,20,declined,56,The matching step shows a result but not the source it came from.
FB-1049,T06,associate,platform_foundation,training_and_onboarding,training,3,7,triaged,50,No short guide for a associate on what to check at a checkpoint.
FB-1050,T06,associate,fieldwork_and_testing,integration_with_workpapers,defect,2,8,duplicate,63,Sign off in the platform is not reflected in the workpaper index.
FB-1051,T04,associate,fieldwork_and_testing,provenance_visibility,missing_capability,4,20,fixed,67,Confidence number appears with no note on what it is based on.
FB-1052,T07,associate,planning_and_risk,field_structure_fit,missing_capability,2,9,fixed,65,No way to mark a required field as not applicable for a small population.
FB-1053,T01,associate,platform_foundation,performance,defect,3,15,fixed,73,Run status stays on running after the steps have finished.
FB-1054,T14,associate,platform_foundation,training_and_onboarding,training,2,7,fixed,88,Office hours answered a question the product should answer in place.
FB-1055,T19,associate,platform_foundation,data_access_and_permissions,missing_capability,4,11,declined,70,Restricted fixed assets evidence shows as retrieved before anyone approved the access.
FB-1056,T06,manager,fieldwork_and_testing,evidence_viewer,usability,2,18,fixed,95,Zoom resets when switching between two evidence items.
FB-1057,T07,manager,fieldwork_and_testing,integration_with_workpapers,missing_capability,4,8,declined,76,Need the exception list as a table in the workpaper file.
FB-1058,T13,manager,planning_and_risk,provenance_visibility,trust_and_explainability,2,20,fixed,80,Cannot tell which evidence item the agent used for the amount in the revenue draft.
FB-1059,T01,partner,platform_foundation,keyboard_and_accessibility,usability,3,5,fixed,67,Status is shown by color alone in the fixed assets procedure list.
FB-1060,T02,methodology_reviewer,platform_foundation,keyboard_and_accessibility,defect,3,5,fixed,87,The focus ring is not visible on the dark theme grid.
FB-1061,T08,partner,planning_and_risk,field_structure_fit,methodology_question,3,9,fixed,45,The cash field structure asks for a field this population does not carry.
FB-1062,T12,data_lead,fieldwork_and_testing,evidence_viewer,usability,3,18,duplicate,83,Multi page documents open on page one every time. Open on the cited page.
FB-1063,T11,associate,planning_and_risk,review_workflow,usability,2,16,triaged,74,Comments on a run are not shown on the inventory procedure.
FB-1064,T09,manager,planning_and_risk,checkpoint_placement,usability,2,17,fixed,59,A manager should be able to set where the checkpoint sits for the procedure.
FB-1065,T10,associate,fieldwork_and_testing,navigation_and_findability,defect,3,14,fixed,77,Filters on the cash procedure list reset on every return.
FB-1066,T07,senior,planning_and_risk,sample_selection,methodology_question,3,10,fixed,61,Not clear how the agent proposed selection relates to the monetary unit method.
FB-1067,T02,associate,fieldwork_and_testing,provenance_visibility,missing_capability,3,20,duplicate,71,Need to open the cited document from the conclusion without searching for it.
FB-1068,T10,associate,platform_foundation,performance,defect,4,15,duplicate,71,Opening the procedure list with filters applied takes several seconds.
FB-1069,T06,associate,platform_foundation,training_and_onboarding,training,2,7,duplicate,56,No short guide for a associate on what to check at a checkpoint.
FB-1070,T01,manager,fieldwork_and_testing,checkpoint_placement,usability,3,17,triaged,70,Checkpoint at evidence retrieval interrupts a run that was going well.
FB-1071,T14,manager,fieldwork_and_testing,evidence_viewer,defect,2,18,fixed,85,Multi page documents open on page one every time. Open on the cited page.
FB-1072,T06,senior,fieldwork_and_testing,review_workflow,missing_capability,1,16,duplicate,47,A rejected extraction step cannot be rerun on its own. The whole run restarts.
FB-1073,T01,partner,fieldwork_and_testing,terminology,methodology_question,1,12,fixed,72,The label on the matching step uses a word the methodology does not use.
FB-1074,T17,senior,planning_and_risk,data_access_and_permissions,missing_capability,3,11,duplicate,60,Prior year file items are not available to the senior who needs them.
FB-1075,T07,data_lead,fieldwork_and_testing,review_workflow,missing_capability,4,16,triaged,77,Edits to the draft conclusion are not visible as a diff to the next reviewer.
FB-1076,T05,data_lead,fieldwork_and_testing,review_workflow,usability,2,16,triaged,78,The manager approval and the sign off are two steps that feel like one.
FB-1077,T10,associate,fieldwork_and_testing,evidence_viewer,performance,3,18,triaged,69,Partial scans render blank instead of showing the readable part.
FB-1078,T11,associate,fieldwork_and_testing,exception_handling,usability,4,19,triaged,67,Cannot mark an exception as explained without leaving the procedure view.
FB-1079,T03,associate,fieldwork_and_testing,data_access_and_permissions,data_access,2,11,triaged,77,Permission error message names an internal code and nothing else.
FB-1080,T06,senior,platform_foundation,performance,performance,3,15,fixed,62,Large evidence files stall the viewer.
FB-1081,T11,senior,fieldwork_and_testing,exception_handling,defect,2,19,duplicate,66,Cannot mark an exception as explained without leaving the procedure view.
FB-1082,T07,senior,fieldwork_and_testing,review_workflow,missing_capability,4,16,duplicate,65,Edits to the draft conclusion are not visible as a diff to the next reviewer.
FB-1083,T18,associate,fieldwork_and_testing,checkpoint_placement,trust_and_explainability,1,17,fixed,55,Too many stops on low risk revenue procedures. One stop before the conclusion would do.
FB-1084,T01,associate,platform_foundation,performance,defect,2,15,triaged,60,Opening the procedure list with filters applied takes several seconds.
FB-1085,T15,methodology_reviewer,platform_foundation,data_access_and_permissions,defect,3,11,duplicate,76,Prior year file items are not available to the methodology reviewer who needs them.
FB-1086,T08,associate,fieldwork_and_testing,field_structure_fit,methodology_question,2,9,triaged,60,Tolerance rule is fixed. Our methodology allows a range here.
FB-1087,T15,senior,fieldwork_and_testing,exception_handling,defect,2,19,duplicate,79,Exceptions from the fixed assets run land in one list with no severity or owner.
FB-1088,T04,associate,fieldwork_and_testing,exception_handling,usability,3,19,triaged,74,Cannot mark an exception as explained without leaving the procedure view.
FB-1089,T17,manager,fieldwork_and_testing,exception_handling,defect,2,19,duplicate,84,An exception the agent flagged was a duplicate of one already under investigation.
FB-1090,T17,manager,platform_foundation,performance,performance,2,15,triaged,89,Run status stays on running after the steps have finished.
FB-1091,T07,partner,fieldwork_and_testing,review_workflow,defect,3,16,triaged,65,Edits to the draft conclusion are not visible as a diff to the next reviewer.
FB-1092,T16,senior,fieldwork_and_testing,exception_handling,usability,1,19,declined,71,Status of an exception does not change when the sample item is re-tested.
FB-1093,T09,senior,fieldwork_and_testing,evidence_viewer,performance,4,18,fixed,72,The highlighted span in the cash invoice sits on the wrong line.
FB-1094,T06,senior,planning_and_risk,field_structure_fit,missing_capability,2,9,fixed,59,No way to mark a required field as not applicable for a small population.
FB-1095,T07,associate,planning_and_risk,navigation_and_findability,usability,1,14,fixed,55,No saved views for the procedures a associate reviews each day.
FB-1096,T07,data_lead,platform_foundation,integration_with_workpapers,missing_capability,3,8,fixed,61,Sign off in the platform is not reflected in the workpaper index.
FB-1097,T03,senior,platform_foundation,review_workflow,defect,3,16,triaged,51,The manager approval and the sign off are two steps that feel like one.
FB-1098,T07,senior,fieldwork_and_testing,performance,performance,3,15,declined,72,Large evidence files stall the viewer.
FB-1099,T12,senior,fieldwork_and_testing,training_and_onboarding,usability,3,7,declined,47,The practice engagement differs from the live one in field structures.
FB-1100,T03,manager,platform_foundation,data_access_and_permissions,data_access,3,11,triaged,65,Restricted cash evidence shows as retrieved before anyone approved the access.
FB-1101,T18,associate,fieldwork_and_testing,checkpoint_placement,usability,3,17,duplicate,97,Checkpoint at plan interrupts a run that was going well.
FB-1102,T18,partner,platform_foundation,keyboard_and_accessibility,usability,2,5,triaged,76,Status is shown by color alone in the cash procedure list.
FB-1103,T05,senior,fieldwork_and_testing,review_workflow,defect,2,16,fixed,62,Comments on a run are not shown on the fixed assets procedure.
FB-1104,T18,associate,planning_and_risk,provenance_visibility,missing_capability,4,20,fixed,68,Need to open the cited document from the conclusion without searching for it.
FB-1105,T20,associate,planning_and_risk,checkpoint_placement,usability,1,17,triaged,77,Checkpoint at exception detection interrupts a run that was going well.
FB-1106,T20,senior,planning_and_risk,navigation_and_findability,usability,2,14,fixed,89,No saved views for the procedures a senior reviews each day.
FB-1107,T02,senior,platform_foundation,review_workflow,usability,3,16,declined,76,The manager approval and the sign off are two steps that feel like one.
FB-1108,T19,manager,platform_foundation,terminology,training,2,12,fixed,55,Field structure and template mean the same thing on two screens.
FB-1109,T06,manager,planning_and_risk,exception_handling,usability,4,19,declined,66,Cannot mark an exception as explained without leaving the procedure view.
FB-1110,T11,senior,fieldwork_and_testing,review_workflow,missing_capability,3,16,triaged,70,Comments on a run are not shown on the inventory procedure.
FB-1111,T06,senior,fieldwork_and_testing,exception_handling,missing_capability,2,19,fixed,73,Cannot mark an exception as explained without leaving the procedure view.
FB-1112,T01,senior,planning_and_risk,sample_selection,methodology_question,4,10,declined,54,Need to replace one proposed payables item with a judgmental pick and keep the rest.
FB-1113,T18,associate,fieldwork_and_testing,exception_handling,usability,4,19,fixed,78,Exceptions from the inventory run land in one list with no severity or owner.
FB-1114,T01,manager,fieldwork_and_testing,terminology,usability,2,12,fixed,79,Severity scale labels differ between exceptions and feedback.
FB-1115,T04,partner,fieldwork_and_testing,provenance_visibility,usability,3,20,fixed,69,Cannot tell which evidence item the agent used for the amount in the revenue draft.
FB-1116,T17,associate,platform_foundation,performance,performance,2,15,triaged,65,Run status stays on running after the steps have finished.
FB-1117,T09,associate,fieldwork_and_testing,exception_handling,usability,1,19,triaged,73,Cannot mark an exception as explained without leaving the procedure view.
FB-1118,T02,associate,planning_and_risk,sample_selection,methodology_question,2,10,fixed,63,Sample size shown does not match the planned size in the procedure.
FB-1119,T19,senior,fieldwork_and_testing,evidence_viewer,defect,2,18,triaged,69,Partial scans render blank instead of showing the readable part.
FB-1120,T11,senior,fieldwork_and_testing,evidence_viewer,usability,2,18,fixed,70,Partial scans render blank instead of showing the readable part.
FB-1121,T13,associate,fieldwork_and_testing,evidence_viewer,usability,2,18,fixed,52,Partial scans render blank instead of showing the readable part.
FB-1122,T05,associate,planning_and_risk,review_workflow,usability,3,16,fixed,63,Edits to the draft conclusion are not visible as a diff to the next reviewer.
FB-1123,T02,associate,fieldwork_and_testing,evidence_viewer,missing_capability,2,18,triaged,60,Zoom resets when switching between two evidence items.
FB-1124,T15,manager,planning_and_risk,field_structure_fit,methodology_question,3,9,duplicate,84,Tolerance rule is fixed. Our methodology allows a range here.
FB-1125,T13,associate,planning_and_risk,field_structure_fit,methodology_question,1,9,duplicate,73,Tolerance rule is fixed. Our methodology allows a range here.
FB-1126,T08,associate,fieldwork_and_testing,field_structure_fit,missing_capability,2,9,triaged,68,The revenue field structure asks for a field this population does not carry.
FB-1127,T18,associate,fieldwork_and_testing,exception_handling,usability,3,19,fixed,83,Status of an exception does not change when the sample item is re-tested.
FB-1128,T01,senior,platform_foundation,terminology,usability,3,12,fixed,72,Severity scale labels differ between exceptions and feedback.
FB-1129,T03,manager,planning_and_risk,checkpoint_placement,methodology_question,3,17,fixed,70,A manager should be able to set where the checkpoint sits for the procedure.
FB-1130,T07,associate,platform_foundation,terminology,methodology_question,3,12,triaged,45,The label on the draft conclusion step uses a word the methodology does not use.
FB-1131,T07,associate,platform_foundation,evidence_viewer,missing_capability,1,18,fixed,77,The highlighted span in the inventory invoice sits on the wrong line.
FB-1132,T09,manager,planning_and_risk,field_structure_fit,methodology_question,3,9,declined,74,The cash field structure asks for a field this population does not carry.
FB-1133,T12,manager,platform_foundation,training_and_onboarding,training,1,7,fixed,75,The practice engagement differs from the live one in field structures.
FB-1134,T01,senior,planning_and_risk,sample_selection,methodology_question,2,10,fixed,82,Proposed sample excludes items under the threshold with no stated reason.
FB-1135,T10,associate,planning_and_risk,navigation_and_findability,usability,1,14,triaged,58,No saved views for the procedures a associate reviews each day.
FB-1136,T10,senior,fieldwork_and_testing,evidence_viewer,usability,4,18,triaged,79,Partial scans render blank instead of showing the readable part.
FB-1137,T19,partner,planning_and_risk,data_access_and_permissions,data_access,3,11,triaged,50,Prior year file items are not available to the partner who needs them.
FB-1138,T19,senior,planning_and_risk,review_workflow,usability,2,16,triaged,56,A rejected draft conclusion step cannot be rerun on its own. The whole run restarts.
FB-1139,T12,manager,platform_foundation,provenance_visibility,usability,3,20,declined,97,The exception detection step shows a result but not the source it came from.
FB-1140,T18,senior,planning_and_risk,provenance_visibility,usability,2,20,fixed,64,Cannot tell which evidence item the agent used for the amount in the fixed assets draft.
FB-1141,T02,manager,fieldwork_and_testing,sample_selection,methodology_question,2,10,declined,62,Proposed sample excludes items under the threshold with no stated reason.
FB-1142,T07,senior,fieldwork_and_testing,exception_handling,defect,3,19,triaged,90,Cannot mark an exception as explained without leaving the procedure view.
FB-1143,T18,associate,platform_foundation,data_access_and_permissions,data_access,3,11,declined,65,Prior year file items are not available to the associate who needs them.
FB-1144,T10,associate,fieldwork_and_testing,evidence_viewer,performance,2,18,triaged,84,Zoom resets when switching between two evidence items.
FB-1145,T12,associate,fieldwork_and_testing,evidence_viewer,defect,2,18,declined,57,Multi page documents open on page one every time. Open on the cited page.
FB-1146,T02,senior,fieldwork_and_testing,provenance_visibility,trust_and_explainability,1,20,fixed,61,Need to open the cited document from the conclusion without searching for it.
FB-1147,T06,senior,platform_foundation,evidence_viewer,usability,3,18,triaged,42,Multi page documents open on page one every time. Open on the cited page.
FB-1148,T18,senior,platform_foundation,data_access_and_permissions,missing_capability,2,11,duplicate,64,Restricted cash evidence shows as retrieved before anyone approved the access.
FB-1149,T04,senior,fieldwork_and_testing,exception_handling,usability,4,19,duplicate,80,Status of an exception does not change when the sample item is re-tested.
FB-1150,T01,methodology_reviewer,platform_foundation,keyboard_and_accessibility,usability,3,5,fixed,95,Tab order skips the approve control on the checkpoint panel.
FB-1151,T15,senior,platform_foundation,performance,performance,3,15,fixed,54,Large evidence files stall the viewer.
FB-1152,T15,manager,fieldwork_and_testing,exception_handling,missing_capability,4,19,fixed,54,An exception the agent flagged was a duplicate of one already under investigation.
FB-1153,T15,methodology_reviewer,platform_foundation,integration_with_workpapers,missing_capability,3,8,fixed,61,Need the exception list as a table in the workpaper file.
FB-1154,T08,senior,fieldwork_and_testing,evidence_viewer,usability,2,18,triaged,60,The highlighted span in the fixed assets invoice sits on the wrong line.
FB-1155,T10,manager,fieldwork_and_testing,review_workflow,defect,2,16,fixed,62,Edits to the draft conclusion are not visible as a diff to the next reviewer.
FB-1156,T15,senior,platform_foundation,exception_handling,defect,4,19,declined,56,An exception the agent flagged was a duplicate of one already under investigation.
FB-1157,T04,associate,platform_foundation,navigation_and_findability,missing_capability,2,14,triaged,74,Cannot find the procedure again after closing the run timeline.
FB-1158,T03,senior,fieldwork_and_testing,checkpoint_placement,usability,2,17,triaged,68,Too many stops on low risk revenue procedures. One stop before the conclusion would do.
FB-1159,T02,manager,fieldwork_and_testing,provenance_visibility,usability,3,20,triaged,72,Need to open the cited document from the conclusion without searching for it.
FB-1160,T18,associate,planning_and_risk,navigation_and_findability,usability,2,14,triaged,73,Filters on the revenue procedure list reset on every return.
FB-1161,T17,associate,platform_foundation,keyboard_and_accessibility,defect,4,5,triaged,76,The focus ring is not visible on the dark theme grid.
FB-1162,T07,associate,fieldwork_and_testing,provenance_visibility,trust_and_explainability,2,20,fixed,86,Need to open the cited document from the conclusion without searching for it.
FB-1163,T11,data_lead,platform_foundation,terminology,training,1,12,triaged,78,The label on the evidence retrieval step uses a word the methodology does not use.
FB-1164,T04,associate,fieldwork_and_testing,navigation_and_findability,missing_capability,1,14,triaged,79,Filters on the cash procedure list reset on every return.
FB-1165,T10,senior,platform_foundation,performance,performance,3,15,declined,82,The evidence retrieval step on a fixed assets procedure took long enough that the team moved to other work.
FB-1166,T11,manager,fieldwork_and_testing,evidence_viewer,usability,4,18,fixed,91,Multi page documents open on page one every time. Open on the cited page.
FB-1167,T09,associate,fieldwork_and_testing,integration_with_workpapers,missing_capability,3,8,declined,77,The conclusion export drops the evidence citations.
FB-1168,T18,senior,platform_foundation,evidence_viewer,usability,2,18,triaged,84,Multi page documents open on page one every time. Open on the cited page.
FB-1169,T09,senior,fieldwork_and_testing,exception_handling,usability,2,19,declined,72,Exceptions from the payables run land in one list with no severity or owner.
FB-1170,T20,senior,platform_foundation,data_access_and_permissions,data_access,3,11,fixed,63,Prior year file items are not available to the senior who needs them.
FB-1171,T20,associate,fieldwork_and_testing,provenance_visibility,trust_and_explainability,2,20,triaged,71,Confidence number appears with no note on what it is based on.
FB-1172,T17,associate,fieldwork_and_testing,exception_handling,usability,2,19,triaged,85,Exceptions from the inventory run land in one list with no severity or owner.
FB-1173,T02,associate,platform_foundation,data_access_and_permissions,defect,2,11,triaged,61,An associate can see a restricted item that the manager cannot.
FB-1174,T16,associate,fieldwork_and_testing,integration_with_workpapers,usability,3,8,fixed,63,Sign off in the platform is not reflected in the workpaper index.
FB-1175,T06,senior,platform_foundation,performance,performance,2,15,duplicate,58,Run status stays on running after the steps have finished.
FB-1176,T09,associate,platform_foundation,terminology,usability,2,12,triaged,64,Severity scale labels differ between exceptions and feedback.
FB-1177,T14,methodology_reviewer,fieldwork_and_testing,exception_handling,usability,4,19,fixed,72,Status of an exception does not change when the sample item is re-tested.
FB-1178,T19,associate,fieldwork_and_testing,provenance_visibility,trust_and_explainability,1,20,triaged,79,Need to open the cited document from the conclusion without searching for it.
FB-1179,T05,senior,fieldwork_and_testing,evidence_viewer,defect,2,18,declined,63,Zoom resets when switching between two evidence items.
FB-1180,T20,senior,platform_foundation,data_access_and_permissions,defect,3,11,fixed,72,An associate can see a restricted item that the manager cannot.
FB-1181,T17,partner,planning_and_risk,training_and_onboarding,training,1,7,duplicate,60,No short guide for a partner on what to check at a checkpoint.
FB-1182,T09,associate,fieldwork_and_testing,review_workflow,usability,4,16,triaged,70,The manager approval and the sign off are two steps that feel like one.
FB-1183,T07,manager,platform_foundation,keyboard_and_accessibility,usability,2,5,triaged,52,The focus ring is not visible on the dark theme grid.
FB-1184,T02,senior,fieldwork_and_testing,evidence_viewer,performance,3,18,triaged,82,Partial scans render blank instead of showing the readable part.
FB-1185,T03,associate,planning_and_risk,navigation_and_findability,usability,1,14,declined,70,No saved views for the procedures a associate reviews each day.
FB-1186,T19,associate,fieldwork_and_testing,exception_handling,usability,2,19,fixed,56,An exception the agent flagged was a duplicate of one already under investigation.
FB-1187,T02,associate,fieldwork_and_testing,provenance_visibility,missing_capability,4,20,triaged,85,Confidence number appears with no note on what it is based on.
FB-1188,T13,senior,planning_and_risk,terminology,usability,1,12,fixed,63,Severity scale labels differ between exceptions and feedback.
FB-1189,T13,senior,fieldwork_and_testing,sample_selection,methodology_question,3,10,fixed,61,Sample size shown does not match the planned size in the procedure.
FB-1190,T11,associate,planning_and_risk,review_workflow,usability,3,16,fixed,80,A rejected evidence retrieval step cannot be rerun on its own. The whole run restarts.
FB-1191,T14,associate,fieldwork_and_testing,review_workflow,missing_capability,4,16,fixed,67,Edits to the draft conclusion are not visible as a diff to the next reviewer.
FB-1192,T01,associate,fieldwork_and_testing,exception_handling,missing_capability,3,19,fixed,65,Cannot mark an exception as explained without leaving the procedure view.
FB-1193,T09,manager,fieldwork_and_testing,evidence_viewer,defect,4,18,fixed,70,The highlighted span in the revenue invoice sits on the wrong line.
FB-1194,T13,associate,planning_and_risk,provenance_visibility,trust_and_explainability,4,20,fixed,59,Need to open the cited document from the conclusion without searching for it.
FB-1195,T07,associate,fieldwork_and_testing,exception_handling,usability,2,19,triaged,80,Status of an exception does not change when the sample item is re-tested.
FB-1196,T09,manager,planning_and_risk,training_and_onboarding,training,2,7,triaged,72,No short guide for a manager on what to check at a checkpoint.
FB-1197,T06,associate,fieldwork_and_testing,provenance_visibility,trust_and_explainability,3,20,triaged,70,Cannot tell which evidence item the agent used for the amount in the revenue draft.
FB-1198,T18,associate,planning_and_risk,sample_selection,missing_capability,2,10,fixed,68,Not clear how the agent proposed selection relates to the monetary unit method.
FB-1199,T02,senior,platform_foundation,keyboard_and_accessibility,defect,2,5,declined,69,Tab order skips the approve control on the checkpoint panel.
FB-1200,T05,senior,planning_and_risk,sample_selection,missing_capability,1,10,triaged,88,Need to replace one proposed payables item with a judgmental pick and keep the rest.
FB-1201,T09,manager,platform_foundation,provenance_visibility,missing_capability,1,20,fixed,59,Cannot tell which evidence item the agent used for the amount in the inventory draft.
FB-1202,T03,senior,platform_foundation,performance,performance,2,15,triaged,64,The draft conclusion step on a revenue procedure took long enough that the team moved to other work.
FB-1203,T11,senior,fieldwork_and_testing,checkpoint_placement,trust_and_explainability,2,17,fixed,53,Too many stops on low risk revenue procedures. One stop before the conclusion would do.
FB-1204,T17,associate,fieldwork_and_testing,exception_handling,defect,3,19,triaged,60,An exception the agent flagged was a duplicate of one already under investigation.
FB-1205,T16,manager,fieldwork_and_testing,evidence_viewer,defect,3,18,fixed,64,Zoom resets when switching between two evidence items.
FB-1206,T09,senior,fieldwork_and_testing,provenance_visibility,usability,2,20,triaged,71,The exception detection step shows a result but not the source it came from.
FB-1207,T20,manager,platform_foundation,provenance_visibility,trust_and_explainability,1,20,fixed,78,Cannot tell which evidence item the agent used for the amount in the cash draft.
FB-1208,T13,methodology_reviewer,platform_foundation,provenance_visibility,trust_and_explainability,2,20,fixed,66,Need to open the cited document from the conclusion without searching for it.
FB-1209,T11,manager,fieldwork_and_testing,checkpoint_placement,usability,3,17,fixed,86,The review stop comes after the draft is written. It should come before the agent matches payables items.
FB-1210,T17,data_lead,fieldwork_and_testing,performance,defect,1,15,triaged,89,Large evidence files stall the viewer.
FB-1211,T06,methodology_reviewer,planning_and_risk,sample_selection,methodology_question,2,10,fixed,68,Sample size shown does not match the planned size in the procedure.
FB-1212,T07,senior,fieldwork_and_testing,review_workflow,defect,3,16,fixed,78,The manager approval and the sign off are two steps that feel like one.
FB-1213,T18,senior,fieldwork_and_testing,provenance_visibility,missing_capability,3,20,fixed,79,Cannot tell which evidence item the agent used for the amount in the inventory draft.
FB-1214,T20,associate,fieldwork_and_testing,review_workflow,missing_capability,2,16,fixed,42,Edits to the draft conclusion are not visible as a diff to the next reviewer.
FB-1215,T17,associate,planning_and_risk,provenance_visibility,trust_and_explainability,3,20,fixed,64,Confidence number appears with no note on what it is based on.
FB-1216,T16,associate,fieldwork_and_testing,field_structure_fit,missing_capability,1,9,declined,86,Two field structures cover the same test with different required evidence.
FB-1217,T11,senior,fieldwork_and_testing,evidence_viewer,missing_capability,3,18,triaged,63,Partial scans render blank instead of showing the readable part.
FB-1218,T01,associate,fieldwork_and_testing,evidence_viewer,defect,3,18,fixed,80,Zoom resets when switching between two evidence items.
FB-1219,T01,manager,platform_foundation,review_workflow,usability,1,16,fixed,57,The manager approval and the sign off are two steps that feel like one.
FB-1220,T12,manager,fieldwork_and_testing,review_workflow,usability,3,16,duplicate,71,A rejected plan step cannot be rerun on its own. The whole run restarts.
FB-1221,T18,manager,fieldwork_and_testing,performance,performance,3,15,fixed,75,Large evidence files stall the viewer.
FB-1222,T03,associate,fieldwork_and_testing,checkpoint_placement,missing_capability,3,17,fixed,64,Checkpoint at extraction interrupts a run that was going well.
FB-1223,T20,associate,fieldwork_and_testing,evidence_viewer,missing_capability,2,18,fixed,63,Zoom resets when switching between two evidence items.
FB-1224,T09,senior,planning_and_risk,sample_selection,methodology_question,3,10,fixed,70,Sample size shown does not match the planned size in the procedure.
FB-1225,T10,senior,platform_foundation,checkpoint_placement,trust_and_explainability,1,17,fixed,56,A senior should be able to set where the checkpoint sits for the procedure.
FB-1226,T13,associate,fieldwork_and_testing,exception_handling,defect,3,19,declined,64,Cannot mark an exception as explained without leaving the procedure view.
FB-1227,T04,associate,platform_foundation,navigation_and_findability,missing_capability,1,14,triaged,69,Filters on the fixed assets procedure list reset on every return.
FB-1228,T08,manager,planning_and_risk,data_access_and_permissions,data_access,3,11,fixed,63,An associate can see a restricted item that the manager cannot.
FB-1229,T16,manager,platform_foundation,evidence_viewer,usability,1,18,triaged,81,Multi page documents open on page one every time. Open on the cited page.
FB-1230,T08,manager,platform_foundation,provenance_visibility,trust_and_explainability,2,20,triaged,70,Confidence number appears with no note on what it is based on.
FB-1231,T08,associate,platform_foundation,data_access_and_permissions,data_access,3,11,triaged,51,Permission error message names an internal code and nothing else.
FB-1232,T13,partner,planning_and_risk,exception_handling,defect,2,19,fixed,77,Status of an exception does not change when the sample item is re-tested.
FB-1233,T18,senior,fieldwork_and_testing,field_structure_fit,missing_capability,2,9,declined,56,Two field structures cover the same test with different required evidence.
FB-1234,T04,associate,fieldwork_and_testing,review_workflow,methodology_question,1,16,triaged,61,A rejected matching step cannot be rerun on its own. The whole run restarts.
FB-1235,T14,senior,fieldwork_and_testing,provenance_visibility,trust_and_explainability,2,20,duplicate,46,Cannot tell which evidence item the agent used for the amount in the inventory draft.
FB-1236,T16,manager,platform_foundation,exception_handling,defect,2,19,fixed,45,Status of an exception does not change when the sample item is re-tested.
FB-1237,T09,senior,planning_and_risk,field_structure_fit,missing_capability,2,9,triaged,81,The payables field structure asks for a field this population does not carry.
FB-1238,T08,manager,fieldwork_and_testing,evidence_viewer,performance,1,18,fixed,68,The highlighted span in the fixed assets invoice sits on the wrong line.
FB-1239,T08,data_lead,planning_and_risk,field_structure_fit,usability,1,9,triaged,72,No way to mark a required field as not applicable for a small population.
FB-1240,T10,senior,fieldwork_and_testing,exception_handling,missing_capability,2,19,fixed,56,An exception the agent flagged was a duplicate of one already under investigation.
FB-1241,T12,senior,fieldwork_and_testing,review_workflow,usability,1,16,triaged,97,Edits to the draft conclusion are not visible as a diff to the next reviewer.
FB-1242,T19,manager,fieldwork_and_testing,checkpoint_placement,methodology_question,3,17,triaged,56,Too many stops on low risk payables procedures. One stop before the conclusion would do.
FB-1243,T13,associate,fieldwork_and_testing,field_structure_fit,methodology_question,2,9,fixed,75,Two field structures cover the same test with different required evidence.
FB-1244,T18,senior,planning_and_risk,field_structure_fit,methodology_question,2,9,triaged,74,No way to mark a required field as not applicable for a small population.
FB-1245,T08,associate,fieldwork_and_testing,evidence_viewer,missing_capability,3,18,declined,77,Multi page documents open on page one every time. Open on the cited page.
FB-1246,T03,associate,planning_and_risk,data_access_and_permissions,defect,3,11,triaged,91,An associate can see a restricted item that the manager cannot.
FB-1247,T15,manager,platform_foundation,navigation_and_findability,missing_capability,2,14,declined,89,The path from an exception back to its sample item takes four clicks.
FB-1248,T11,manager,fieldwork_and_testing,provenance_visibility,trust_and_explainability,2,20,declined,76,The draft conclusion step shows a result but not the source it came from.
FB-1249,T07,senior,fieldwork_and_testing,review_workflow,missing_capability,2,16,fixed,49,The manager approval and the sign off are two steps that feel like one.
FB-1250,T16,manager,planning_and_risk,field_structure_fit,missing_capability,2,9,fixed,81,Two field structures cover the same test with different required evidence.
FB-1251,T17,manager,platform_foundation,data_access_and_permissions,data_access,1,11,triaged,59,Restricted cash evidence shows as retrieved before anyone approved the access.
FB-1252,T13,senior,fieldwork_and_testing,evidence_viewer,usability,2,18,declined,73,Multi page documents open on page one every time. Open on the cited page.
FB-1253,T09,manager,planning_and_risk,provenance_visibility,trust_and_explainability,3,20,triaged,70,The matching step shows a result but not the source it came from.
FB-1254,T17,manager,fieldwork_and_testing,exception_handling,usability,3,19,duplicate,53,An exception the agent flagged was a duplicate of one already under investigation.
FB-1255,T06,associate,fieldwork_and_testing,exception_handling,usability,3,19,fixed,82,Exceptions from the revenue run land in one list with no severity or owner.
FB-1256,T20,associate,fieldwork_and_testing,provenance_visibility,usability,2,20,fixed,59,Cannot tell which evidence item the agent used for the amount in the payables draft.
FB-1257,T20,manager,fieldwork_and_testing,performance,performance,2,15,duplicate,93,Run status stays on running after the steps have finished.
FB-1258,T01,associate,platform_foundation,performance,performance,2,15,triaged,58,The evidence retrieval step on a cash procedure took long enough that the team moved to other work.
FB-1259,T18,senior,planning_and_risk,data_access_and_permissions,data_access,4,11,fixed,70,Prior year file items are not available to the senior who needs them.
FB-1260,T02,associate,fieldwork_and_testing,review_workflow,missing_capability,1,16,triaged,57,Comments on a run are not shown on the inventory procedure.
FB-1261,T14,manager,platform_foundation,evidence_viewer,performance,2,18,duplicate,61,Zoom resets when switching between two evidence items.
FB-1262,T03,manager,platform_foundation,exception_handling,missing_capability,4,19,fixed,78,Status of an exception does not change when the sample item is re-tested.
FB-1263,T18,senior,fieldwork_and_testing,exception_handling,defect,2,19,fixed,67,Cannot mark an exception as explained without leaving the procedure view.
FB-1264,T17,senior,platform_foundation,performance,performance,4,15,triaged,81,Opening the procedure list with filters applied takes several seconds.
FB-1265,T09,methodology_reviewer,fieldwork_and_testing,provenance_visibility,usability,3,20,triaged,46,Need to open the cited document from the conclusion without searching for it.
FB-1266,T09,associate,platform_foundation,performance,performance,1,15,duplicate,53,Run status stays on running after the steps have finished.
FB-1267,T17,associate,fieldwork_and_testing,review_workflow,missing_capability,2,16,fixed,54,A rejected extraction step cannot be rerun on its own. The whole run restarts.
FB-1268,T17,manager,fieldwork_and_testing,exception_handling,defect,2,19,fixed,66,Exceptions from the fixed assets run land in one list with no severity or owner.
FB-1269,T09,senior,planning_and_risk,provenance_visibility,trust_and_explainability,1,20,triaged,68,The plan step shows a result but not the source it came from.
FB-1270,T16,associate,fieldwork_and_testing,field_structure_fit,methodology_question,3,9,fixed,61,Two field structures cover the same test with different required evidence.
FB-1271,T07,senior,fieldwork_and_testing,field_structure_fit,methodology_question,3,9,triaged,75,Tolerance rule is fixed. Our methodology allows a range here.
FB-1272,T13,partner,fieldwork_and_testing,evidence_viewer,usability,1,18,fixed,55,Multi page documents open on page one every time. Open on the cited page.
FB-1273,T07,associate,planning_and_risk,field_structure_fit,missing_capability,1,9,fixed,83,No way to mark a required field as not applicable for a small population.
FB-1274,T03,associate,fieldwork_and_testing,checkpoint_placement,trust_and_explainability,4,17,fixed,42,A associate should be able to set where the checkpoint sits for the procedure.
FB-1275,T07,associate,fieldwork_and_testing,integration_with_workpapers,missing_capability,3,8,duplicate,75,The conclusion export drops the evidence citations.
FB-1276,T20,manager,platform_foundation,provenance_visibility,trust_and_explainability,1,20,declined,58,The extraction step shows a result but not the source it came from.
FB-1277,T03,manager,fieldwork_and_testing,provenance_visibility,trust_and_explainability,2,20,fixed,45,Cannot tell which evidence item the agent used for the amount in the revenue draft.
FB-1278,T13,manager,fieldwork_and_testing,exception_handling,missing_capability,3,19,duplicate,94,Status of an exception does not change when the sample item is re-tested.
FB-1279,T07,associate,fieldwork_and_testing,sample_selection,usability,1,10,fixed,62,Sample size shown does not match the planned size in the procedure.
FB-1280,T17,methodology_reviewer,fieldwork_and_testing,integration_with_workpapers,defect,3,8,declined,59,The conclusion export drops the evidence citations.
FB-1281,T20,data_lead,fieldwork_and_testing,provenance_visibility,usability,1,20,triaged,86,Need to open the cited document from the conclusion without searching for it.
FB-1282,T11,associate,fieldwork_and_testing,exception_handling,usability,4,19,fixed,81,Exceptions from the payables run land in one list with no severity or owner.
FB-1283,T18,associate,planning_and_risk,sample_selection,missing_capability,1,10,declined,69,Sample size shown does not match the planned size in the procedure.
FB-1284,T09,associate,platform_foundation,performance,defect,3,15,triaged,83,Opening the procedure list with filters applied takes several seconds.
FB-1285,T05,senior,fieldwork_and_testing,exception_handling,usability,2,19,fixed,58,Status of an exception does not change when the sample item is re-tested.
FB-1286,T17,associate,fieldwork_and_testing,provenance_visibility,trust_and_explainability,2,20,fixed,97,Cannot tell which evidence item the agent used for the amount in the inventory draft.
FB-1287,T02,methodology_reviewer,platform_foundation,review_workflow,usability,2,16,duplicate,61,Comments on a run are not shown on the inventory procedure.
FB-1288,T09,manager,fieldwork_and_testing,navigation_and_findability,usability,2,14,triaged,65,The path from an exception back to its sample item takes four clicks.
FB-1289,T07,senior,fieldwork_and_testing,exception_handling,defect,1,19,triaged,69,Status of an exception does not change when the sample item is re-tested.
FB-1290,T05,associate,platform_foundation,navigation_and_findability,usability,1,14,duplicate,71,Cannot find the procedure again after closing the run timeline.
FB-1291,T07,associate,fieldwork_and_testing,checkpoint_placement,methodology_question,3,17,fixed,59,A associate should be able to set where the checkpoint sits for the procedure.
FB-1292,T11,senior,fieldwork_and_testing,checkpoint_placement,usability,2,17,triaged,74,Too many stops on low risk inventory procedures. One stop before the conclusion would do.
FB-1293,T14,associate,platform_foundation,training_and_onboarding,training,2,7,fixed,84,First run needs a walkthrough. The team learned the exception detection step by trial.
FB-1294,T01,senior,planning_and_risk,checkpoint_placement,methodology_question,3,17,triaged,44,Checkpoint at exception detection interrupts a run that was going well.
FB-1295,T01,partner,platform_foundation,exception_handling,missing_capability,2,19,declined,78,Status of an exception does not change when the sample item is re-tested.
FB-1296,T10,associate,platform_foundation,performance,performance,3,15,fixed,75,Run status stays on running after the steps have finished.
FB-1297,T14,manager,fieldwork_and_testing,review_workflow,missing_capability,2,16,fixed,66,A rejected evidence retrieval step cannot be rerun on its own. The whole run restarts.
FB-1298,T07,senior,platform_foundation,performance,performance,2,15,fixed,82,The matching step on a cash procedure took long enough that the team moved to other work.
FB-1299,T08,senior,fieldwork_and_testing,provenance_visibility,missing_capability,3,20,triaged,75,Confidence number appears with no note on what it is based on.
FB-1300,T07,senior,fieldwork_and_testing,exception_handling,missing_capability,4,19,triaged,62,Status of an exception does not change when the sample item is re-tested.
FB-1301,T02,manager,planning_and_risk,checkpoint_placement,trust_and_explainability,3,17,triaged,83,A manager should be able to set where the checkpoint sits for the procedure.
FB-1302,T12,manager,fieldwork_and_testing,checkpoint_placement,usability,3,17,fixed,79,Too many stops on low risk cash procedures. One stop before the conclusion would do.
FB-1303,T01,associate,platform_foundation,performance,performance,2,15,fixed,97,Opening the procedure list with filters applied takes several seconds.
FB-1304,T05,associate,fieldwork_and_testing,checkpoint_placement,trust_and_explainability,2,17,duplicate,56,The review stop comes after the draft is written. It should come before the agent matches revenue items.
FB-1305,T04,senior,planning_and_risk,review_workflow,usability,4,16,fixed,61,A rejected exception detection step cannot be rerun on its own. The whole run restarts.
FB-1306,T09,data_lead,platform_foundation,training_and_onboarding,training,2,7,triaged,73,No short guide for a data lead on what to check at a checkpoint.
FB-1307,T02,senior,planning_and_risk,terminology,methodology_question,4,12,fixed,81,The label on the draft conclusion step uses a word the methodology does not use.
FB-1308,T09,associate,planning_and_risk,sample_selection,usability,2,10,triaged,51,Not clear how the agent proposed selection relates to the monetary unit method.
FB-1309,T09,manager,fieldwork_and_testing,evidence_viewer,defect,2,18,fixed,73,The highlighted span in the inventory invoice sits on the wrong line.
FB-1310,T11,senior,planning_and_risk,sample_selection,methodology_question,4,10,duplicate,68,Sample size shown does not match the planned size in the procedure.
FB-1311,T07,methodology_reviewer,fieldwork_and_testing,exception_handling,missing_capability,2,19,triaged,74,Status of an exception does not change when the sample item is re-tested.
FB-1312,T11,manager,fieldwork_and_testing,checkpoint_placement,methodology_question,3,17,fixed,93,Too many stops on low risk cash procedures. One stop before the conclusion would do.
FB-1313,T18,associate,platform_foundation,evidence_viewer,usability,2,18,declined,64,Partial scans render blank instead of showing the readable part.
FB-1314,T19,associate,platform_foundation,terminology,methodology_question,3,12,triaged,73,Run state names are not the ones a associate uses in review.
FB-1315,T01,associate,fieldwork_and_testing,provenance_visibility,trust_and_explainability,3,20,duplicate,69,Cannot tell which evidence item the agent used for the amount in the cash draft.
FB-1316,T08,senior,fieldwork_and_testing,exception_handling,usability,2,19,triaged,75,Status of an exception does not change when the sample item is re-tested.
FB-1317,T18,senior,fieldwork_and_testing,checkpoint_placement,usability,1,17,fixed,77,Too many stops on low risk fixed assets procedures. One stop before the conclusion would do.
FB-1318,T15,associate,planning_and_risk,field_structure_fit,methodology_question,4,9,fixed,65,No way to mark a required field as not applicable for a small population.
FB-1319,T13,associate,fieldwork_and_testing,navigation_and_findability,missing_capability,2,14,declined,72,The path from an exception back to its sample item takes four clicks.
FB-1320,T16,manager,planning_and_risk,field_structure_fit,missing_capability,2,9,fixed,77,No way to mark a required field as not applicable for a small population.
FB-1321,T20,senior,fieldwork_and_testing,checkpoint_placement,missing_capability,2,17,triaged,81,A senior should be able to set where the checkpoint sits for the procedure.
FB-1322,T01,associate,fieldwork_and_testing,exception_handling,methodology_question,4,19,fixed,70,An exception the agent flagged was a duplicate of one already under investigation.
FB-1323,T01,senior,fieldwork_and_testing,provenance_visibility,missing_capability,3,20,fixed,74,Cannot tell which evidence item the agent used for the amount in the fixed assets draft.
FB-1324,T08,manager,platform_foundation,provenance_visibility,trust_and_explainability,2,20,fixed,70,Confidence number appears with no note on what it is based on.
FB-1325,T18,associate,fieldwork_and_testing,checkpoint_placement,methodology_question,3,17,triaged,56,Too many stops on low risk payables procedures. One stop before the conclusion would do.
FB-1326,T17,senior,platform_foundation,performance,performance,3,15,duplicate,68,Opening the procedure list with filters applied takes several seconds.
FB-1327,T04,manager,fieldwork_and_testing,provenance_visibility,methodology_question,3,20,fixed,87,The matching step shows a result but not the source it came from.
FB-1328,T09,associate,fieldwork_and_testing,exception_handling,missing_capability,2,19,duplicate,72,Exceptions from the cash run land in one list with no severity or owner.
FB-1329,T10,senior,fieldwork_and_testing,provenance_visibility,trust_and_explainability,2,20,fixed,72,The draft conclusion step shows a result but not the source it came from.
FB-1330,T09,associate,platform_foundation,training_and_onboarding,training,1,7,triaged,73,First run needs a walkthrough. The team learned the evidence retrieval step by trial.
FB-1331,T08,associate,planning_and_risk,data_access_and_permissions,defect,3,11,fixed,73,Prior year file items are not available to the associate who needs them.
FB-1332,T18,senior,planning_and_risk,sample_selection,methodology_question,3,10,triaged,86,Need to replace one proposed cash item with a judgmental pick and keep the rest.
FB-1333,T07,associate,platform_foundation,navigation_and_findability,missing_capability,2,14,fixed,81,No saved views for the procedures a associate reviews each day.
FB-1334,T18,senior,fieldwork_and_testing,performance,defect,2,15,triaged,58,Opening the procedure list with filters applied takes several seconds.
FB-1335,T10,manager,fieldwork_and_testing,review_workflow,usability,2,16,triaged,92,Edits to the draft conclusion are not visible as a diff to the next reviewer.
FB-1336,T06,senior,fieldwork_and_testing,provenance_visibility,trust_and_explainability,3,20,fixed,86,Confidence number appears with no note on what it is based on.
FB-1337,T08,associate,fieldwork_and_testing,evidence_viewer,defect,2,18,triaged,57,Partial scans render blank instead of showing the readable part.
FB-1338,T03,senior,fieldwork_and_testing,data_access_and_permissions,defect,3,11,triaged,64,Prior year file items are not available to the senior who needs them.
FB-1339,T02,associate,fieldwork_and_testing,navigation_and_findability,usability,3,14,duplicate,61,Filters on the payables procedure list reset on every return.
FB-1340,T01,data_lead,fieldwork_and_testing,checkpoint_placement,methodology_question,4,17,declined,78,The review stop comes after the draft is written. It should come before the agent matches cash items.
FB-1341,T01,senior,fieldwork_and_testing,performance,performance,4,15,duplicate,70,Large evidence files stall the viewer.
FB-1342,T09,associate,platform_foundation,training_and_onboarding,training,2,7,fixed,77,No short guide for a associate on what to check at a checkpoint.
FB-1343,T06,associate,fieldwork_and_testing,review_workflow,missing_capability,2,16,triaged,61,A rejected exception detection step cannot be rerun on its own. The whole run restarts.
FB-1344,T05,manager,fieldwork_and_testing,evidence_viewer,usability,2,18,triaged,62,Multi page documents open on page one every time. Open on the cited page.
FB-1345,T08,methodology_reviewer,fieldwork_and_testing,field_structure_fit,usability,1,9,fixed,65,The payables field structure asks for a field this population does not carry.
FB-1346,T07,associate,planning_and_risk,checkpoint_placement,trust_and_explainability,3,17,fixed,79,Too many stops on low risk payables procedures. One stop before the conclusion would do.
FB-1347,T05,associate,planning_and_risk,exception_handling,usability,3,19,triaged,49,An exception the agent flagged was a duplicate of one already under investigation.
FB-1348,T02,partner,fieldwork_and_testing,review_workflow,missing_capability,2,16,fixed,87,The manager approval and the sign off are two steps that feel like one.
FB-1349,T11,senior,planning_and_risk,provenance_visibility,trust_and_explainability,2,20,fixed,67,Need to open the cited document from the conclusion without searching for it.
FB-1350,T06,associate,fieldwork_and_testing,provenance_visibility,missing_capability,1,20,fixed,69,Need to open the cited document from the conclusion without searching for it.
FB-1351,T08,associate,platform_foundation,evidence_viewer,performance,3,18,declined,60,Zoom resets when switching between two evidence items.
FB-1352,T19,associate,fieldwork_and_testing,data_access_and_permissions,data_access,1,11,triaged,58,An associate can see a restricted item that the manager cannot.
FB-1353,T14,senior,platform_foundation,integration_with_workpapers,missing_capability,2,8,duplicate,64,The conclusion export drops the evidence citations.
FB-1354,T14,methodology_reviewer,planning_and_risk,exception_handling,usability,2,19,duplicate,62,An exception the agent flagged was a duplicate of one already under investigation.
FB-1355,T04,associate,planning_and_risk,checkpoint_placement,usability,1,17,declined,74,Too many stops on low risk cash procedures. One stop before the conclusion would do.
FB-1356,T15,data_lead,planning_and_risk,field_structure_fit,missing_capability,2,9,fixed,60,The revenue field structure asks for a field this population does not carry.
FB-1357,T08,manager,fieldwork_and_testing,evidence_viewer,defect,4,18,duplicate,73,Zoom resets when switching between two evidence items.
FB-1358,T03,senior,fieldwork_and_testing,provenance_visibility,trust_and_explainability,2,20,declined,69,The evidence retrieval step shows a result but not the source it came from.
FB-1359,T01,senior,platform_foundation,performance,performance,3,15,fixed,86,Run status stays on running after the steps have finished.
FB-1360,T14,associate,platform_foundation,performance,performance,3,15,triaged,62,Opening the procedure list with filters applied takes several seconds.
FB-1361,T06,senior,fieldwork_and_testing,provenance_visibility,trust_and_explainability,3,20,fixed,62,Cannot tell which evidence item the agent used for the amount in the inventory draft.
FB-1362,T05,manager,fieldwork_and_testing,training_and_onboarding,usability,2,7,fixed,75,No short guide for a manager on what to check at a checkpoint.
FB-1363,T01,senior,planning_and_risk,sample_selection,usability,2,10,triaged,66,Need to replace one proposed revenue item with a judgmental pick and keep the rest.
FB-1364,T03,manager,planning_and_risk,data_access_and_permissions,defect,3,11,triaged,76,Prior year file items are not available to the manager who needs them.
FB-1365,T02,senior,platform_foundation,navigation_and_findability,usability,1,14,duplicate,84,The path from an exception back to its sample item takes four clicks.
FB-1366,T01,senior,platform_foundation,data_access_and_permissions,data_access,2,11,duplicate,86,Prior year file items are not available to the senior who needs them.
FB-1367,T07,associate,platform_foundation,evidence_viewer,defect,3,18,triaged,62,The highlighted span in the inventory invoice sits on the wrong line.
FB-1368,T20,associate,platform_foundation,data_access_and_permissions,data_access,4,11,fixed,70,Permission error message names an internal code and nothing else.
FB-1369,T16,senior,fieldwork_and_testing,evidence_viewer,defect,1,18,declined,77,The highlighted span in the cash invoice sits on the wrong line.
FB-1370,T06,associate,planning_and_risk,field_structure_fit,missing_capability,2,9,triaged,83,The fixed assets field structure asks for a field this population does not carry.
FB-1371,T06,associate,fieldwork_and_testing,checkpoint_placement,methodology_question,3,17,triaged,74,The review stop comes after the draft is written. It should come before the agent matches cash items.
FB-1372,T15,partner,platform_foundation,integration_with_workpapers,missing_capability,1,8,fixed,90,The conclusion export drops the evidence citations.
FB-1373,T08,manager,platform_foundation,navigation_and_findability,usability,2,14,duplicate,65,No saved views for the procedures a manager reviews each day.
FB-1374,T20,data_lead,fieldwork_and_testing,navigation_and_findability,usability,1,14,duplicate,63,Cannot find the procedure again after closing the run timeline.
FB-1375,T08,manager,fieldwork_and_testing,evidence_viewer,usability,2,18,fixed,57,The highlighted span in the payables invoice sits on the wrong line.
FB-1376,T18,manager,fieldwork_and_testing,evidence_viewer,performance,3,18,fixed,88,Multi page documents open on page one every time. Open on the cited page.
FB-1377,T03,manager,fieldwork_and_testing,terminology,usability,1,12,duplicate,67,Run state names are not the ones a manager uses in review.
FB-1378,T04,senior,platform_foundation,navigation_and_findability,usability,4,14,declined,65,Filters on the inventory procedure list reset on every return.
FB-1379,T16,data_lead,fieldwork_and_testing,provenance_visibility,missing_capability,1,20,fixed,79,The draft conclusion step shows a result but not the source it came from.
FB-1380,T11,methodology_reviewer,planning_and_risk,sample_selection,methodology_question,3,10,fixed,60,Sample size shown does not match the planned size in the procedure.
FB-1381,T17,associate,fieldwork_and_testing,integration_with_workpapers,missing_capability,4,8,triaged,42,Need the exception list as a table in the workpaper file.
FB-1382,T06,associate,fieldwork_and_testing,review_workflow,missing_capability,3,16,duplicate,79,Edits to the draft conclusion are not visible as a diff to the next reviewer.
FB-1383,T02,associate,platform_foundation,data_access_and_permissions,data_access,3,11,fixed,65,Prior year file items are not available to the associate who needs them.
FB-1384,T04,associate,fieldwork_and_testing,provenance_visibility,usability,1,20,triaged,97,Cannot tell which evidence item the agent used for the amount in the revenue draft.
FB-1385,T18,associate,fieldwork_and_testing,exception_handling,missing_capability,2,19,fixed,83,Status of an exception does not change when the sample item is re-tested.
FB-1386,T17,associate,platform_foundation,review_workflow,usability,4,16,triaged,71,Edits to the draft conclusion are not visible as a diff to the next reviewer.
FB-1387,T12,senior,fieldwork_and_testing,exception_handling,usability,4,19,fixed,77,Status of an exception does not change when the sample item is re-tested.
FB-1388,T17,senior,platform_foundation,data_access_and_permissions,data_access,3,11,duplicate,78,An associate can see a restricted item that the manager cannot.
FB-1389,T09,manager,fieldwork_and_testing,exception_handling,usability,2,19,triaged,66,Exceptions from the fixed assets run land in one list with no severity or owner.
FB-1390,T08,senior,platform_foundation,exception_handling,defect,3,19,triaged,69,An exception the agent flagged was a duplicate of one already under investigation.
FB-1391,T12,senior,fieldwork_and_testing,exception_handling,missing_capability,3,19,triaged,83,Exceptions from the fixed assets run land in one list with no severity or owner.
FB-1392,T04,associate,fieldwork_and_testing,exception_handling,defect,4,19,fixed,85,Cannot mark an exception as explained without leaving the procedure view.
FB-1393,T13,senior,fieldwork_and_testing,provenance_visibility,missing_capability,2,20,triaged,82,Confidence number appears with no note on what it is based on.
FB-1394,T13,senior,fieldwork_and_testing,sample_selection,methodology_question,2,10,triaged,66,Proposed sample excludes items under the threshold with no stated reason.
FB-1395,T16,associate,fieldwork_and_testing,evidence_viewer,usability,3,18,fixed,51,The highlighted span in the revenue invoice sits on the wrong line.
FB-1396,T09,partner,planning_and_risk,data_access_and_permissions,data_access,2,11,fixed,81,Restricted payables evidence shows as retrieved before anyone approved the access.
FB-1397,T18,associate,platform_foundation,navigation_and_findability,missing_capability,3,14,triaged,71,No saved views for the procedures a associate reviews each day.
FB-1398,T03,associate,planning_and_risk,navigation_and_findability,usability,3,14,fixed,82,Filters on the revenue procedure list reset on every return.
FB-1399,T01,methodology_reviewer,fieldwork_and_testing,exception_handling,defect,3,19,triaged,76,An exception the agent flagged was a duplicate of one already under investigation.
FB-1400,T07,partner,planning_and_risk,field_structure_fit,methodology_question,3,9,fixed,71,Two field structures cover the same test with different required evidence.
FB-1401,T01,manager,planning_and_risk,data_access_and_permissions,data_access,1,11,triaged,74,An associate can see a restricted item that the manager cannot.
FB-1402,T07,associate,fieldwork_and_testing,evidence_viewer,missing_capability,2,18,triaged,57,The highlighted span in the revenue invoice sits on the wrong line.
FB-1403,T14,senior,platform_foundation,integration_with_workpapers,usability,3,8,fixed,46,Need the exception list as a table in the workpaper file.
FB-1404,T04,manager,fieldwork_and_testing,performance,defect,3,15,duplicate,50,The exception detection step on a inventory procedure took long enough that the team moved to other work.
FB-1405,T14,partner,fieldwork_and_testing,checkpoint_placement,trust_and_explainability,2,17,triaged,92,Too many stops on low risk cash procedures. One stop before the conclusion would do.
FB-1406,T09,senior,platform_foundation,navigation_and_findability,usability,2,14,triaged,69,Cannot find the procedure again after closing the run timeline.
FB-1407,T13,senior,fieldwork_and_testing,terminology,training,1,12,fixed,70,Field structure and template mean the same thing on two screens.
FB-1408,T02,senior,fieldwork_and_testing,exception_handling,usability,4,19,triaged,70,Exceptions from the revenue run land in one list with no severity or owner.
FB-1409,T07,senior,platform_foundation,terminology,usability,2,12,triaged,51,Field structure and template mean the same thing on two screens.
FB-1410,T01,associate,planning_and_risk,terminology,usability,2,12,fixed,53,Run state names are not the ones a associate uses in review.
FB-1411,T03,methodology_reviewer,fieldwork_and_testing,data_access_and_permissions,data_access,4,11,fixed,74,An associate can see a restricted item that the manager cannot.
FB-1412,T13,partner,planning_and_risk,exception_handling,defect,2,19,duplicate,70,Exceptions from the cash run land in one list with no severity or owner.
FB-1413,T07,manager,fieldwork_and_testing,review_workflow,usability,2,16,fixed,75,The manager approval and the sign off are two steps that feel like one.
FB-1414,T14,senior,fieldwork_and_testing,integration_with_workpapers,defect,1,8,fixed,66,Sign off in the platform is not reflected in the workpaper index.
FB-1415,T16,manager,planning_and_risk,field_structure_fit,missing_capability,3,9,duplicate,84,Two field structures cover the same test with different required evidence.
FB-1416,T15,senior,platform_foundation,data_access_and_permissions,data_access,3,11,fixed,77,Permission error message names an internal code and nothing else.
FB-1417,T15,associate,platform_foundation,performance,defect,2,15,fixed,88,Large evidence files stall the viewer.
FB-1418,T12,manager,fieldwork_and_testing,provenance_visibility,usability,2,20,triaged,73,Confidence number appears with no note on what it is based on.
FB-1419,T15,senior,platform_foundation,provenance_visibility,methodology_question,2,20,duplicate,86,Cannot tell which evidence item the agent used for the amount in the payables draft.
FB-1420,T18,senior,platform_foundation,evidence_viewer,performance,3,18,fixed,44,Zoom resets when switching between two evidence items.
FB-1421,T15,senior,platform_foundation,navigation_and_findability,usability,2,14,duplicate,87,No saved views for the procedures a senior reviews each day.
FB-1422,T13,associate,fieldwork_and_testing,provenance_visibility,trust_and_explainability,3,20,fixed,93,The extraction step shows a result but not the source it came from.
FB-1423,T15,associate,fieldwork_and_testing,navigation_and_findability,usability,1,14,fixed,75,Filters on the fixed assets procedure list reset on every return.
FB-1424,T19,associate,platform_foundation,provenance_visibility,missing_capability,4,20,fixed,77,Confidence number appears with no note on what it is based on.
FB-1425,T16,associate,fieldwork_and_testing,exception_handling,defect,4,19,triaged,48,Status of an exception does not change when the sample item is re-tested.
FB-1426,T06,partner,fieldwork_and_testing,checkpoint_placement,usability,2,17,triaged,76,Too many stops on low risk payables procedures. One stop before the conclusion would do.
FB-1427,T09,senior,platform_foundation,evidence_viewer,defect,2,18,duplicate,72,Zoom resets when switching between two evidence items.
FB-1428,T17,senior,platform_foundation,integration_with_workpapers,defect,2,8,triaged,52,The conclusion export drops the evidence citations.
FB-1429,T11,senior,fieldwork_and_testing,evidence_viewer,usability,1,18,duplicate,69,Partial scans render blank instead of showing the readable part.
FB-1430,T10,partner,fieldwork_and_testing,integration_with_workpapers,defect,2,8,triaged,67,Need the exception list as a table in the workpaper file.
FB-1431,T20,senior,fieldwork_and_testing,review_workflow,usability,3,16,triaged,51,Edits to the draft conclusion are not visible as a diff to the next reviewer.
FB-1432,T07,methodology_reviewer,platform_foundation,performance,performance,3,15,duplicate,80,Run status stays on running after the steps have finished.
FB-1433,T20,manager,fieldwork_and_testing,provenance_visibility,trust_and_explainability,2,20,triaged,80,Confidence number appears with no note on what it is based on.
FB-1434,T15,methodology_reviewer,platform_foundation,navigation_and_findability,usability,3,14,duplicate,89,Filters on the inventory procedure list reset on every return.
FB-1435,T02,associate,platform_foundation,training_and_onboarding,training,2,7,fixed,63,No short guide for a associate on what to check at a checkpoint.
FB-1436,T10,senior,fieldwork_and_testing,integration_with_workpapers,defect,3,8,fixed,84,Sign off in the platform is not reflected in the workpaper index.
FB-1437,T14,manager,platform_foundation,terminology,usability,2,12,triaged,93,Run state names are not the ones a manager uses in review.
FB-1438,T02,senior,fieldwork_and_testing,provenance_visibility,trust_and_explainability,2,20,triaged,76,Need to open the cited document from the conclusion without searching for it.
FB-1439,T20,associate,fieldwork_and_testing,checkpoint_placement,missing_capability,2,17,declined,67,A associate should be able to set where the checkpoint sits for the procedure.
FB-1440,T01,manager,fieldwork_and_testing,performance,performance,2,15,triaged,77,Run status stays on running after the steps have finished.
FB-1441,T03,manager,planning_and_risk,review_workflow,defect,1,16,triaged,77,The manager approval and the sign off are two steps that feel like one.
FB-1442,T06,associate,planning_and_risk,field_structure_fit,missing_capability,3,9,triaged,75,No way to mark a required field as not applicable for a small population.
FB-1443,T09,associate,fieldwork_and_testing,evidence_viewer,usability,3,18,triaged,72,Partial scans render blank instead of showing the readable part.
FB-1444,T03,associate,fieldwork_and_testing,data_access_and_permissions,missing_capability,3,11,fixed,63,Prior year file items are not available to the associate who needs them.
FB-1445,T20,associate,platform_foundation,performance,performance,3,15,fixed,42,Run status stays on running after the steps have finished.
FB-1446,T14,manager,platform_foundation,evidence_viewer,usability,3,18,triaged,61,Partial scans render blank instead of showing the readable part.
FB-1447,T09,methodology_reviewer,planning_and_risk,provenance_visibility,trust_and_explainability,2,20,triaged,91,Confidence number appears with no note on what it is based on.
FB-1448,T05,senior,fieldwork_and_testing,training_and_onboarding,training,2,7,duplicate,69,Office hours answered a question the product should answer in place.
FB-1449,T10,associate,planning_and_risk,provenance_visibility,trust_and_explainability,3,20,fixed,76,The draft conclusion step shows a result but not the source it came from.
FB-1450,T19,senior,fieldwork_and_testing,evidence_viewer,defect,2,18,triaged,85,The highlighted span in the revenue invoice sits on the wrong line.
FB-1451,T07,associate,platform_foundation,terminology,usability,2,12,fixed,63,The label on the evidence retrieval step uses a word the methodology does not use.
FB-1452,T09,senior,planning_and_risk,sample_selection,usability,2,10,fixed,73,Not clear how the agent proposed selection relates to the monetary unit method.
FB-1453,T06,manager,planning_and_risk,sample_selection,methodology_question,2,10,fixed,87,Need to replace one proposed inventory item with a judgmental pick and keep the rest.
FB-1454,T10,associate,planning_and_risk,sample_selection,missing_capability,1,10,declined,77,Sample size shown does not match the planned size in the procedure.
FB-1455,T20,associate,planning_and_risk,provenance_visibility,missing_capability,2,20,triaged,53,Need to open the cited document from the conclusion without searching for it.
FB-1456,T17,senior,fieldwork_and_testing,review_workflow,missing_capability,2,16,fixed,70,Edits to the draft conclusion are not visible as a diff to the next reviewer.
FB-1457,T06,manager,fieldwork_and_testing,training_and_onboarding,training,4,7,declined,69,First run needs a walkthrough. The team learned the exception detection step by trial.
FB-1458,T11,associate,planning_and_risk,sample_selection,methodology_question,2,10,fixed,77,Not clear how the agent proposed selection relates to the monetary unit method.
FB-1459,T10,senior,fieldwork_and_testing,sample_selection,methodology_question,1,10,fixed,75,Sample size shown does not match the planned size in the procedure.
FB-1460,T17,senior,platform_foundation,training_and_onboarding,training,2,7,fixed,75,First run needs a walkthrough. The team learned the exception detection step by trial.
FB-1461,T09,manager,platform_foundation,data_access_and_permissions,missing_capability,4,11,fixed,45,An associate can see a restricted item that the manager cannot.
FB-1462,T01,senior,platform_foundation,evidence_viewer,usability,2,18,fixed,80,Multi page documents open on page one every time. Open on the cited page.
FB-1463,T17,methodology_reviewer,fieldwork_and_testing,evidence_viewer,defect,1,18,triaged,76,Multi page documents open on page one every time. Open on the cited page.
FB-1464,T01,manager,fieldwork_and_testing,evidence_viewer,missing_capability,2,18,triaged,78,The highlighted span in the cash invoice sits on the wrong line.
FB-1465,T18,associate,planning_and_risk,sample_selection,trust_and_explainability,3,10,declined,76,Need to replace one proposed fixed assets item with a judgmental pick and keep the rest.
FB-1466,T15,senior,planning_and_risk,data_access_and_permissions,data_access,4,11,fixed,54,Permission error message names an internal code and nothing else.
FB-1467,T17,manager,fieldwork_and_testing,exception_handling,usability,3,19,triaged,53,Status of an exception does not change when the sample item is re-tested.
FB-1468,T14,associate,platform_foundation,training_and_onboarding,training,2,7,triaged,76,The practice engagement differs from the live one in field structures.
FB-1469,T18,associate,fieldwork_and_testing,evidence_viewer,performance,2,18,declined,61,The highlighted span in the revenue invoice sits on the wrong line.
FB-1470,T10,associate,fieldwork_and_testing,checkpoint_placement,trust_and_explainability,3,17,duplicate,81,Too many stops on low risk payables procedures. One stop before the conclusion would do.
FB-1471,T07,senior,platform_foundation,evidence_viewer,usability,1,18,triaged,61,Multi page documents open on page one every time. Open on the cited page.
FB-1472,T18,senior,fieldwork_and_testing,checkpoint_placement,methodology_question,1,17,duplicate,75,A senior should be able to set where the checkpoint sits for the procedure.
FB-1473,T15,senior,fieldwork_and_testing,checkpoint_placement,usability,1,17,triaged,69,Checkpoint at exception detection interrupts a run that was going well.
FB-1474,T13,methodology_reviewer,fieldwork_and_testing,exception_handling,usability,2,19,fixed,61,Cannot mark an exception as explained without leaving the procedure view.
FB-1475,T17,senior,fieldwork_and_testing,provenance_visibility,trust_and_explainability,2,20,triaged,71,Cannot tell which evidence item the agent used for the amount in the inventory draft.
FB-1476,T05,associate,fieldwork_and_testing,exception_handling,defect,3,19,triaged,69,An exception the agent flagged was a duplicate of one already under investigation.
FB-1477,T17,associate,fieldwork_and_testing,exception_handling,defect,3,19,triaged,79,Exceptions from the inventory run land in one list with no severity or owner.
FB-1478,T11,associate,fieldwork_and_testing,exception_handling,missing_capability,1,19,duplicate,77,Exceptions from the cash run land in one list with no severity or owner.
FB-1479,T05,senior,fieldwork_and_testing,exception_handling,usability,4,19,duplicate,64,Status of an exception does not change when the sample item is re-tested.
FB-1480,T04,senior,planning_and_risk,provenance_visibility,missing_capability,3,20,fixed,61,Cannot tell which evidence item the agent used for the amount in the inventory draft.
FB-1481,T12,senior,planning_and_risk,training_and_onboarding,training,3,7,fixed,69,First run needs a walkthrough. The team learned the plan step by trial.
FB-1482,T13,data_lead,fieldwork_and_testing,checkpoint_placement,missing_capability,2,17,fixed,68,A data lead should be able to set where the checkpoint sits for the procedure.
FB-1483,T11,associate,fieldwork_and_testing,provenance_visibility,trust_and_explainability,4,20,fixed,57,Cannot tell which evidence item the agent used for the amount in the revenue draft.
FB-1484,T10,associate,planning_and_risk,sample_selection,methodology_question,3,10,fixed,63,Proposed sample excludes items under the threshold with no stated reason.
FB-1485,T05,manager,platform_foundation,provenance_visibility,trust_and_explainability,4,20,triaged,75,The extraction step shows a result but not the source it came from.
FB-1486,T05,associate,planning_and_risk,checkpoint_placement,trust_and_explainability,2,17,triaged,70,Checkpoint at plan interrupts a run that was going well.
FB-1487,T20,senior,platform_foundation,navigation_and_findability,usability,2,14,duplicate,62,Filters on the payables procedure list reset on every return.
FB-1488,T08,senior,fieldwork_and_testing,exception_handling,missing_capability,3,19,triaged,58,Exceptions from the revenue run land in one list with no severity or owner.
FB-1489,T17,associate,platform_foundation,data_access_and_permissions,data_access,3,11,fixed,77,Permission error message names an internal code and nothing else.
FB-1490,T06,senior,planning_and_risk,field_structure_fit,missing_capability,3,9,declined,62,No way to mark a required field as not applicable for a small population.
FB-1491,T03,associate,fieldwork_and_testing,performance,performance,3,15,duplicate,62,Run status stays on running after the steps have finished.
FB-1492,T11,senior,fieldwork_and_testing,review_workflow,methodology_question,1,16,duplicate,88,The manager approval and the sign off are two steps that feel like one.
FB-1493,T14,associate,planning_and_risk,checkpoint_placement,missing_capability,3,17,fixed,74,The review stop comes after the draft is written. It should come before the agent matches inventory items.
FB-1494,T02,associate,platform_foundation,keyboard_and_accessibility,defect,3,5,triaged,78,The run timeline cannot be operated without a pointer.
FB-1495,T09,senior,fieldwork_and_testing,checkpoint_placement,usability,3,17,declined,91,A senior should be able to set where the checkpoint sits for the procedure.
FB-1496,T07,associate,platform_foundation,performance,performance,4,15,duplicate,83,The extraction step on a cash procedure took long enough that the team moved to other work.
FB-1497,T07,associate,platform_foundation,performance,performance,2,15,duplicate,67,Opening the procedure list with filters applied takes several seconds.
FB-1498,T03,associate,platform_foundation,navigation_and_findability,usability,2,14,triaged,74,Filters on the cash procedure list reset on every return.
FB-1499,T15,data_lead,fieldwork_and_testing,checkpoint_placement,usability,2,17,fixed,72,Too many stops on low risk revenue procedures. One stop before the conclusion would do.
FB-1500,T11,associate,fieldwork_and_testing,sample_selection,usability,2,10,declined,60,Sample size shown does not match the planned size in the procedure.
FB-1501,T07,senior,fieldwork_and_testing,evidence_viewer,defect,3,18,declined,73,The highlighted span in the cash invoice sits on the wrong line.
FB-1502,T20,associate,platform_foundation,performance,performance,2,15,fixed,49,Run status stays on running after the steps have finished.
FB-1503,T03,associate,fieldwork_and_testing,checkpoint_placement,usability,2,17,fixed,90,Checkpoint at matching interrupts a run that was going well.
FB-1504,T14,manager,platform_foundation,provenance_visibility,trust_and_explainability,3,20,declined,59,Cannot tell which evidence item the agent used for the amount in the payables draft.
FB-1505,T17,associate,fieldwork_and_testing,performance,defect,3,15,fixed,45,Run status stays on running after the steps have finished.
FB-1506,T18,associate,fieldwork_and_testing,exception_handling,missing_capability,2,19,triaged,84,Cannot mark an exception as explained without leaving the procedure view.
FB-1507,T05,associate,fieldwork_and_testing,provenance_visibility,trust_and_explainability,1,20,declined,65,The evidence retrieval step shows a result but not the source it came from.
FB-1508,T14,senior,platform_foundation,performance,performance,1,15,triaged,69,Opening the procedure list with filters applied takes several seconds.
FB-1509,T10,associate,platform_foundation,navigation_and_findability,usability,2,14,fixed,51,The path from an exception back to its sample item takes four clicks.
FB-1510,T15,associate,fieldwork_and_testing,provenance_visibility,usability,2,20,fixed,51,The exception detection step shows a result but not the source it came from.
FB-1511,T07,manager,fieldwork_and_testing,review_workflow,missing_capability,2,16,fixed,79,A rejected evidence retrieval step cannot be rerun on its own. The whole run restarts.
FB-1512,T13,associate,fieldwork_and_testing,checkpoint_placement,usability,2,17,fixed,85,Too many stops on low risk revenue procedures. One stop before the conclusion would do.
FB-1513,T04,associate,platform_foundation,performance,performance,3,15,fixed,60,Opening the procedure list with filters applied takes several seconds.
FB-1514,T14,associate,fieldwork_and_testing,evidence_viewer,usability,3,18,triaged,59,Zoom resets when switching between two evidence items.
FB-1515,T18,senior,fieldwork_and_testing,performance,performance,3,15,duplicate,67,Opening the procedure list with filters applied takes several seconds.
FB-1516,T17,associate,platform_foundation,keyboard_and_accessibility,defect,2,5,triaged,89,The run timeline cannot be operated without a pointer.
FB-1517,T17,senior,fieldwork_and_testing,exception_handling,missing_capability,1,19,declined,57,Cannot mark an exception as explained without leaving the procedure view.
FB-1518,T16,associate,fieldwork_and_testing,evidence_viewer,usability,1,18,triaged,74,Multi page documents open on page one every time. Open on the cited page.
FB-1519,T01,senior,platform_foundation,provenance_visibility,usability,3,20,declined,69,The extraction step shows a result but not the source it came from.
FB-1520,T07,senior,planning_and_risk,provenance_visibility,trust_and_explainability,2,20,declined,94,Confidence number appears with no note on what it is based on.
FB-1521,T09,associate,planning_and_risk,sample_selection,methodology_question,2,10,duplicate,82,Need to replace one proposed payables item with a judgmental pick and keep the rest.
FB-1522,T07,senior,planning_and_risk,field_structure_fit,methodology_question,1,9,triaged,69,Tolerance rule is fixed. Our methodology allows a range here.
FB-1523,T13,associate,fieldwork_and_testing,navigation_and_findability,defect,1,14,triaged,74,Filters on the revenue procedure list reset on every return.
FB-1524,T18,manager,planning_and_risk,sample_selection,trust_and_explainability,3,10,declined,84,Not clear how the agent proposed selection relates to the monetary unit method.
FB-1525,T14,senior,fieldwork_and_testing,checkpoint_placement,methodology_question,4,17,fixed,73,A senior should be able to set where the checkpoint sits for the procedure.
FB-1526,T20,associate,fieldwork_and_testing,checkpoint_placement,usability,1,17,fixed,87,A associate should be able to set where the checkpoint sits for the procedure.
FB-1527,T14,senior,fieldwork_and_testing,integration_with_workpapers,missing_capability,3,8,triaged,70,Workpaper reference numbers do not carry into the inventory procedure.
FB-1528,T01,methodology_reviewer,planning_and_risk,checkpoint_placement,usability,3,17,fixed,81,A methodology reviewer should be able to set where the checkpoint sits for the procedure.
FB-1529,T15,manager,platform_foundation,integration_with_workpapers,missing_capability,3,8,duplicate,51,Workpaper reference numbers do not carry into the payables procedure.
FB-1530,T16,manager,platform_foundation,performance,performance,2,15,duplicate,59,Run status stays on running after the steps have finished.
FB-1531,T12,manager,fieldwork_and_testing,checkpoint_placement,methodology_question,3,17,fixed,50,A manager should be able to set where the checkpoint sits for the procedure.
FB-1532,T07,associate,planning_and_risk,field_structure_fit,methodology_question,3,9,triaged,79,Two field structures cover the same test with different required evidence.
FB-1533,T08,associate,fieldwork_and_testing,provenance_visibility,usability,2,20,triaged,81,Cannot tell which evidence item the agent used for the amount in the revenue draft.
FB-1534,T12,senior,fieldwork_and_testing,provenance_visibility,trust_and_explainability,3,20,fixed,46,Confidence number appears with no note on what it is based on.
FB-1535,T05,partner,planning_and_risk,sample_selection,methodology_question,2,10,triaged,70,Sample size shown does not match the planned size in the procedure.
FB-1536,T03,senior,planning_and_risk,data_access_and_permissions,missing_capability,3,11,fixed,67,Restricted revenue evidence shows as retrieved before anyone approved the access.
FB-1537,T20,senior,platform_foundation,navigation_and_findability,usability,2,14,duplicate,81,Cannot find the procedure again after closing the run timeline.
FB-1538,T17,senior,fieldwork_and_testing,training_and_onboarding,usability,2,7,declined,80,First run needs a walkthrough. The team learned the draft conclusion step by trial.
FB-1539,T06,senior,platform_foundation,performance,defect,4,15,fixed,75,The exception detection step on a inventory procedure took long enough that the team moved to other work.
FB-1540,T15,data_lead,fieldwork_and_testing,integration_with_workpapers,missing_capability,2,8,fixed,61,Need the exception list as a table in the workpaper file.
FB-1541,T20,senior,fieldwork_and_testing,provenance_visibility,trust_and_explainability,3,20,triaged,64,Cannot tell which evidence item the agent used for the amount in the inventory draft.
FB-1542,T18,manager,fieldwork_and_testing,evidence_viewer,usability,2,18,triaged,60,Multi page documents open on page one every time. Open on the cited page.
FB-1543,T09,senior,platform_foundation,data_access_and_permissions,missing_capability,3,11,duplicate,76,Permission error message names an internal code and nothing else.
FB-1544,T20,senior,planning_and_risk,data_access_and_permissions,data_access,3,11,triaged,67,An associate can see a restricted item that the manager cannot.
FB-1545,T19,associate,platform_foundation,data_access_and_permissions,data_access,2,11,triaged,92,An associate can see a restricted item that the manager cannot.
FB-1546,T14,associate,platform_foundation,review_workflow,missing_capability,4,16,triaged,92,The manager approval and the sign off are two steps that feel like one.
FB-1547,T19,data_lead,fieldwork_and_testing,exception_handling,defect,4,19,fixed,60,Status of an exception does not change when the sample item is re-tested.
FB-1548,T20,senior,fieldwork_and_testing,review_workflow,defect,2,16,triaged,81,Edits to the draft conclusion are not visible as a diff to the next reviewer.
FB-1549,T06,associate,planning_and_risk,sample_selection,methodology_question,2,10,triaged,66,Sample size shown does not match the planned size in the procedure.
FB-1550,T12,associate,fieldwork_and_testing,evidence_viewer,defect,3,18,fixed,62,Multi page documents open on page one every time. Open on the cited page.
FB-1551,T17,associate,fieldwork_and_testing,provenance_visibility,usability,2,20,fixed,56,Cannot tell which evidence item the agent used for the amount in the fixed assets draft.
FB-1552,T18,associate,planning_and_risk,field_structure_fit,methodology_question,2,9,fixed,78,The inventory field structure asks for a field this population does not carry.
FB-1553,T01,manager,platform_foundation,keyboard_and_accessibility,defect,3,5,declined,86,Tab order skips the approve control on the checkpoint panel.
FB-1554,T14,associate,fieldwork_and_testing,evidence_viewer,defect,3,18,triaged,63,The highlighted span in the revenue invoice sits on the wrong line.
FB-1555,T20,data_lead,planning_and_risk,checkpoint_placement,usability,3,17,duplicate,68,Checkpoint at extraction interrupts a run that was going well.
FB-1556,T03,associate,planning_and_risk,data_access_and_permissions,data_access,3,11,fixed,79,Prior year file items are not available to the associate who needs them.
FB-1557,T02,manager,fieldwork_and_testing,checkpoint_placement,methodology_question,4,17,duplicate,77,Too many stops on low risk inventory procedures. One stop before the conclusion would do.
FB-1558,T12,senior,fieldwork_and_testing,review_workflow,usability,4,16,fixed,60,The manager approval and the sign off are two steps that feel like one.
FB-1559,T05,senior,fieldwork_and_testing,review_workflow,missing_capability,3,16,fixed,64,Comments on a run are not shown on the fixed assets procedure.
FB-1560,T07,senior,platform_foundation,navigation_and_findability,missing_capability,2,14,declined,53,No saved views for the procedures a senior reviews each day.
FB-1561,T20,associate,fieldwork_and_testing,provenance_visibility,usability,3,20,duplicate,77,Confidence number appears with no note on what it is based on.
FB-1562,T14,associate,fieldwork_and_testing,exception_handling,missing_capability,3,19,triaged,63,An exception the agent flagged was a duplicate of one already under investigation.
FB-1563,T12,manager,fieldwork_and_testing,evidence_viewer,usability,2,18,fixed,54,Partial scans render blank instead of showing the readable part.
FB-1564,T14,senior,platform_foundation,terminology,methodology_question,1,12,declined,67,Field structure and template mean the same thing on two screens.
FB-1565,T05,senior,fieldwork_and_testing,checkpoint_placement,methodology_question,2,17,fixed,59,Checkpoint at exception detection interrupts a run that was going well.
FB-1566,T18,associate,platform_foundation,keyboard_and_accessibility,defect,3,5,declined,71,Status is shown by color alone in the payables procedure list.
FB-1567,T05,senior,planning_and_risk,provenance_visibility,trust_and_explainability,3,20,duplicate,54,Cannot tell which evidence item the agent used for the amount in the revenue draft.
FB-1568,T06,data_lead,planning_and_risk,review_workflow,missing_capability,3,16,duplicate,60,A rejected extraction step cannot be rerun on its own. The whole run restarts.
FB-1569,T18,associate,fieldwork_and_testing,checkpoint_placement,trust_and_explainability,4,17,declined,68,Checkpoint at exception detection interrupts a run that was going well.
FB-1570,T04,associate,platform_foundation,navigation_and_findability,defect,2,14,fixed,76,Cannot find the procedure again after closing the run timeline.
FB-1571,T13,associate,fieldwork_and_testing,evidence_viewer,usability,3,18,duplicate,57,Multi page documents open on page one every time. Open on the cited page.
FB-1572,T09,associate,fieldwork_and_testing,checkpoint_placement,trust_and_explainability,2,17,duplicate,74,Checkpoint at extraction interrupts a run that was going well.
FB-1573,T08,associate,fieldwork_and_testing,navigation_and_findability,defect,4,14,fixed,69,Filters on the revenue procedure list reset on every return.
FB-1574,T03,associate,platform_foundation,terminology,training,4,12,fixed,74,Run state names are not the ones a associate uses in review.
FB-1575,T08,senior,fieldwork_and_testing,terminology,methodology_question,3,12,triaged,59,Severity scale labels differ between exceptions and feedback.
FB-1576,T15,partner,fieldwork_and_testing,provenance_visibility,trust_and_explainability,2,20,fixed,78,Confidence number appears with no note on what it is based on.
FB-1577,T05,manager,fieldwork_and_testing,navigation_and_findability,usability,2,14,fixed,85,The path from an exception back to its sample item takes four clicks.
FB-1578,T06,methodology_reviewer,fieldwork_and_testing,field_structure_fit,missing_capability,1,9,fixed,71,The fixed assets field structure asks for a field this population does not carry.
FB-1579,T15,senior,platform_foundation,navigation_and_findability,usability,2,14,triaged,66,Cannot find the procedure again after closing the run timeline.
FB-1580,T08,manager,fieldwork_and_testing,provenance_visibility,missing_capability,3,20,duplicate,71,Need to open the cited document from the conclusion without searching for it.
FB-1581,T03,methodology_reviewer,fieldwork_and_testing,review_workflow,missing_capability,4,16,declined,57,A rejected draft conclusion step cannot be rerun on its own. The whole run restarts.
FB-1582,T02,associate,platform_foundation,keyboard_and_accessibility,defect,3,5,fixed,89,Status is shown by color alone in the inventory procedure list.
FB-1583,T14,manager,platform_foundation,training_and_onboarding,usability,3,7,declined,70,Office hours answered a question the product should answer in place.
FB-1584,T02,associate,platform_foundation,training_and_onboarding,training,2,7,triaged,68,Office hours answered a question the product should answer in place.
FB-1585,T19,associate,fieldwork_and_testing,exception_handling,defect,3,19,triaged,72,Exceptions from the inventory run land in one list with no severity or owner.
FB-1586,T03,senior,planning_and_risk,navigation_and_findability,usability,2,14,triaged,67,Filters on the cash procedure list reset on every return.
FB-1587,T09,manager,platform_foundation,navigation_and_findability,usability,2,14,triaged,58,Cannot find the procedure again after closing the run timeline.
FB-1588,T06,senior,planning_and_risk,sample_selection,methodology_question,2,10,fixed,77,Need to replace one proposed cash item with a judgmental pick and keep the rest.
FB-1589,T01,associate,fieldwork_and_testing,checkpoint_placement,missing_capability,1,17,fixed,76,Checkpoint at plan interrupts a run that was going well.
FB-1590,T13,manager,fieldwork_and_testing,provenance_visibility,usability,3,20,duplicate,71,Need to open the cited document from the conclusion without searching for it.
FB-1591,T17,manager,fieldwork_and_testing,evidence_viewer,usability,2,18,triaged,63,The highlighted span in the revenue invoice sits on the wrong line.
FB-1592,T02,associate,fieldwork_and_testing,exception_handling,usability,2,19,fixed,61,Exceptions from the fixed assets run land in one list with no severity or owner.
FB-1593,T08,associate,planning_and_risk,field_structure_fit,methodology_question,2,9,declined,71,Two field structures cover the same test with different required evidence.
FB-1594,T19,manager,fieldwork_and_testing,provenance_visibility,trust_and_explainability,3,20,fixed,72,Confidence number appears with no note on what it is based on.
FB-1595,T09,associate,platform_foundation,checkpoint_placement,trust_and_explainability,2,17,fixed,58,A associate should be able to set where the checkpoint sits for the procedure.
FB-1596,T05,senior,fieldwork_and_testing,provenance_visibility,trust_and_explainability,1,20,duplicate,64,The evidence retrieval step shows a result but not the source it came from.
FB-1597,T11,data_lead,fieldwork_and_testing,exception_handling,missing_capability,4,19,triaged,66,Cannot mark an exception as explained without leaving the procedure view.
FB-1598,T08,partner,fieldwork_and_testing,evidence_viewer,usability,2,18,triaged,65,Partial scans render blank instead of showing the readable part.
FB-1599,T12,manager,fieldwork_and_testing,checkpoint_placement,usability,2,17,fixed,54,A manager should be able to set where the checkpoint sits for the procedure.
FB-1600,T04,senior,platform_foundation,provenance_visibility,trust_and_explainability,2,20,triaged,69,The extraction step shows a result but not the source it came from.
