id,procedure_id,population_ref,amount,selection_method,evidence_ids,match_status,tested_day
SMP-00001,PRC-0001,REV-007119,20108.9,random,EVD-00002|EVD-00001,matched,19
SMP-00002,PRC-0001,REV-004667,18782.84,random,EVD-00003|EVD-00004,matched,13
SMP-00003,PRC-0001,REV-000322,176661.13,monetary_unit,EVD-00005|EVD-00001,matched,4
SMP-00004,PRC-0001,REV-003919,25105.84,judgmental,EVD-00006,matched,12
SMP-00005,PRC-0001,REV-007022,33899.59,judgmental,EVD-00007|EVD-00008|EVD-00001,matched,9
SMP-00006,PRC-0002,REV-006224,14983.2,random,EVD-00009,matched,49
SMP-00007,PRC-0002,REV-003894,5250.82,random,EVD-00010,matched,56
SMP-00008,PRC-0002,REV-005309,40013.59,monetary_unit,EVD-00011|EVD-00012,matched,61
SMP-00009,PRC-0002,REV-008210,24309.58,random,EVD-00013|EVD-00014,matched,48
SMP-00010,PRC-0002,REV-007016,57473.2,agent_proposed,EVD-00015,matched,54
SMP-00011,PRC-0002,REV-007392,45713.42,random,EVD-00016,exception,59
SMP-00012,PRC-0002,REV-001420,76428.09,judgmental,EVD-00017|EVD-00018,matched,61
SMP-00013,PRC-0002,REV-003417,5661.47,monetary_unit,EVD-00019,matched,44
SMP-00014,PRC-0002,REV-001809,40126.62,monetary_unit,EVD-00020,matched,65
SMP-00015,PRC-0002,REV-004096,34329.45,judgmental,EVD-00021|EVD-00022,matched,62
SMP-00016,PRC-0002,REV-004568,17461.82,agent_proposed,EVD-00023,matched,51
SMP-00017,PRC-0002,REV-000846,58013.03,monetary_unit,EVD-00024|EVD-00025,unresolved,60
SMP-00018,PRC-0002,REV-006539,17234.79,judgmental,EVD-00026|EVD-00027,matched,53
SMP-00019,PRC-0002,REV-000380,35382.34,agent_proposed,EVD-00028|EVD-00029,matched,61
SMP-00020,PRC-0002,REV-001942,8657.93,monetary_unit,EVD-00030|EVD-00031,matched,47
SMP-00021,PRC-0002,REV-004445,20664.57,judgmental,EVD-00032,unresolved,64
SMP-00022,PRC-0002,REV-006983,55219.53,monetary_unit,EVD-00033,matched,64
SMP-00023,PRC-0002,REV-006919,18835.43,agent_proposed,EVD-00034,matched,44
SMP-00024,PRC-0002,REV-004230,57476.28,monetary_unit,EVD-00035,matched,61
SMP-00025,PRC-0002,REV-002789,33572.06,random,EVD-00036,matched,63
SMP-00026,PRC-0002,REV-001979,8573.13,judgmental,EVD-00037|EVD-00038,matched,53
SMP-00027,PRC-0002,REV-007559,8011.13,monetary_unit,EVD-00039,matched,43
SMP-00028,PRC-0002,REV-000743,46252.3,agent_proposed,EVD-00040,matched,57
SMP-00029,PRC-0002,REV-007442,14821.27,monetary_unit,EVD-00041,unresolved,49
SMP-00030,PRC-0002,REV-004778,281219.73,judgmental,EVD-00042,matched,47
SMP-00031,PRC-0002,REV-005402,107785.74,random,EVD-00043|EVD-00044,matched,51
SMP-00032,PRC-0002,REV-002796,13116.05,random,EVD-00045|EVD-00046,matched,55
SMP-00033,PRC-0002,REV-005627,41128.2,monetary_unit,EVD-00047,matched,61
SMP-00034,PRC-0002,REV-008140,23464.7,judgmental,EVD-00048,matched,43
SMP-00035,PRC-0002,REV-002177,21719.35,judgmental,EVD-00049,matched,58
SMP-00036,PRC-0002,REV-000551,23625.46,monetary_unit,EVD-00050|EVD-00051,matched,52
SMP-00037,PRC-0002,REV-005242,6841.65,judgmental,EVD-00052|EVD-00053,matched,47
SMP-00038,PRC-0003,REV-000577,14676.58,random,EVD-00054,matched,62
SMP-00039,PRC-0003,REV-002232,5767.48,agent_proposed,EVD-00055|EVD-00056,matched,63
SMP-00040,PRC-0003,REV-003279,62335.24,agent_proposed,EVD-00057|EVD-00058,matched,47
SMP-00041,PRC-0003,REV-002255,40695.03,random,EVD-00059,matched,48
SMP-00042,PRC-0003,REV-002409,23067.86,monetary_unit,EVD-00060,matched,45
SMP-00043,PRC-0003,REV-006451,27591.13,random,EVD-00061|EVD-00062,matched,56
SMP-00044,PRC-0003,REV-004510,5996.09,agent_proposed,EVD-00063|EVD-00064,matched,57
SMP-00045,PRC-0003,REV-006212,23007.91,agent_proposed,EVD-00065,matched,52
SMP-00046,PRC-0003,REV-003601,2430.07,agent_proposed,EVD-00066,matched,59
SMP-00047,PRC-0003,REV-000288,82087.17,random,EVD-00067,matched,43
SMP-00048,PRC-0003,REV-004126,10331.05,agent_proposed,EVD-00068,matched,57
SMP-00049,PRC-0003,REV-001885,8975.2,random,EVD-00069,matched,60
SMP-00050,PRC-0003,REV-005807,20854.59,judgmental,EVD-00070,matched,52
SMP-00051,PRC-0003,REV-005368,15686.74,judgmental,EVD-00071|EVD-00072,matched,49
SMP-00052,PRC-0003,REV-002560,28875.94,monetary_unit,EVD-00073|EVD-00074,matched,63
SMP-00053,PRC-0003,REV-003113,14857.29,monetary_unit,EVD-00075,matched,50
SMP-00054,PRC-0003,REV-003810,112945.2,random,EVD-00076|EVD-00077,matched,58
SMP-00055,PRC-0003,REV-001173,32585.15,agent_proposed,EVD-00078,matched,64
SMP-00056,PRC-0003,REV-005820,33656.68,agent_proposed,EVD-00079|EVD-00080,matched,59
SMP-00057,PRC-0003,REV-006146,42515.23,random,EVD-00081|EVD-00082,matched,44
SMP-00058,PRC-0003,REV-002799,12502.72,agent_proposed,EVD-00083,matched,53
SMP-00059,PRC-0003,REV-005577,22224.14,monetary_unit,EVD-00084|EVD-00085,matched,65
SMP-00060,PRC-0003,REV-004540,18177.21,monetary_unit,EVD-00086,matched,43
SMP-00061,PRC-0003,REV-005524,36410.12,monetary_unit,EVD-00087,exception,50
SMP-00062,PRC-0003,REV-006467,86943.97,agent_proposed,EVD-00088|EVD-00089,matched,50
SMP-00063,PRC-0003,REV-007623,10776.55,agent_proposed,EVD-00090|EVD-00091,matched,62
SMP-00064,PRC-0003,REV-007518,26508.35,random,EVD-00092,exception,45
SMP-00065,PRC-0003,REV-007359,9646.86,random,EVD-00093|EVD-00094,matched,44
SMP-00066,PRC-0003,REV-000430,13624.3,judgmental,EVD-00095|EVD-00096,matched,62
SMP-00067,PRC-0003,REV-006950,168669.5,random,EVD-00097,exception,45
SMP-00068,PRC-0003,REV-002270,25617.62,agent_proposed,EVD-00098|EVD-00099,matched,50
SMP-00069,PRC-0003,REV-006944,63404.45,monetary_unit,EVD-00100,matched,60
SMP-00070,PRC-0003,REV-004445,18326.03,monetary_unit,EVD-00101,matched,43
SMP-00071,PRC-0003,REV-007253,129913.35,monetary_unit,EVD-00102|EVD-00103,matched,44
SMP-00072,PRC-0003,REV-002853,9108.24,judgmental,EVD-00104|EVD-00105,matched,43
SMP-00073,PRC-0003,REV-000226,340998.53,random,EVD-00106,exception,51
SMP-00074,PRC-0003,REV-005469,52361.41,random,EVD-00107|EVD-00108,matched,61
SMP-00075,PRC-0003,REV-003873,14171.76,agent_proposed,EVD-00109|EVD-00110,matched,62
SMP-00076,PRC-0003,REV-006395,22260.45,monetary_unit,EVD-00111|EVD-00112,matched,56
SMP-00077,PRC-0003,REV-001446,12310.66,agent_proposed,EVD-00113|EVD-00114,matched,44
SMP-00078,PRC-0004,REV-004896,13381.29,judgmental,EVD-00116|EVD-00115,matched,46
SMP-00079,PRC-0004,REV-002726,9920.65,monetary_unit,EVD-00117|EVD-00115,matched,58
SMP-00080,PRC-0004,REV-004708,5162.2,agent_proposed,EVD-00118|EVD-00119|EVD-00115,matched,62
SMP-00081,PRC-0004,REV-004460,20312.15,random,EVD-00120,matched,47
SMP-00082,PRC-0004,REV-003578,33566.94,monetary_unit,EVD-00121,matched,59
SMP-00083,PRC-0004,REV-002300,10505.56,judgmental,EVD-00122,matched,63
SMP-00084,PRC-0004,REV-005357,8207.39,random,EVD-00123,matched,62
SMP-00085,PRC-0004,REV-003727,127818.37,monetary_unit,EVD-00124,exception,52
SMP-00086,PRC-0004,REV-000858,12481.19,random,EVD-00125|EVD-00115,matched,51
SMP-00087,PRC-0004,REV-000235,240075.11,monetary_unit,EVD-00126|EVD-00127,matched,50
SMP-00088,PRC-0004,REV-000800,5431.33,agent_proposed,EVD-00128|EVD-00129|EVD-00115,matched,53
SMP-00089,PRC-0005,INV-002026,22948.55,monetary_unit,EVD-00132|EVD-00133,matched,18
SMP-00090,PRC-0005,INV-000801,38003.3,monetary_unit,EVD-00134|EVD-00131,matched,13
SMP-00091,PRC-0005,INV-000340,7162.7,agent_proposed,EVD-00135|EVD-00136|EVD-00130,matched,15
SMP-00092,PRC-0005,INV-001352,43382.8,judgmental,EVD-00137|EVD-00138,matched,18
SMP-00093,PRC-0005,INV-001899,34896.61,random,EVD-00139|EVD-00140,matched,11
SMP-00094,PRC-0006,INV-001606,25071.1,judgmental,EVD-00142|EVD-00141,matched,28
SMP-00095,PRC-0006,INV-002283,10563.09,judgmental,EVD-00143,matched,32
SMP-00096,PRC-0006,INV-003141,25857.73,random,EVD-00144|EVD-00141,matched,36
SMP-00097,PRC-0006,INV-001663,9422.12,random,EVD-00145,matched,26
SMP-00098,PRC-0006,INV-002624,38247.35,random,EVD-00146|EVD-00141,matched,26
SMP-00099,PRC-0006,INV-002738,20305.25,monetary_unit,EVD-00147,matched,37
SMP-00100,PRC-0006,INV-002213,14388.02,agent_proposed,EVD-00148,matched,36
SMP-00101,PRC-0006,INV-002491,58348.72,monetary_unit,EVD-00149|EVD-00150,matched,35
SMP-00102,PRC-0006,INV-001557,46700.12,random,EVD-00151,matched,36
SMP-00103,PRC-0006,INV-001248,57714.68,monetary_unit,EVD-00152|EVD-00153|EVD-00141,matched,37
SMP-00104,PRC-0006,INV-001743,16144.16,random,EVD-00154,matched,38
SMP-00105,PRC-0006,INV-000978,4054.22,random,EVD-00155,matched,41
SMP-00106,PRC-0006,INV-001162,125464.3,random,EVD-00156|EVD-00157|EVD-00141,matched,41
SMP-00107,PRC-0006,INV-000543,46903.2,agent_proposed,EVD-00158,matched,26
SMP-00108,PRC-0006,INV-002707,113714.06,agent_proposed,EVD-00159,matched,30
SMP-00109,PRC-0006,INV-000518,52233.32,monetary_unit,EVD-00160|EVD-00161,exception,35
SMP-00110,PRC-0006,INV-000154,6460.95,random,EVD-00162|EVD-00141,matched,40
SMP-00111,PRC-0006,INV-001013,8889.03,monetary_unit,EVD-00163|EVD-00141,matched,38
SMP-00112,PRC-0006,INV-002845,9593.55,random,EVD-00164,matched,37
SMP-00113,PRC-0006,INV-002297,48859.56,agent_proposed,EVD-00165|EVD-00166|EVD-00141,matched,29
SMP-00114,PRC-0006,INV-003104,34543.75,judgmental,EVD-00167|EVD-00141,matched,40
SMP-00115,PRC-0007,INV-000982,82444.53,judgmental,EVD-00171|EVD-00170,matched,51
SMP-00116,PRC-0007,INV-000232,83456.89,random,EVD-00172,matched,62
SMP-00117,PRC-0007,INV-001727,87807.67,monetary_unit,EVD-00173,matched,59
SMP-00118,PRC-0007,INV-002480,30024.96,agent_proposed,EVD-00174|EVD-00175,matched,60
SMP-00119,PRC-0007,INV-000876,38938.12,judgmental,EVD-00176|EVD-00177|EVD-00169,matched,57
SMP-00120,PRC-0007,INV-002038,10257.08,monetary_unit,EVD-00178|EVD-00179|EVD-00169,matched,54
SMP-00121,PRC-0007,INV-000893,3959.24,judgmental,EVD-00180,unresolved,67
SMP-00122,PRC-0007,INV-000231,97502.28,random,EVD-00181|EVD-00182|EVD-00169,matched,48
SMP-00123,PRC-0007,INV-002148,67458.09,random,EVD-00183|EVD-00184,exception,53
SMP-00124,PRC-0007,INV-000231,30082.81,judgmental,EVD-00185|EVD-00186|EVD-00168,matched,44
SMP-00125,PRC-0007,INV-001862,10244.47,monetary_unit,EVD-00187,matched,54
SMP-00126,PRC-0007,INV-000662,50416.02,monetary_unit,EVD-00188|EVD-00189,matched,57
SMP-00127,PRC-0007,INV-000416,2331.76,judgmental,EVD-00190|EVD-00191|EVD-00169,matched,57
SMP-00128,PRC-0007,INV-000346,9075.49,random,EVD-00192|EVD-00169,matched,44
SMP-00129,PRC-0007,INV-002894,87836.53,monetary_unit,EVD-00193|EVD-00170,matched,56
SMP-00130,PRC-0007,INV-000427,54529.04,agent_proposed,EVD-00194,matched,58
SMP-00131,PRC-0007,INV-000342,27846.75,agent_proposed,EVD-00195|EVD-00196,matched,62
SMP-00132,PRC-0007,INV-000440,6969.51,judgmental,EVD-00197,matched,57
SMP-00133,PRC-0007,INV-000014,4975.02,agent_proposed,EVD-00198|EVD-00199|EVD-00168,matched,47
SMP-00134,PRC-0007,INV-002723,3671.27,agent_proposed,EVD-00200|EVD-00169,matched,57
SMP-00135,PRC-0007,INV-001385,45271.78,monetary_unit,EVD-00201|EVD-00202|EVD-00168,matched,49
SMP-00136,PRC-0007,INV-001013,2870.32,judgmental,EVD-00203|EVD-00204,matched,49
SMP-00137,PRC-0007,INV-000858,225396.94,random,EVD-00205|EVD-00168,matched,57
SMP-00138,PRC-0007,INV-001983,44850.54,judgmental,EVD-00206|EVD-00207,matched,52
SMP-00139,PRC-0007,INV-000841,16218.69,random,EVD-00208|EVD-00209|EVD-00170,matched,59
SMP-00140,PRC-0007,INV-002274,7903.08,agent_proposed,EVD-00210|EVD-00211,exception,50
SMP-00141,PRC-0007,INV-001547,102850.64,random,EVD-00212|EVD-00213,matched,51
SMP-00142,PRC-0008,INV-002368,47420,random,EVD-00216|EVD-00217|EVD-00214,matched,51
SMP-00143,PRC-0008,INV-002416,19811.3,monetary_unit,EVD-00218|EVD-00219|EVD-00215,matched,35
SMP-00144,PRC-0008,INV-002029,434969.62,monetary_unit,EVD-00220|EVD-00221|EVD-00215,matched,38
SMP-00145,PRC-0008,INV-000771,19532.04,random,EVD-00222|EVD-00223,matched,56
SMP-00146,PRC-0008,INV-000928,22828.88,random,EVD-00224|EVD-00215,matched,42
SMP-00147,PRC-0008,INV-000265,164586.38,monetary_unit,EVD-00225|EVD-00226,matched,38
SMP-00148,PRC-0008,INV-000177,10738.65,random,EVD-00227,matched,33
SMP-00149,PRC-0008,INV-001293,74482.31,random,EVD-00228|EVD-00229,matched,51
SMP-00150,PRC-0008,INV-002859,16356.6,monetary_unit,EVD-00230,matched,56
SMP-00151,PRC-0008,INV-000423,34571.12,random,EVD-00231|EVD-00232|EVD-00214,matched,49
SMP-00152,PRC-0008,INV-001905,68888.44,judgmental,EVD-00233,matched,33
SMP-00153,PRC-0008,INV-000235,19131.61,monetary_unit,EVD-00234|EVD-00214,matched,42
SMP-00154,PRC-0008,INV-000818,16144.31,judgmental,EVD-00235|EVD-00236|EVD-00215,matched,53
SMP-00155,PRC-0008,INV-002655,33145.72,random,EVD-00237|EVD-00238|EVD-00215,matched,35
SMP-00156,PRC-0008,INV-002972,9456.18,random,EVD-00239|EVD-00240,matched,38
SMP-00157,PRC-0008,INV-001006,111868.8,random,EVD-00241|EVD-00215,matched,50
SMP-00158,PRC-0008,INV-000027,49652.92,monetary_unit,EVD-00242|EVD-00243,matched,40
SMP-00159,PRC-0008,INV-002390,3986.54,monetary_unit,EVD-00244,matched,50
SMP-00160,PRC-0008,INV-003003,121953.98,agent_proposed,EVD-00245,matched,30
SMP-00161,PRC-0008,INV-001501,11250.22,judgmental,EVD-00246|EVD-00247,matched,29
SMP-00162,PRC-0008,INV-002273,7609.94,agent_proposed,EVD-00248|EVD-00249|EVD-00215,matched,53
SMP-00163,PRC-0008,INV-000601,27719.45,judgmental,EVD-00250|EVD-00215,matched,54
SMP-00164,PRC-0008,INV-001909,4587.66,monetary_unit,EVD-00251|EVD-00252,matched,50
SMP-00165,PRC-0008,INV-000259,49571.6,agent_proposed,EVD-00253|EVD-00254|EVD-00214,matched,52
SMP-00166,PRC-0008,INV-002258,10091.54,judgmental,EVD-00255|EVD-00214,matched,42
SMP-00167,PRC-0008,INV-001882,36923.95,judgmental,EVD-00256,matched,32
SMP-00168,PRC-0008,INV-001082,40306.16,judgmental,EVD-00257|EVD-00258|EVD-00215,matched,31
SMP-00169,PRC-0009,CSH-003702,18023.75,monetary_unit,EVD-00260|EVD-00259,matched,10
SMP-00170,PRC-0009,CSH-010932,51908.18,random,EVD-00261|EVD-00262|EVD-00259,matched,17
SMP-00171,PRC-0009,CSH-002693,129393.82,monetary_unit,EVD-00263,matched,23
SMP-00172,PRC-0009,CSH-002098,24427.67,judgmental,EVD-00264|EVD-00265,matched,23
SMP-00173,PRC-0009,CSH-003009,10224.69,judgmental,EVD-00266|EVD-00259,matched,4
SMP-00174,PRC-0009,CSH-006553,17593.19,agent_proposed,EVD-00267|EVD-00268,matched,4
SMP-00175,PRC-0009,CSH-004913,17063.79,agent_proposed,EVD-00269,matched,9
SMP-00176,PRC-0009,CSH-013240,339905.61,monetary_unit,EVD-00270|EVD-00271,matched,4
SMP-00177,PRC-0010,CSH-001428,11547.01,random,EVD-00272,matched,31
SMP-00178,PRC-0010,CSH-001916,26106.59,random,EVD-00273|EVD-00274,matched,17
SMP-00179,PRC-0010,CSH-012398,11682.41,judgmental,EVD-00275,unresolved,19
SMP-00180,PRC-0010,CSH-001293,9691.92,random,EVD-00276|EVD-00277,matched,21
SMP-00181,PRC-0010,CSH-004622,1649.48,judgmental,EVD-00278|EVD-00279,exception,15
SMP-00182,PRC-0010,CSH-005290,25867.35,random,EVD-00280,matched,18
SMP-00183,PRC-0010,CSH-004694,46544.23,judgmental,EVD-00281,matched,25
SMP-00184,PRC-0010,CSH-005290,168974.49,agent_proposed,EVD-00282|EVD-00283,matched,29
SMP-00185,PRC-0010,CSH-008222,73014.22,monetary_unit,EVD-00284,matched,31
SMP-00186,PRC-0010,CSH-001361,109063.61,random,EVD-00285,matched,16
SMP-00187,PRC-0010,CSH-000782,5662.09,monetary_unit,EVD-00286|EVD-00287,matched,19
SMP-00188,PRC-0010,CSH-002961,19080.85,monetary_unit,EVD-00288|EVD-00289,matched,15
SMP-00189,PRC-0010,CSH-010525,52625.5,monetary_unit,EVD-00290,matched,29
SMP-00190,PRC-0010,CSH-008791,119093.7,monetary_unit,EVD-00291,matched,19
SMP-00191,PRC-0010,CSH-010565,77701.81,monetary_unit,EVD-00292,matched,30
SMP-00192,PRC-0010,CSH-008888,29022.48,judgmental,EVD-00293|EVD-00294,matched,26
SMP-00193,PRC-0010,CSH-002390,15915.51,random,EVD-00295|EVD-00296,matched,23
SMP-00194,PRC-0010,CSH-008188,6390.2,monetary_unit,EVD-00297|EVD-00298,exception,19
SMP-00195,PRC-0010,CSH-011203,75350.19,agent_proposed,EVD-00299|EVD-00300,matched,25
SMP-00196,PRC-0010,CSH-002861,17435.25,random,EVD-00301|EVD-00302,unresolved,21
SMP-00197,PRC-0010,CSH-010384,11886.06,monetary_unit,EVD-00303,matched,13
SMP-00198,PRC-0010,CSH-012825,156231.53,random,EVD-00304,matched,28
SMP-00199,PRC-0010,CSH-010251,18787.6,random,EVD-00305,matched,18
SMP-00200,PRC-0010,CSH-006562,5387.42,monetary_unit,EVD-00306|EVD-00307,matched,23
SMP-00201,PRC-0010,CSH-004500,32000.58,monetary_unit,EVD-00308|EVD-00309,matched,17
SMP-00202,PRC-0010,CSH-002807,5889.56,monetary_unit,EVD-00310,matched,30
SMP-00203,PRC-0010,CSH-002175,5862.42,monetary_unit,EVD-00311,matched,29
SMP-00204,PRC-0010,CSH-001491,23616.29,monetary_unit,EVD-00312,matched,15
SMP-00205,PRC-0010,CSH-012646,52340.37,agent_proposed,EVD-00313,matched,20
SMP-00206,PRC-0010,CSH-007427,71148.4,monetary_unit,EVD-00314|EVD-00315,matched,17
SMP-00207,PRC-0010,CSH-009256,22905.34,agent_proposed,EVD-00316|EVD-00317,matched,31
SMP-00208,PRC-0010,CSH-004222,5303.71,agent_proposed,EVD-00318,matched,25
SMP-00209,PRC-0010,CSH-011415,21889.28,agent_proposed,EVD-00319,exception,25
SMP-00210,PRC-0010,CSH-009836,5461.79,judgmental,EVD-00320|EVD-00321,exception,21
SMP-00211,PRC-0010,CSH-007897,34566.88,monetary_unit,EVD-00322,matched,27
SMP-00212,PRC-0011,CSH-011314,30493,monetary_unit,EVD-00326|EVD-00327,matched,49
SMP-00213,PRC-0011,CSH-001131,12913.85,agent_proposed,EVD-00328|EVD-00325,matched,53
SMP-00214,PRC-0011,CSH-005689,10501.81,random,EVD-00329|EVD-00330,matched,48
SMP-00215,PRC-0011,CSH-000424,3281.79,monetary_unit,EVD-00331|EVD-00332|EVD-00324,exception,40
SMP-00216,PRC-0011,CSH-013036,37846.2,judgmental,EVD-00333|EVD-00334,matched,56
SMP-00217,PRC-0011,CSH-005824,18352.04,monetary_unit,EVD-00335|EVD-00324,matched,36
SMP-00218,PRC-0011,CSH-004958,958.8,random,EVD-00336|EVD-00337|EVD-00325,matched,41
SMP-00219,PRC-0011,CSH-009654,70544.67,random,EVD-00338,matched,38
SMP-00220,PRC-0011,CSH-004010,5106.38,agent_proposed,EVD-00339|EVD-00340|EVD-00325,matched,46
SMP-00221,PRC-0011,CSH-002685,54576.88,judgmental,EVD-00341|EVD-00324,matched,40
SMP-00222,PRC-0011,CSH-006879,21484.76,monetary_unit,EVD-00342|EVD-00343|EVD-00324,matched,53
SMP-00223,PRC-0011,CSH-006726,34419.27,agent_proposed,EVD-00344|EVD-00345|EVD-00324,matched,48
SMP-00224,PRC-0011,CSH-011728,10626.79,judgmental,EVD-00346|EVD-00347|EVD-00323,matched,56
SMP-00225,PRC-0011,CSH-000817,4688.37,judgmental,EVD-00348|EVD-00324,matched,37
SMP-00226,PRC-0011,CSH-008327,5519.35,monetary_unit,EVD-00349,matched,54
SMP-00227,PRC-0011,CSH-008648,68391.32,random,EVD-00350|EVD-00351|EVD-00325,matched,40
SMP-00228,PRC-0011,CSH-007266,74962.16,random,EVD-00352,matched,41
SMP-00229,PRC-0011,CSH-012751,16857.06,monetary_unit,EVD-00353|EVD-00354|EVD-00325,matched,50
SMP-00230,PRC-0011,CSH-005968,67923.76,monetary_unit,EVD-00355|EVD-00356|EVD-00325,matched,51
SMP-00231,PRC-0011,CSH-009402,22790.82,monetary_unit,EVD-00357|EVD-00358,matched,56
SMP-00232,PRC-0011,CSH-010026,222109.39,random,EVD-00359|EVD-00360,matched,40
SMP-00233,PRC-0011,CSH-006122,2659.11,random,EVD-00361|EVD-00325,exception,45
SMP-00234,PRC-0011,CSH-003197,42728.47,agent_proposed,EVD-00362,matched,56
SMP-00235,PRC-0011,CSH-013391,82410.5,judgmental,EVD-00363,matched,43
SMP-00236,PRC-0011,CSH-007102,11207.37,judgmental,EVD-00364,matched,45
SMP-00237,PRC-0011,CSH-011366,36170.67,monetary_unit,EVD-00365|EVD-00324,matched,39
SMP-00238,PRC-0011,CSH-002802,12923.63,monetary_unit,EVD-00366|EVD-00367,matched,38
SMP-00239,PRC-0011,CSH-009424,6861.44,random,EVD-00368|EVD-00369|EVD-00325,matched,39
SMP-00240,PRC-0011,CSH-004561,6952.85,random,EVD-00370|EVD-00371,exception,50
SMP-00241,PRC-0011,CSH-003075,13112.81,monetary_unit,EVD-00372|EVD-00373,matched,43
SMP-00242,PRC-0011,CSH-005679,33498.91,judgmental,EVD-00374|EVD-00324,matched,51
SMP-00243,PRC-0011,CSH-001044,10982.51,monetary_unit,EVD-00375|EVD-00376|EVD-00325,matched,36
SMP-00244,PRC-0011,CSH-000477,19313.48,judgmental,EVD-00377|EVD-00378,matched,36
SMP-00245,PRC-0011,CSH-003757,42909.32,judgmental,EVD-00379|EVD-00380,exception,39
SMP-00246,PRC-0011,CSH-000771,42458.26,monetary_unit,EVD-00381|EVD-00382,unresolved,40
SMP-00247,PRC-0012,CSH-012288,14784.24,random,EVD-00385|EVD-00386,matched,11
SMP-00248,PRC-0012,CSH-002910,17132.22,agent_proposed,EVD-00387|EVD-00388|EVD-00383,matched,10
SMP-00249,PRC-0012,CSH-002582,30951.61,monetary_unit,EVD-00389,matched,19
SMP-00250,PRC-0012,CSH-010973,51685.58,random,EVD-00390,matched,19
SMP-00251,PRC-0012,CSH-001759,36708.32,random,EVD-00391|EVD-00384,matched,25
SMP-00252,PRC-0012,CSH-000288,63061.83,judgmental,EVD-00392,matched,14
SMP-00253,PRC-0012,CSH-001476,38918.84,random,EVD-00393|EVD-00383,matched,12
SMP-00254,PRC-0012,CSH-004171,13306.05,judgmental,EVD-00394|EVD-00395,matched,20
SMP-00255,PRC-0012,CSH-010865,15754.36,random,EVD-00396|EVD-00383,matched,16
SMP-00256,PRC-0012,CSH-008658,2345.38,random,EVD-00397|EVD-00383,matched,28
SMP-00257,PRC-0012,CSH-012720,6297.32,agent_proposed,EVD-00398,exception,15
SMP-00258,PRC-0012,CSH-012101,105173.83,monetary_unit,EVD-00399|EVD-00400|EVD-00384,matched,26
SMP-00259,PRC-0012,CSH-002101,21836.23,monetary_unit,EVD-00401|EVD-00383,unresolved,23
SMP-00260,PRC-0012,CSH-004268,112708.14,monetary_unit,EVD-00402|EVD-00403|EVD-00383,matched,18
SMP-00261,PRC-0012,CSH-005114,32224.66,random,EVD-00404|EVD-00405|EVD-00383,matched,10
SMP-00262,PRC-0012,CSH-000604,6298.41,monetary_unit,EVD-00406|EVD-00407,matched,17
SMP-00263,PRC-0012,CSH-004398,60240.71,monetary_unit,EVD-00408|EVD-00409|EVD-00384,matched,19
SMP-00264,PRC-0012,CSH-007548,9084.13,random,EVD-00410|EVD-00411|EVD-00384,matched,9
SMP-00265,PRC-0012,CSH-005552,2859.66,random,EVD-00412,matched,27
SMP-00266,PRC-0012,CSH-008621,10778.17,random,EVD-00413,matched,17
SMP-00267,PRC-0013,FXA-000679,5463.37,monetary_unit,EVD-00415|EVD-00416,matched,12
SMP-00268,PRC-0013,FXA-002632,9077.2,monetary_unit,EVD-00417,matched,22
SMP-00269,PRC-0013,FXA-000980,26660.64,random,EVD-00418|EVD-00419|EVD-00414,matched,21
SMP-00270,PRC-0013,FXA-000622,69392.06,monetary_unit,EVD-00420|EVD-00421,matched,29
SMP-00271,PRC-0013,FXA-001419,104034.64,monetary_unit,EVD-00422|EVD-00423|EVD-00414,matched,22
SMP-00272,PRC-0013,FXA-001729,16943.39,agent_proposed,EVD-00424,matched,11
SMP-00273,PRC-0013,FXA-002581,5823.4,monetary_unit,EVD-00425,matched,15
SMP-00274,PRC-0014,FXA-000225,1841333.1,monetary_unit,EVD-00427,matched,71
SMP-00275,PRC-0014,FXA-001915,47478.68,random,EVD-00427,matched,75
SMP-00276,PRC-0014,FXA-002119,11624.73,random,EVD-00427,matched,54
SMP-00277,PRC-0014,FXA-000013,7501.58,random,EVD-00428,matched,50
SMP-00278,PRC-0014,FXA-002861,2282.89,agent_proposed,EVD-00427,matched,53
SMP-00279,PRC-0014,FXA-002482,6439.23,agent_proposed,EVD-00427,exception,59
SMP-00280,PRC-0014,FXA-000831,15111.22,monetary_unit,EVD-00427,matched,71
SMP-00281,PRC-0014,FXA-001551,33358.06,random,EVD-00426,matched,73
SMP-00282,PRC-0014,FXA-002303,42374,random,EVD-00428,matched,68
SMP-00283,PRC-0014,FXA-000982,79920.62,judgmental,EVD-00426,matched,60
SMP-00284,PRC-0014,FXA-000022,10785.83,agent_proposed,EVD-00427,matched,76
SMP-00285,PRC-0014,FXA-001823,16757.28,judgmental,EVD-00426,matched,69
SMP-00286,PRC-0014,FXA-000525,23189.68,monetary_unit,EVD-00426,matched,62
SMP-00287,PRC-0014,FXA-000981,23750.29,monetary_unit,EVD-00428,matched,53
SMP-00288,PRC-0014,FXA-003045,21872.82,agent_proposed,EVD-00427,matched,61
SMP-00289,PRC-0014,FXA-002823,20200.11,monetary_unit,EVD-00427,matched,61
SMP-00290,PRC-0014,FXA-002739,20440.09,judgmental,EVD-00428,matched,77
SMP-00291,PRC-0014,FXA-003150,91069.77,agent_proposed,EVD-00428,matched,64
SMP-00292,PRC-0014,FXA-002609,105030.42,agent_proposed,EVD-00427,matched,74
SMP-00293,PRC-0014,FXA-002344,10069.8,monetary_unit,EVD-00427,matched,68
SMP-00294,PRC-0014,FXA-000124,16464.05,judgmental,EVD-00427,matched,54
SMP-00295,PRC-0014,FXA-000883,1212.21,judgmental,EVD-00426,matched,53
SMP-00296,PRC-0014,FXA-000381,81847.46,random,EVD-00426,matched,76
SMP-00297,PRC-0014,FXA-000601,257782.76,agent_proposed,EVD-00427,matched,68
SMP-00298,PRC-0014,FXA-001029,59016.41,agent_proposed,EVD-00427,matched,60
SMP-00299,PRC-0014,FXA-001718,6883.93,judgmental,EVD-00428,matched,74
SMP-00300,PRC-0014,FXA-000229,47195.95,monetary_unit,EVD-00426,matched,57
SMP-00301,PRC-0014,FXA-001942,43513.39,agent_proposed,EVD-00426,matched,58
SMP-00302,PRC-0014,FXA-000563,29823.77,random,EVD-00428,matched,59
SMP-00303,PRC-0014,FXA-002188,4315.39,monetary_unit,EVD-00427,matched,74
SMP-00304,PRC-0014,FXA-000929,16898.69,agent_proposed,EVD-00426,matched,75
SMP-00305,PRC-0014,FXA-001313,50732.7,monetary_unit,EVD-00427,exception,74
SMP-00306,PRC-0014,FXA-000479,74407.99,random,EVD-00427,matched,51
SMP-00307,PRC-0014,FXA-001170,4397.64,monetary_unit,EVD-00428,matched,50
SMP-00308,PRC-0015,FXA-002752,113762.49,agent_proposed,EVD-00429,matched,17
SMP-00309,PRC-0015,FXA-000286,10348.48,monetary_unit,EVD-00429,matched,28
SMP-00310,PRC-0015,FXA-001573,8082.8,random,EVD-00429,matched,16
SMP-00311,PRC-0015,FXA-002528,7463.34,random,EVD-00429,matched,16
SMP-00312,PRC-0015,FXA-000903,14437.4,monetary_unit,EVD-00429,matched,17
SMP-00313,PRC-0015,FXA-002384,17677.8,monetary_unit,EVD-00429,matched,18
SMP-00314,PRC-0015,FXA-000330,49243.36,random,EVD-00429,matched,33
SMP-00315,PRC-0015,FXA-002330,71839.18,random,EVD-00429,matched,35
SMP-00316,PRC-0015,FXA-001016,7329.43,random,EVD-00429,matched,28
SMP-00317,PRC-0015,FXA-000693,192240.09,random,EVD-00429,matched,29
SMP-00318,PRC-0015,FXA-003019,10164.1,random,EVD-00429,matched,30
SMP-00319,PRC-0015,FXA-002800,9546.16,agent_proposed,EVD-00429,matched,21
SMP-00320,PRC-0015,FXA-001232,11960.4,agent_proposed,EVD-00429,matched,22
SMP-00321,PRC-0015,FXA-002963,5870.38,monetary_unit,EVD-00429,matched,25
SMP-00322,PRC-0015,FXA-000306,48665.25,monetary_unit,EVD-00429,matched,24
SMP-00323,PRC-0015,FXA-002782,11473.59,random,EVD-00429,matched,20
SMP-00324,PRC-0015,FXA-000842,11128.63,monetary_unit,EVD-00429,matched,16
SMP-00325,PRC-0015,FXA-001464,18242.05,agent_proposed,EVD-00429,matched,29
SMP-00326,PRC-0015,FXA-002039,8206.47,random,EVD-00429,matched,33
SMP-00327,PRC-0015,FXA-001839,65579.1,monetary_unit,EVD-00429,matched,26
SMP-00328,PRC-0015,FXA-000581,19726.49,monetary_unit,EVD-00429,matched,18
SMP-00329,PRC-0015,FXA-002534,314172.65,random,EVD-00429,matched,17
SMP-00330,PRC-0015,FXA-000510,4288.07,monetary_unit,EVD-00429,matched,27
SMP-00331,PRC-0015,FXA-001858,11327.33,random,EVD-00429,matched,34
SMP-00332,PRC-0015,FXA-002219,22769.43,monetary_unit,EVD-00429,matched,15
SMP-00333,PRC-0015,FXA-000240,49002.69,monetary_unit,EVD-00429,matched,17
SMP-00334,PRC-0015,FXA-003047,20184.42,judgmental,EVD-00429,matched,21
SMP-00335,PRC-0015,FXA-000946,44646.07,random,EVD-00429,matched,23
SMP-00336,PRC-0015,FXA-002906,25913.86,random,EVD-00429,matched,35
SMP-00337,PRC-0015,FXA-000923,25365.29,judgmental,EVD-00429,matched,26
SMP-00338,PRC-0016,FXA-002879,9495.77,agent_proposed,EVD-00431|EVD-00430,matched,42
SMP-00339,PRC-0016,FXA-002513,18680.64,monetary_unit,EVD-00432|EVD-00433|EVD-00430,matched,45
SMP-00340,PRC-0016,FXA-000044,40422.31,monetary_unit,EVD-00434,exception,56
SMP-00341,PRC-0016,FXA-002187,26315.77,monetary_unit,EVD-00435,matched,47
SMP-00342,PRC-0016,FXA-000280,9680.61,monetary_unit,EVD-00436|EVD-00437|EVD-00430,matched,49
SMP-00343,PRC-0016,FXA-002934,6720.26,monetary_unit,EVD-00438|EVD-00430,matched,54
SMP-00344,PRC-0016,FXA-000337,12756.11,random,EVD-00439|EVD-00440,matched,49
SMP-00345,PRC-0016,FXA-002100,65872.8,monetary_unit,EVD-00441|EVD-00442,matched,53
SMP-00346,PRC-0016,FXA-000634,9348.04,monetary_unit,EVD-00443|EVD-00444,exception,51
SMP-00347,PRC-0016,FXA-000061,19782.52,random,EVD-00445,matched,48
SMP-00348,PRC-0016,FXA-002367,5312.78,agent_proposed,EVD-00446,matched,46
SMP-00349,PRC-0016,FXA-002024,19347.51,agent_proposed,EVD-00447,matched,54
SMP-00350,PRC-0016,FXA-002279,72382.9,agent_proposed,EVD-00448|EVD-00430,matched,56
SMP-00351,PRC-0016,FXA-002757,16091.77,monetary_unit,EVD-00449|EVD-00430,matched,54
SMP-00352,PRC-0016,FXA-001387,7948.48,monetary_unit,EVD-00450|EVD-00430,matched,51
SMP-00353,PRC-0016,FXA-000164,58973.47,agent_proposed,EVD-00451|EVD-00452,matched,47
SMP-00354,PRC-0016,FXA-002738,5234.88,random,EVD-00453,matched,44
SMP-00355,PRC-0016,FXA-001828,16248.66,agent_proposed,EVD-00454|EVD-00455,matched,47
SMP-00356,PRC-0016,FXA-001084,25258.44,random,EVD-00456|EVD-00430,matched,45
SMP-00357,PRC-0016,FXA-000875,76696.03,random,EVD-00457,matched,48
SMP-00358,PRC-0016,FXA-001365,14281.97,random,EVD-00458,matched,44
SMP-00359,PRC-0016,FXA-002116,168699.66,random,EVD-00459|EVD-00460,matched,44
SMP-00360,PRC-0016,FXA-002607,110828.84,monetary_unit,EVD-00461|EVD-00462|EVD-00430,matched,56
SMP-00361,PRC-0016,FXA-002465,11648.22,random,EVD-00463,matched,47
SMP-00362,PRC-0016,FXA-001484,63634.09,judgmental,EVD-00464|EVD-00430,matched,48
SMP-00363,PRC-0016,FXA-002903,29875.37,monetary_unit,EVD-00465,exception,49
SMP-00364,PRC-0016,FXA-001902,5771.5,agent_proposed,EVD-00466|EVD-00467|EVD-00430,matched,46
SMP-00365,PRC-0016,FXA-000767,9786.63,agent_proposed,EVD-00468|EVD-00469,matched,50
SMP-00366,PRC-0017,PAY-009832,30580.76,judgmental,EVD-00473|EVD-00474,matched,23
SMP-00367,PRC-0017,PAY-007425,57476.03,agent_proposed,EVD-00475|EVD-00476,unresolved,15
SMP-00368,PRC-0017,PAY-004259,13368.23,random,EVD-00477|EVD-00471,matched,16
SMP-00369,PRC-0018,PAY-010244,7774.97,monetary_unit,EVD-00478|EVD-00479,exception,61
SMP-00370,PRC-0018,PAY-003488,32708.92,agent_proposed,EVD-00480,matched,49
SMP-00371,PRC-0018,PAY-015196,24618.57,random,EVD-00481,matched,69
SMP-00372,PRC-0018,PAY-014757,17243.76,random,EVD-00482,matched,71
SMP-00373,PRC-0018,PAY-008324,2962.28,random,EVD-00483,matched,66
SMP-00374,PRC-0018,PAY-003477,20130.85,random,EVD-00484,matched,62
SMP-00375,PRC-0018,PAY-010144,8395.79,monetary_unit,EVD-00485,matched,66
SMP-00376,PRC-0018,PAY-009135,11315.22,judgmental,EVD-00486|EVD-00487,matched,51
SMP-00377,PRC-0018,PAY-009903,390985.22,agent_proposed,EVD-00488,matched,74
SMP-00378,PRC-0018,PAY-005012,20942.16,monetary_unit,EVD-00489,matched,51
SMP-00379,PRC-0018,PAY-014054,21263.15,random,EVD-00490,matched,64
SMP-00380,PRC-0018,PAY-002221,191897.59,random,EVD-00491|EVD-00492,matched,65
SMP-00381,PRC-0018,PAY-004892,4901.92,monetary_unit,EVD-00493,matched,61
SMP-00382,PRC-0018,PAY-010112,19678.96,agent_proposed,EVD-00494|EVD-00495,matched,61
SMP-00383,PRC-0018,PAY-003133,36899.42,random,EVD-00496|EVD-00497,matched,52
SMP-00384,PRC-0018,PAY-008390,286029.96,monetary_unit,EVD-00498,matched,49
SMP-00385,PRC-0018,PAY-011066,91288.42,monetary_unit,EVD-00499,matched,74
SMP-00386,PRC-0018,PAY-006726,17389.92,random,EVD-00500|EVD-00501,matched,55
SMP-00387,PRC-0018,PAY-008204,1468.13,random,EVD-00502|EVD-00503,matched,48
SMP-00388,PRC-0018,PAY-006772,10309.43,random,EVD-00504,matched,62
SMP-00389,PRC-0018,PAY-005919,60763.86,random,EVD-00505,exception,63
SMP-00390,PRC-0018,PAY-015481,27443.14,agent_proposed,EVD-00506,matched,68
SMP-00391,PRC-0018,PAY-005620,117213.05,monetary_unit,EVD-00507|EVD-00508,matched,67
SMP-00392,PRC-0018,PAY-006135,50714.95,monetary_unit,EVD-00509,matched,52
SMP-00393,PRC-0018,PAY-002630,48171.62,monetary_unit,EVD-00510|EVD-00511,matched,52
SMP-00394,PRC-0019,PAY-003097,42064.61,agent_proposed,EVD-00512|EVD-00513,matched,62
SMP-00395,PRC-0019,PAY-001414,21065.87,monetary_unit,EVD-00514,exception,47
SMP-00396,PRC-0019,PAY-012604,12987.18,monetary_unit,EVD-00515|EVD-00516,matched,51
SMP-00397,PRC-0019,PAY-013151,18833.48,judgmental,EVD-00517|EVD-00518,exception,59
SMP-00398,PRC-0019,PAY-005504,28315.56,judgmental,EVD-00519|EVD-00520,matched,51
SMP-00399,PRC-0019,PAY-004358,67822.35,monetary_unit,EVD-00521|EVD-00522,matched,56
SMP-00400,PRC-0019,PAY-006567,6256.29,random,EVD-00523,matched,62
SMP-00401,PRC-0019,PAY-000559,9978.38,random,EVD-00524|EVD-00525,matched,63
SMP-00402,PRC-0019,PAY-007527,27316.74,random,EVD-00526,matched,63
SMP-00403,PRC-0019,PAY-007550,22186.28,random,EVD-00527,matched,52
SMP-00404,PRC-0019,PAY-009640,225568.46,judgmental,EVD-00528,matched,46
SMP-00405,PRC-0019,PAY-013213,5026.69,monetary_unit,EVD-00529|EVD-00530,matched,56
SMP-00406,PRC-0019,PAY-003356,18683.05,random,EVD-00531|EVD-00532,matched,57
SMP-00407,PRC-0019,PAY-002975,93033.71,judgmental,EVD-00533|EVD-00534,matched,57
SMP-00408,PRC-0019,PAY-002009,271074.83,agent_proposed,EVD-00535|EVD-00536,matched,49
SMP-00409,PRC-0019,PAY-013328,4454.32,random,EVD-00537|EVD-00538,matched,63
SMP-00410,PRC-0019,PAY-009341,25724.01,judgmental,EVD-00539,matched,58
SMP-00411,PRC-0019,PAY-004084,37261.67,judgmental,EVD-00540|EVD-00541,matched,63
SMP-00412,PRC-0019,PAY-014672,13652.9,agent_proposed,EVD-00542,matched,64
SMP-00413,PRC-0019,PAY-001427,110345.73,monetary_unit,EVD-00543,matched,57
SMP-00414,PRC-0019,PAY-002150,25635.19,random,EVD-00544|EVD-00545,exception,61
SMP-00415,PRC-0019,PAY-002891,10741.71,judgmental,EVD-00546,matched,61
SMP-00416,PRC-0019,PAY-012233,45563.6,monetary_unit,EVD-00547|EVD-00548,matched,52
SMP-00417,PRC-0019,PAY-003550,200306.24,random,EVD-00549|EVD-00550,matched,61
SMP-00418,PRC-0019,PAY-006587,30051.92,monetary_unit,EVD-00551,matched,63
SMP-00419,PRC-0019,PAY-012273,13117.4,monetary_unit,EVD-00552,matched,46
SMP-00420,PRC-0019,PAY-012683,11142.1,agent_proposed,EVD-00553|EVD-00554,matched,56
SMP-00421,PRC-0019,PAY-006175,8114.53,monetary_unit,EVD-00555|EVD-00556,matched,59
SMP-00422,PRC-0019,PAY-007554,8781.37,random,EVD-00557,matched,60
SMP-00423,PRC-0020,PAY-003663,181699.78,judgmental,EVD-00560|EVD-00559,matched,44
SMP-00424,PRC-0020,PAY-014146,56188.74,monetary_unit,EVD-00561|EVD-00562|EVD-00558,matched,40
SMP-00425,PRC-0020,PAY-015178,75588.7,judgmental,EVD-00563|EVD-00564|EVD-00558,matched,53
SMP-00426,PRC-0020,PAY-015218,53029.4,judgmental,EVD-00565,matched,53
SMP-00427,PRC-0020,PAY-002182,24802.44,random,EVD-00566|EVD-00567|EVD-00559,matched,45
SMP-00428,PRC-0020,PAY-012373,6956.74,judgmental,EVD-00568|EVD-00569,matched,51
SMP-00429,PRC-0020,PAY-007525,29065.35,monetary_unit,EVD-00570|EVD-00571|EVD-00558,matched,40
SMP-00430,PRC-0020,PAY-003401,16626.37,monetary_unit,EVD-00572|EVD-00573|EVD-00559,matched,53
SMP-00431,PRC-0020,PAY-011802,223245.03,random,EVD-00574|EVD-00575,matched,55
SMP-00432,PRC-0020,PAY-011887,16082.36,random,EVD-00576,matched,44
SMP-00433,PRC-0020,PAY-010271,4610.53,judgmental,EVD-00577|EVD-00558,matched,54
SMP-00434,PRC-0020,PAY-011506,5737.81,judgmental,EVD-00578,matched,48
SMP-00435,PRC-0020,PAY-003977,51536.28,random,EVD-00579,matched,52
SMP-00436,PRC-0020,PAY-011747,2877.49,random,EVD-00580|EVD-00558,matched,48
SMP-00437,PRC-0020,PAY-011921,9671.74,agent_proposed,EVD-00581|EVD-00582,matched,44
SMP-00438,PRC-0020,PAY-006201,15134,monetary_unit,EVD-00583,matched,55
SMP-00439,PRC-0020,PAY-001738,29677.02,random,EVD-00584,matched,51
SMP-00440,PRC-0020,PAY-013367,14638.09,monetary_unit,EVD-00585,matched,52
SMP-00441,PRC-0020,PAY-005283,15670.5,monetary_unit,EVD-00586|EVD-00587|EVD-00559,matched,40
SMP-00442,PRC-0021,REV-052566,3948.85,random,EVD-00590,matched,38
SMP-00443,PRC-0021,REV-028389,56781.44,random,EVD-00591|EVD-00592|EVD-00589,matched,28
SMP-00444,PRC-0021,REV-044716,37246.7,judgmental,EVD-00593|EVD-00594|EVD-00588,exception,33
SMP-00445,PRC-0021,REV-004455,21051.19,random,EVD-00595|EVD-00588,unresolved,36
SMP-00446,PRC-0021,REV-021682,10660.61,agent_proposed,EVD-00596|EVD-00588,matched,29
SMP-00447,PRC-0021,REV-010936,103547.33,monetary_unit,EVD-00597|EVD-00598|EVD-00588,matched,32
SMP-00448,PRC-0021,REV-025941,85641.71,random,EVD-00599|EVD-00600,matched,41
SMP-00449,PRC-0021,REV-032616,34233.67,judgmental,EVD-00601|EVD-00602,matched,38
SMP-00450,PRC-0022,REV-053107,6661.88,agent_proposed,EVD-00603|EVD-00604,exception,55
SMP-00451,PRC-0022,REV-001505,16920.37,monetary_unit,EVD-00605,matched,69
SMP-00452,PRC-0022,REV-016173,90678.34,random,EVD-00606|EVD-00607,matched,62
SMP-00453,PRC-0022,REV-001899,44294.75,agent_proposed,EVD-00608,exception,62
SMP-00454,PRC-0022,REV-042872,60852.4,random,EVD-00609,matched,78
SMP-00455,PRC-0022,REV-016466,13770.87,random,EVD-00610|EVD-00611,matched,67
SMP-00456,PRC-0022,REV-009239,28320.04,agent_proposed,EVD-00612,matched,75
SMP-00457,PRC-0022,REV-002497,13986.54,random,EVD-00613,matched,74
SMP-00458,PRC-0022,REV-009484,291968.48,random,EVD-00614,exception,68
SMP-00459,PRC-0022,REV-006631,23593.15,agent_proposed,EVD-00615,matched,60
SMP-00460,PRC-0022,REV-005895,15835.89,agent_proposed,EVD-00616,matched,52
SMP-00461,PRC-0022,REV-050362,38034.06,agent_proposed,EVD-00617,matched,70
SMP-00462,PRC-0022,REV-006444,30602.22,monetary_unit,EVD-00618|EVD-00619,matched,51
SMP-00463,PRC-0022,REV-036503,42298,monetary_unit,EVD-00620|EVD-00621,matched,61
SMP-00464,PRC-0022,REV-020665,17979.32,judgmental,EVD-00622|EVD-00623,matched,55
SMP-00465,PRC-0022,REV-047518,15860.08,judgmental,EVD-00624|EVD-00625,matched,61
SMP-00466,PRC-0022,REV-050032,3933.8,judgmental,EVD-00626,matched,71
SMP-00467,PRC-0022,REV-018282,16491.41,judgmental,EVD-00627,matched,55
SMP-00468,PRC-0022,REV-012248,4284.55,monetary_unit,EVD-00628|EVD-00629,matched,77
SMP-00469,PRC-0022,REV-050009,56922.85,agent_proposed,EVD-00630,matched,79
SMP-00470,PRC-0022,REV-007733,30587.97,monetary_unit,EVD-00631,matched,53
SMP-00471,PRC-0022,REV-015836,16756.87,agent_proposed,EVD-00632,matched,58
SMP-00472,PRC-0022,REV-014751,36019.27,judgmental,EVD-00633|EVD-00634,matched,55
SMP-00473,PRC-0022,REV-049854,204584.29,agent_proposed,EVD-00635,matched,51
SMP-00474,PRC-0022,REV-038370,7611.86,agent_proposed,EVD-00636|EVD-00637,matched,53
SMP-00475,PRC-0022,REV-002323,52262.39,judgmental,EVD-00638,matched,77
SMP-00476,PRC-0022,REV-031745,22105.99,random,EVD-00639,matched,70
SMP-00477,PRC-0022,REV-049821,92965.26,agent_proposed,EVD-00640|EVD-00641,matched,59
SMP-00478,PRC-0022,REV-052022,433980.5,random,EVD-00642,unresolved,75
SMP-00479,PRC-0022,REV-011568,32322.94,agent_proposed,EVD-00643|EVD-00644,matched,71
SMP-00480,PRC-0022,REV-048537,9180.57,agent_proposed,EVD-00645|EVD-00646,matched,50
SMP-00481,PRC-0022,REV-002046,8944.09,monetary_unit,EVD-00647,matched,65
SMP-00482,PRC-0023,REV-001269,10035.13,random,EVD-00648,matched,54
SMP-00483,PRC-0023,REV-040551,56012.36,random,EVD-00649,matched,58
SMP-00484,PRC-0023,REV-031985,26752.07,random,EVD-00650|EVD-00651,matched,59
SMP-00485,PRC-0023,REV-027242,47969.24,random,EVD-00652,matched,70
SMP-00486,PRC-0023,REV-007684,13326.68,agent_proposed,EVD-00653|EVD-00654,matched,55
SMP-00487,PRC-0023,REV-032202,47530.36,judgmental,EVD-00655,matched,62
SMP-00488,PRC-0023,REV-031421,37869.92,agent_proposed,EVD-00656,matched,73
SMP-00489,PRC-0023,REV-040645,25557.64,judgmental,EVD-00657,matched,60
SMP-00490,PRC-0023,REV-047075,14038.7,monetary_unit,EVD-00658,matched,50
SMP-00491,PRC-0023,REV-029600,36152.6,monetary_unit,EVD-00659,matched,52
SMP-00492,PRC-0023,REV-042775,4326.61,monetary_unit,EVD-00660,matched,59
SMP-00493,PRC-0023,REV-007413,7300.37,monetary_unit,EVD-00661,matched,63
SMP-00494,PRC-0023,REV-028144,1862,monetary_unit,EVD-00662|EVD-00663,matched,54
SMP-00495,PRC-0023,REV-022115,41376.47,judgmental,EVD-00664,matched,54
SMP-00496,PRC-0023,REV-011037,3200.24,judgmental,EVD-00665|EVD-00666,exception,52
SMP-00497,PRC-0023,REV-013068,7075.4,random,EVD-00667,matched,54
SMP-00498,PRC-0023,REV-035194,87410.67,judgmental,EVD-00668|EVD-00669,matched,73
SMP-00499,PRC-0023,REV-046315,11057.77,judgmental,EVD-00670,matched,69
SMP-00500,PRC-0023,REV-024673,30099.78,agent_proposed,EVD-00671|EVD-00672,matched,65
SMP-00501,PRC-0023,REV-024025,15410.67,random,EVD-00673|EVD-00674,matched,66
SMP-00502,PRC-0023,REV-048550,39117.18,random,EVD-00675|EVD-00676,matched,64
SMP-00503,PRC-0023,REV-023712,40343.18,monetary_unit,EVD-00677,matched,55
SMP-00504,PRC-0023,REV-050604,36667.33,monetary_unit,EVD-00678|EVD-00679,matched,67
SMP-00505,PRC-0023,REV-010900,55806.39,random,EVD-00680,matched,52
SMP-00506,PRC-0023,REV-006775,34364.51,random,EVD-00681,matched,65
SMP-00507,PRC-0023,REV-023676,88393.17,agent_proposed,EVD-00682|EVD-00683,matched,73
SMP-00508,PRC-0023,REV-012674,24386.39,monetary_unit,EVD-00684,matched,61
SMP-00509,PRC-0023,REV-032196,11953.61,monetary_unit,EVD-00685,matched,53
SMP-00510,PRC-0023,REV-021879,19005.95,random,EVD-00686,matched,56
SMP-00511,PRC-0023,REV-029664,20622.23,random,EVD-00687,matched,50
SMP-00512,PRC-0023,REV-049163,148485.49,judgmental,EVD-00688|EVD-00689,matched,67
SMP-00513,PRC-0023,REV-041194,14848.47,random,EVD-00690,matched,55
SMP-00514,PRC-0023,REV-048993,10845.11,agent_proposed,EVD-00691|EVD-00692,matched,73
SMP-00515,PRC-0023,REV-043800,17406.79,agent_proposed,EVD-00693,matched,67
SMP-00516,PRC-0023,REV-001030,34427.05,monetary_unit,EVD-00694|EVD-00695,matched,63
SMP-00517,PRC-0023,REV-022432,6689.85,random,EVD-00696,matched,54
SMP-00518,PRC-0023,REV-035267,14999.82,judgmental,EVD-00697,matched,60
SMP-00519,PRC-0023,REV-009812,2898.15,random,EVD-00698,matched,58
SMP-00520,PRC-0023,REV-048846,17714.22,agent_proposed,EVD-00699|EVD-00700,matched,72
SMP-00521,PRC-0023,REV-016065,19725.29,agent_proposed,EVD-00701|EVD-00702,matched,57
SMP-00522,PRC-0023,REV-006032,274991.04,judgmental,EVD-00703|EVD-00704,matched,56
SMP-00523,PRC-0023,REV-025626,4123.58,random,EVD-00705|EVD-00706,matched,68
SMP-00524,PRC-0023,REV-024322,5507.78,judgmental,EVD-00707|EVD-00708,matched,65
SMP-00525,PRC-0023,REV-034294,55415.95,agent_proposed,EVD-00709,matched,53
SMP-00526,PRC-0023,REV-003949,87948.89,agent_proposed,EVD-00710|EVD-00711,matched,55
SMP-00527,PRC-0024,REV-046038,5873.94,random,EVD-00714,matched,55
SMP-00528,PRC-0024,REV-033928,23912.5,random,EVD-00715|EVD-00716,matched,58
SMP-00529,PRC-0024,REV-037258,45883.59,monetary_unit,EVD-00717|EVD-00718|EVD-00712,matched,57
SMP-00530,PRC-0024,REV-025210,9323.58,monetary_unit,EVD-00719|EVD-00720|EVD-00713,matched,56
SMP-00531,PRC-0024,REV-001955,11232.13,random,EVD-00721|EVD-00722|EVD-00713,matched,56
SMP-00532,PRC-0024,REV-034557,8585.1,random,EVD-00723|EVD-00724,matched,49
SMP-00533,PRC-0024,REV-012539,19107.83,judgmental,EVD-00725|EVD-00712,matched,52
SMP-00534,PRC-0025,INV-010534,21608.74,monetary_unit,EVD-00727,matched,47
SMP-00535,PRC-0025,INV-012678,16211.96,monetary_unit,EVD-00728|EVD-00726,matched,41
SMP-00536,PRC-0025,INV-000119,43811.61,monetary_unit,EVD-00729|EVD-00730,matched,29
SMP-00537,PRC-0025,INV-001876,2997.28,monetary_unit,EVD-00731|EVD-00726,matched,36
SMP-00538,PRC-0025,INV-005283,20411.47,random,EVD-00732|EVD-00733|EVD-00726,matched,36
SMP-00539,PRC-0025,INV-012548,23016.22,monetary_unit,EVD-00734|EVD-00735,unresolved,47
SMP-00540,PRC-0026,INV-000693,8588.42,monetary_unit,EVD-00736,matched,37
SMP-00541,PRC-0026,INV-001014,7612.68,random,EVD-00737,matched,36
SMP-00542,PRC-0026,INV-002740,12444.85,judgmental,EVD-00738,matched,44
SMP-00543,PRC-0026,INV-003408,18690.68,random,EVD-00739|EVD-00740,matched,36
SMP-00544,PRC-0026,INV-016403,15412.31,judgmental,EVD-00741|EVD-00742,matched,42
SMP-00545,PRC-0026,INV-000419,61552.37,agent_proposed,EVD-00743,matched,38
SMP-00546,PRC-0026,INV-008860,29433.78,judgmental,EVD-00744,matched,34
SMP-00547,PRC-0026,INV-014956,19118.85,monetary_unit,EVD-00745|EVD-00746,matched,39
SMP-00548,PRC-0026,INV-007091,8923.86,judgmental,EVD-00747|EVD-00748,exception,45
SMP-00549,PRC-0026,INV-014054,37156.76,agent_proposed,EVD-00749,matched,36
SMP-00550,PRC-0026,INV-006568,32569.01,monetary_unit,EVD-00750,matched,37
SMP-00551,PRC-0026,INV-012854,184904.31,monetary_unit,EVD-00751|EVD-00752,matched,30
SMP-00552,PRC-0026,INV-004246,25323.39,agent_proposed,EVD-00753,matched,44
SMP-00553,PRC-0026,INV-010371,40379.28,judgmental,EVD-00754,matched,32
SMP-00554,PRC-0026,INV-011737,13668.05,monetary_unit,EVD-00755,matched,39
SMP-00555,PRC-0026,INV-006662,3792.81,random,EVD-00756,exception,37
SMP-00556,PRC-0026,INV-002876,9988.32,judgmental,EVD-00757|EVD-00758,matched,43
SMP-00557,PRC-0026,INV-001336,5971.91,random,EVD-00759|EVD-00760,matched,43
SMP-00558,PRC-0026,INV-012173,457596.35,judgmental,EVD-00761|EVD-00762,matched,37
SMP-00559,PRC-0026,INV-016471,38153.02,agent_proposed,EVD-00763|EVD-00764,matched,39
SMP-00560,PRC-0026,INV-016538,2569.99,monetary_unit,EVD-00765,exception,39
SMP-00561,PRC-0026,INV-017010,59344.08,monetary_unit,EVD-00766,matched,35
SMP-00562,PRC-0026,INV-013165,15615.24,random,EVD-00767,matched,37
SMP-00563,PRC-0026,INV-003987,19987.52,monetary_unit,EVD-00768|EVD-00769,matched,35
SMP-00564,PRC-0026,INV-014156,41422.5,random,EVD-00770|EVD-00771,matched,37
SMP-00565,PRC-0026,INV-015051,65736.57,random,EVD-00772|EVD-00773,exception,32
SMP-00566,PRC-0026,INV-013351,14916.54,random,EVD-00774,matched,37
SMP-00567,PRC-0026,INV-013242,4076.5,agent_proposed,EVD-00775,matched,30
SMP-00568,PRC-0026,INV-014037,7521.44,monetary_unit,EVD-00776,matched,35
SMP-00569,PRC-0026,INV-017376,103628.87,agent_proposed,EVD-00777|EVD-00778,matched,45
SMP-00570,PRC-0026,INV-011893,7138.64,random,EVD-00779,matched,42
SMP-00571,PRC-0026,INV-010679,21535.13,random,EVD-00780,matched,36
SMP-00572,PRC-0026,INV-000214,16738.05,random,EVD-00781|EVD-00782,matched,38
SMP-00573,PRC-0026,INV-005390,9455.92,random,EVD-00783,matched,36
SMP-00574,PRC-0026,INV-004144,21842.41,monetary_unit,EVD-00784,matched,32
SMP-00575,PRC-0026,INV-005881,26496.7,monetary_unit,EVD-00785,matched,39
SMP-00576,PRC-0026,INV-014604,48179.51,monetary_unit,EVD-00786|EVD-00787,matched,30
SMP-00577,PRC-0027,INV-016904,3087.36,random,EVD-00788|EVD-00789,matched,81
SMP-00578,PRC-0027,INV-008734,40151.33,monetary_unit,EVD-00790,matched,85
SMP-00579,PRC-0027,INV-013916,14319.47,monetary_unit,EVD-00791|EVD-00792,matched,75
SMP-00580,PRC-0027,INV-004134,31891.89,random,EVD-00793,matched,73
SMP-00581,PRC-0027,INV-006266,3117.07,random,EVD-00794,matched,76
SMP-00582,PRC-0027,INV-010763,72352.38,agent_proposed,EVD-00795|EVD-00796,matched,80
SMP-00583,PRC-0027,INV-003951,14183.28,monetary_unit,EVD-00797|EVD-00798,matched,76
SMP-00584,PRC-0027,INV-001156,262808.38,monetary_unit,EVD-00799|EVD-00800,matched,73
SMP-00585,PRC-0027,INV-004633,34356.53,monetary_unit,EVD-00801|EVD-00802,matched,74
SMP-00586,PRC-0027,INV-012882,13440.26,judgmental,EVD-00803,matched,71
SMP-00587,PRC-0027,INV-000259,14517.24,monetary_unit,EVD-00804|EVD-00805,matched,83
SMP-00588,PRC-0027,INV-013739,21467.6,monetary_unit,EVD-00806|EVD-00807,matched,87
SMP-00589,PRC-0027,INV-006906,62676.81,monetary_unit,EVD-00808|EVD-00809,matched,73
SMP-00590,PRC-0027,INV-009498,11273.05,random,EVD-00810|EVD-00811,matched,72
SMP-00591,PRC-0027,INV-010665,5788.38,monetary_unit,EVD-00812|EVD-00813,matched,88
SMP-00592,PRC-0027,INV-006652,5177.06,random,EVD-00814|EVD-00815,matched,82
SMP-00593,PRC-0027,INV-009007,29163.08,random,EVD-00816|EVD-00817,matched,81
SMP-00594,PRC-0027,INV-002910,20023.59,agent_proposed,EVD-00818,matched,82
SMP-00595,PRC-0027,INV-012773,4435.97,judgmental,EVD-00819|EVD-00820,matched,86
SMP-00596,PRC-0027,INV-000904,11350.19,judgmental,EVD-00821|EVD-00822,matched,83
SMP-00597,PRC-0027,INV-003426,13260.63,monetary_unit,EVD-00823|EVD-00824,matched,80
SMP-00598,PRC-0027,INV-007396,45464.62,monetary_unit,EVD-00825|EVD-00826,matched,78
SMP-00599,PRC-0027,INV-015774,3656.15,random,EVD-00827,matched,81
SMP-00600,PRC-0027,INV-012042,120045.17,random,EVD-00828|EVD-00829,matched,87
SMP-00601,PRC-0027,INV-015473,51585.66,random,EVD-00830|EVD-00831,matched,78
SMP-00602,PRC-0027,INV-011654,27164.65,agent_proposed,EVD-00832,matched,69
SMP-00603,PRC-0027,INV-011545,31959.38,agent_proposed,EVD-00833,matched,85
SMP-00604,PRC-0027,INV-013475,60555.23,random,EVD-00834|EVD-00835,matched,88
SMP-00605,PRC-0027,INV-007667,122229.09,monetary_unit,EVD-00836|EVD-00837,exception,75
SMP-00606,PRC-0027,INV-012315,13198.4,monetary_unit,EVD-00838|EVD-00839,matched,84
SMP-00607,PRC-0027,INV-001094,29163.63,monetary_unit,EVD-00840,matched,81
SMP-00608,PRC-0027,INV-017273,7878.59,random,EVD-00841|EVD-00842,matched,85
SMP-00609,PRC-0027,INV-013215,579914.51,random,EVD-00843|EVD-00844,matched,89
SMP-00610,PRC-0027,INV-004085,1779.44,monetary_unit,EVD-00845|EVD-00846,matched,72
SMP-00611,PRC-0027,INV-005657,22140.32,random,EVD-00847,matched,69
SMP-00612,PRC-0027,INV-016682,20066.69,judgmental,EVD-00848|EVD-00849,exception,78
SMP-00613,PRC-0027,INV-010776,2854.73,judgmental,EVD-00850,matched,83
SMP-00614,PRC-0027,INV-004282,1412.23,agent_proposed,EVD-00851|EVD-00852,matched,81
SMP-00615,PRC-0027,INV-016317,109697.62,agent_proposed,EVD-00853,matched,88
SMP-00616,PRC-0027,INV-010372,8329.09,monetary_unit,EVD-00854|EVD-00855,matched,70
SMP-00617,PRC-0027,INV-014131,64450.2,random,EVD-00856|EVD-00857,matched,79
SMP-00618,PRC-0028,INV-000580,19317.25,monetary_unit,EVD-00861|EVD-00862,matched,75
SMP-00619,PRC-0028,INV-011916,4853.4,judgmental,EVD-00863|EVD-00864,matched,75
SMP-00620,PRC-0028,INV-013824,21936.56,agent_proposed,EVD-00865|EVD-00866|EVD-00860,matched,79
SMP-00621,PRC-0028,INV-000424,2780.21,monetary_unit,EVD-00867|EVD-00868|EVD-00859,matched,69
SMP-00622,PRC-0028,INV-012370,22009.81,monetary_unit,EVD-00869|EVD-00858,matched,67
SMP-00623,PRC-0028,INV-008543,25470.07,agent_proposed,EVD-00870|EVD-00871|EVD-00859,matched,78
SMP-00624,PRC-0028,INV-006880,12805.31,judgmental,EVD-00872|EVD-00873,matched,77
SMP-00625,PRC-0028,INV-002108,2510.11,random,EVD-00874|EVD-00859,matched,72
SMP-00626,PRC-0028,INV-004599,116699.65,agent_proposed,EVD-00875|EVD-00858,matched,66
SMP-00627,PRC-0028,INV-000265,17340.87,random,EVD-00876,matched,72
SMP-00628,PRC-0028,INV-008268,6903.54,agent_proposed,EVD-00877,matched,70
SMP-00629,PRC-0029,CSH-004751,29122.56,agent_proposed,EVD-00879|EVD-00878,matched,27
SMP-00630,PRC-0029,CSH-009054,34207.13,monetary_unit,EVD-00880,matched,26
SMP-00631,PRC-0029,CSH-001978,81395.27,random,EVD-00881|EVD-00882|EVD-00878,matched,46
SMP-00632,PRC-0029,CSH-001319,3382.27,random,EVD-00883,exception,35
SMP-00633,PRC-0029,CSH-012109,20855.42,monetary_unit,EVD-00884|EVD-00885,matched,28
SMP-00634,PRC-0029,CSH-001660,13644.17,monetary_unit,EVD-00886,matched,35
SMP-00635,PRC-0029,CSH-010434,65633.45,random,EVD-00887|EVD-00888,matched,32
SMP-00636,PRC-0029,CSH-000200,140208.75,monetary_unit,EVD-00889,matched,34
SMP-00637,PRC-0030,CSH-004375,72786.04,judgmental,EVD-00890,matched,33
SMP-00638,PRC-0030,CSH-002270,36146.25,random,EVD-00890,matched,33
SMP-00639,PRC-0030,CSH-017286,40832.02,monetary_unit,EVD-00890,matched,31
SMP-00640,PRC-0030,CSH-004923,67869.02,monetary_unit,EVD-00890,matched,36
SMP-00641,PRC-0030,CSH-019330,13689.81,monetary_unit,EVD-00890,matched,35
SMP-00642,PRC-0030,CSH-019176,53113.59,random,EVD-00890,matched,43
SMP-00643,PRC-0030,CSH-013962,42179.58,judgmental,EVD-00890,matched,40
SMP-00644,PRC-0030,CSH-000537,15568.94,monetary_unit,EVD-00890,matched,34
SMP-00645,PRC-0030,CSH-001410,965.91,random,EVD-00890,matched,44
SMP-00646,PRC-0030,CSH-000081,62670.55,random,EVD-00890,matched,42
SMP-00647,PRC-0030,CSH-014601,18932.08,random,EVD-00890,matched,43
SMP-00648,PRC-0030,CSH-017783,26684.05,judgmental,EVD-00890,matched,34
SMP-00649,PRC-0030,CSH-020268,41735.13,judgmental,EVD-00890,matched,35
SMP-00650,PRC-0030,CSH-009360,21872.84,judgmental,EVD-00890,matched,42
SMP-00651,PRC-0030,CSH-006685,11388.09,judgmental,EVD-00890,matched,37
SMP-00652,PRC-0030,CSH-018471,44299.46,monetary_unit,EVD-00890,matched,39
SMP-00653,PRC-0030,CSH-004922,11215.19,judgmental,EVD-00890,exception,41
SMP-00654,PRC-0030,CSH-019822,17602.45,monetary_unit,EVD-00890,matched,37
SMP-00655,PRC-0030,CSH-009790,50638.28,random,EVD-00890,matched,31
SMP-00656,PRC-0030,CSH-014617,35925.72,monetary_unit,EVD-00890,matched,37
SMP-00657,PRC-0030,CSH-008944,5758.79,judgmental,EVD-00890,matched,35
SMP-00658,PRC-0030,CSH-005243,56509.07,random,EVD-00890,matched,36
SMP-00659,PRC-0030,CSH-013265,6751.06,monetary_unit,EVD-00890,matched,44
SMP-00660,PRC-0030,CSH-015765,193244.13,agent_proposed,EVD-00890,matched,37
SMP-00661,PRC-0030,CSH-014924,56408.57,judgmental,EVD-00890,matched,36
SMP-00662,PRC-0030,CSH-008728,53931.54,judgmental,EVD-00890,matched,38
SMP-00663,PRC-0030,CSH-016170,155823.04,judgmental,EVD-00890,matched,37
SMP-00664,PRC-0030,CSH-019301,35362.99,random,EVD-00890,matched,33
SMP-00665,PRC-0030,CSH-000198,2842.65,random,EVD-00890,matched,33
SMP-00666,PRC-0030,CSH-001427,9265.61,judgmental,EVD-00890,matched,42
SMP-00667,PRC-0030,CSH-020070,4471.49,random,EVD-00890,matched,44
SMP-00668,PRC-0030,CSH-010838,112169.7,monetary_unit,EVD-00890,matched,32
SMP-00669,PRC-0030,CSH-003576,67934.92,random,EVD-00890,matched,38
SMP-00670,PRC-0030,CSH-013009,47910.39,judgmental,EVD-00890,matched,39
SMP-00671,PRC-0030,CSH-012128,6037.8,monetary_unit,EVD-00890,matched,34
SMP-00672,PRC-0030,CSH-006216,10077.82,random,EVD-00890,matched,30
SMP-00673,PRC-0030,CSH-012743,43220.32,agent_proposed,EVD-00890,matched,42
SMP-00674,PRC-0030,CSH-005880,5019.8,monetary_unit,EVD-00890,matched,34
SMP-00675,PRC-0031,CSH-020783,116838.46,judgmental,EVD-00891,matched,43
SMP-00676,PRC-0031,CSH-020920,118953.61,random,EVD-00891,matched,39
SMP-00677,PRC-0031,CSH-020572,45160.7,random,EVD-00891,matched,43
SMP-00678,PRC-0031,CSH-008685,69825.33,judgmental,EVD-00891,exception,37
SMP-00679,PRC-0031,CSH-004569,14918.72,agent_proposed,EVD-00891,matched,64
SMP-00680,PRC-0031,CSH-014845,13670.72,random,EVD-00891,matched,57
SMP-00681,PRC-0031,CSH-002374,7134,monetary_unit,EVD-00891,matched,49
SMP-00682,PRC-0031,CSH-006976,7109.01,random,EVD-00891,matched,55
SMP-00683,PRC-0031,CSH-004463,60248.66,random,EVD-00891,exception,54
SMP-00684,PRC-0031,CSH-007824,25774.15,monetary_unit,EVD-00891,matched,47
SMP-00685,PRC-0031,CSH-008693,23172.38,monetary_unit,EVD-00891,matched,64
SMP-00686,PRC-0031,CSH-006311,9933.71,judgmental,EVD-00891,matched,39
SMP-00687,PRC-0031,CSH-004685,18233.44,random,EVD-00891,matched,49
SMP-00688,PRC-0031,CSH-015337,50029.55,monetary_unit,EVD-00891,exception,58
SMP-00689,PRC-0031,CSH-015237,124990.09,judgmental,EVD-00891,matched,46
SMP-00690,PRC-0031,CSH-018482,12947.89,random,EVD-00891,matched,61
SMP-00691,PRC-0031,CSH-009164,32052,judgmental,EVD-00891,matched,38
SMP-00692,PRC-0031,CSH-013414,8634.55,judgmental,EVD-00891,matched,53
SMP-00693,PRC-0031,CSH-017222,35956.64,monetary_unit,EVD-00891,matched,49
SMP-00694,PRC-0031,CSH-001390,72124.63,judgmental,EVD-00891,matched,40
SMP-00695,PRC-0031,CSH-003494,29045.17,judgmental,EVD-00891,matched,56
SMP-00696,PRC-0031,CSH-016605,14708.89,judgmental,EVD-00891,matched,43
SMP-00697,PRC-0031,CSH-010963,85031.4,agent_proposed,EVD-00891,matched,48
SMP-00698,PRC-0031,CSH-001093,12543.4,monetary_unit,EVD-00891,matched,53
SMP-00699,PRC-0031,CSH-001409,30878.64,random,EVD-00891,matched,63
SMP-00700,PRC-0031,CSH-016123,3141.93,judgmental,EVD-00891,matched,59
SMP-00701,PRC-0031,CSH-000228,16006.6,agent_proposed,EVD-00891,matched,50
SMP-00702,PRC-0031,CSH-001409,26977.25,random,EVD-00891,matched,62
SMP-00703,PRC-0031,CSH-007723,2261.55,random,EVD-00891,matched,60
SMP-00704,PRC-0031,CSH-001058,8970.75,judgmental,EVD-00891,matched,47
SMP-00705,PRC-0031,CSH-019758,23031.75,judgmental,EVD-00891,matched,60
SMP-00706,PRC-0031,CSH-008608,98189.76,random,EVD-00891,matched,64
SMP-00707,PRC-0031,CSH-005881,52632.05,agent_proposed,EVD-00891,matched,37
SMP-00708,PRC-0031,CSH-017490,3110.54,random,EVD-00891,matched,63
SMP-00709,PRC-0031,CSH-019264,141453.76,random,EVD-00891,matched,59
SMP-00710,PRC-0031,CSH-014404,52471.7,random,EVD-00891,matched,49
SMP-00711,PRC-0031,CSH-003907,13909.28,monetary_unit,EVD-00891,matched,57
SMP-00712,PRC-0031,CSH-012490,41479.35,monetary_unit,EVD-00891,matched,38
SMP-00713,PRC-0032,CSH-014707,19413.68,agent_proposed,EVD-00893,matched,96
SMP-00714,PRC-0032,CSH-016935,85819.86,agent_proposed,EVD-00894,matched,76
SMP-00715,PRC-0032,CSH-004842,4198.44,agent_proposed,EVD-00895,matched,92
SMP-00716,PRC-0032,CSH-015240,31286.4,monetary_unit,EVD-00896|EVD-00897|EVD-00892,matched,93
SMP-00717,PRC-0032,CSH-003435,44263.31,agent_proposed,EVD-00898|EVD-00899|EVD-00892,matched,83
SMP-00718,PRC-0032,CSH-018469,31279.57,random,EVD-00900|EVD-00901,matched,99
SMP-00719,PRC-0032,CSH-012503,52988.51,agent_proposed,EVD-00902|EVD-00892,matched,94
SMP-00720,PRC-0032,CSH-019439,7393.33,random,EVD-00903|EVD-00892,matched,90
SMP-00721,PRC-0032,CSH-019501,18029.35,monetary_unit,EVD-00904,matched,101
SMP-00722,PRC-0032,CSH-010082,52895.93,random,EVD-00905|EVD-00906,unresolved,79
SMP-00723,PRC-0033,FXA-001080,247875.29,random,EVD-00908|EVD-00907,matched,30
SMP-00724,PRC-0033,FXA-001324,67820.8,random,EVD-00909|EVD-00910,matched,32
SMP-00725,PRC-0033,FXA-000084,7283.59,random,EVD-00911|EVD-00912|EVD-00907,matched,29
SMP-00726,PRC-0033,FXA-000021,128714.06,random,EVD-00913|EVD-00907,matched,30
SMP-00727,PRC-0033,FXA-000676,5596.49,agent_proposed,EVD-00914,matched,42
SMP-00728,PRC-0034,FXA-000147,34957.32,random,EVD-00918|EVD-00915,matched,61
SMP-00729,PRC-0034,FXA-000955,224534.43,agent_proposed,EVD-00919|EVD-00920|EVD-00915,matched,66
SMP-00730,PRC-0034,FXA-001120,30830.27,agent_proposed,EVD-00921|EVD-00922|EVD-00915,matched,60
SMP-00731,PRC-0034,FXA-002071,18763.95,agent_proposed,EVD-00923,matched,65
SMP-00732,PRC-0034,FXA-001678,8893.81,monetary_unit,EVD-00924,exception,55
SMP-00733,PRC-0034,FXA-001438,20114.83,random,EVD-00925,exception,70
SMP-00734,PRC-0034,FXA-000137,10775.57,monetary_unit,EVD-00926|EVD-00917,matched,59
SMP-00735,PRC-0034,FXA-001853,5501.49,monetary_unit,EVD-00927|EVD-00915,matched,55
SMP-00736,PRC-0034,FXA-000700,47045.45,monetary_unit,EVD-00928|EVD-00929|EVD-00916,matched,58
SMP-00737,PRC-0034,FXA-001412,35235.81,judgmental,EVD-00930|EVD-00931,matched,55
SMP-00738,PRC-0034,FXA-001110,13820.15,judgmental,EVD-00932|EVD-00915,matched,69
SMP-00739,PRC-0034,FXA-000959,15869.63,random,EVD-00933|EVD-00916,matched,63
SMP-00740,PRC-0034,FXA-001188,15929.96,judgmental,EVD-00934|EVD-00935,matched,70
SMP-00741,PRC-0034,FXA-000197,51880.22,monetary_unit,EVD-00936|EVD-00937|EVD-00917,matched,59
SMP-00742,PRC-0034,FXA-001930,40115.06,monetary_unit,EVD-00938|EVD-00939|EVD-00916,matched,59
SMP-00743,PRC-0034,FXA-001880,82246.73,judgmental,EVD-00940|EVD-00917,matched,63
SMP-00744,PRC-0034,FXA-000718,8453.77,random,EVD-00941|EVD-00916,matched,64
SMP-00745,PRC-0034,FXA-000608,1965.6,monetary_unit,EVD-00942,matched,62
SMP-00746,PRC-0034,FXA-000700,8037.24,judgmental,EVD-00943|EVD-00944,matched,70
SMP-00747,PRC-0034,FXA-000563,39238.7,monetary_unit,EVD-00945|EVD-00915,matched,68
SMP-00748,PRC-0034,FXA-001796,20962.25,agent_proposed,EVD-00946,matched,60
SMP-00749,PRC-0034,FXA-001457,3497.06,judgmental,EVD-00947,matched,65
SMP-00750,PRC-0035,FXA-000283,22461.35,random,EVD-00948,matched,79
SMP-00751,PRC-0035,FXA-001781,8282.64,random,EVD-00950,matched,69
SMP-00752,PRC-0035,FXA-000814,107334.49,random,EVD-00948,matched,72
SMP-00753,PRC-0035,FXA-002076,51881.91,agent_proposed,EVD-00949,matched,79
SMP-00754,PRC-0035,FXA-001140,25990.54,monetary_unit,EVD-00949,matched,80
SMP-00755,PRC-0035,FXA-000357,13989.76,random,EVD-00949,matched,81
SMP-00756,PRC-0035,FXA-000114,8684.01,monetary_unit,EVD-00950,matched,76
SMP-00757,PRC-0035,FXA-000255,9672.05,judgmental,EVD-00950,matched,62
SMP-00758,PRC-0035,FXA-001582,103301.43,monetary_unit,EVD-00948,matched,70
SMP-00759,PRC-0035,FXA-001812,7449.61,agent_proposed,EVD-00948,matched,66
SMP-00760,PRC-0035,FXA-000684,28081.52,monetary_unit,EVD-00950,matched,76
SMP-00761,PRC-0035,FXA-000916,70174.07,agent_proposed,EVD-00949,matched,60
SMP-00762,PRC-0035,FXA-001353,43851.42,judgmental,EVD-00949,unresolved,63
SMP-00763,PRC-0035,FXA-000209,12444.67,agent_proposed,EVD-00949,matched,62
SMP-00764,PRC-0035,FXA-001457,16953.75,monetary_unit,EVD-00949,matched,64
SMP-00765,PRC-0035,FXA-000524,27677.95,random,EVD-00948,matched,71
SMP-00766,PRC-0035,FXA-000959,14016.73,monetary_unit,EVD-00949,matched,73
SMP-00767,PRC-0035,FXA-000630,244049.39,agent_proposed,EVD-00948,matched,83
SMP-00768,PRC-0035,FXA-001750,51425.52,agent_proposed,EVD-00948,matched,60
SMP-00769,PRC-0035,FXA-001404,20434.24,agent_proposed,EVD-00949,matched,70
SMP-00770,PRC-0035,FXA-001655,18853.02,agent_proposed,EVD-00950,matched,70
SMP-00771,PRC-0035,FXA-000416,57876.11,random,EVD-00950,matched,76
SMP-00772,PRC-0035,FXA-000892,16884.21,monetary_unit,EVD-00948,matched,79
SMP-00773,PRC-0035,FXA-000062,32910.06,random,EVD-00950,matched,65
SMP-00774,PRC-0035,FXA-001705,3924.41,agent_proposed,EVD-00948,exception,61
SMP-00775,PRC-0035,FXA-001335,67413.76,random,EVD-00950,matched,77
SMP-00776,PRC-0035,FXA-001331,1929.04,agent_proposed,EVD-00949,matched,66
SMP-00777,PRC-0035,FXA-000289,58710.08,agent_proposed,EVD-00949,matched,73
SMP-00778,PRC-0035,FXA-001077,63776.64,monetary_unit,EVD-00949,matched,63
SMP-00779,PRC-0035,FXA-001532,158600.09,random,EVD-00949,matched,66
SMP-00780,PRC-0035,FXA-001288,9699.02,random,EVD-00948,matched,79
SMP-00781,PRC-0035,FXA-001318,63385.51,monetary_unit,EVD-00950,matched,65
SMP-00782,PRC-0035,FXA-001132,12502.74,random,EVD-00949,matched,81
SMP-00783,PRC-0035,FXA-001607,4351.87,agent_proposed,EVD-00948,matched,79
SMP-00784,PRC-0035,FXA-000207,49379.74,random,EVD-00949,matched,68
SMP-00785,PRC-0035,FXA-001943,82631.28,monetary_unit,EVD-00948,matched,79
SMP-00786,PRC-0036,FXA-000628,19174.28,judgmental,EVD-00954|EVD-00955,matched,83
SMP-00787,PRC-0036,FXA-001071,20033.06,random,EVD-00956|EVD-00952,matched,82
SMP-00788,PRC-0036,FXA-001700,220322.53,judgmental,EVD-00957|EVD-00952,matched,88
SMP-00789,PRC-0036,FXA-001551,70053.37,agent_proposed,EVD-00958|EVD-00959,matched,93
SMP-00790,PRC-0036,FXA-000288,82120.4,judgmental,EVD-00960|EVD-00951,matched,84
SMP-00791,PRC-0036,FXA-000010,18744.67,judgmental,EVD-00961|EVD-00962|EVD-00953,matched,99
SMP-00792,PRC-0036,FXA-001350,22319.4,monetary_unit,EVD-00963|EVD-00964,matched,85
SMP-00793,PRC-0036,FXA-001665,24731.47,agent_proposed,EVD-00965|EVD-00952,matched,73
SMP-00794,PRC-0036,FXA-001401,21593.39,judgmental,EVD-00966|EVD-00967,matched,72
SMP-00795,PRC-0036,FXA-001506,2028,monetary_unit,EVD-00968|EVD-00969,matched,73
SMP-00796,PRC-0036,FXA-001762,13934.19,judgmental,EVD-00970|EVD-00971,matched,78
SMP-00797,PRC-0036,FXA-001615,12588.15,monetary_unit,EVD-00972|EVD-00953,matched,79
SMP-00798,PRC-0036,FXA-000891,33707.34,random,EVD-00973|EVD-00974|EVD-00953,matched,76
SMP-00799,PRC-0036,FXA-001546,19448.38,agent_proposed,EVD-00975|EVD-00952,exception,94
SMP-00800,PRC-0036,FXA-000184,108612.31,random,EVD-00976,matched,87
SMP-00801,PRC-0036,FXA-000101,14274.04,agent_proposed,EVD-00977,matched,90
SMP-00802,PRC-0036,FXA-002001,55124,monetary_unit,EVD-00978,matched,97
SMP-00803,PRC-0036,FXA-001666,74419.46,random,EVD-00979|EVD-00953,matched,98
SMP-00804,PRC-0036,FXA-001450,5053.63,monetary_unit,EVD-00980,matched,78
SMP-00805,PRC-0036,FXA-001792,15512.88,monetary_unit,EVD-00981|EVD-00951,exception,93
SMP-00806,PRC-0036,FXA-001693,49768.99,random,EVD-00982,matched,84
SMP-00807,PRC-0036,FXA-001097,64876.49,monetary_unit,EVD-00983|EVD-00984,matched,80
SMP-00808,PRC-0037,PAY-021798,4205.47,random,EVD-00986|EVD-00987|EVD-00985,matched,36
SMP-00809,PRC-0037,PAY-017768,4393.04,random,EVD-00988|EVD-00989,matched,42
SMP-00810,PRC-0037,PAY-012546,5136.68,judgmental,EVD-00990,matched,33
SMP-00811,PRC-0037,PAY-004675,26238.26,random,EVD-00991|EVD-00985,matched,44
SMP-00812,PRC-0037,PAY-007560,80658.29,random,EVD-00992|EVD-00985,matched,34
SMP-00813,PRC-0038,PAY-012752,39204.81,monetary_unit,EVD-00996|EVD-00997,matched,50
SMP-00814,PRC-0038,PAY-007505,49035.24,agent_proposed,EVD-00998|EVD-00993,matched,56
SMP-00815,PRC-0038,PAY-007535,13415.94,agent_proposed,EVD-00999|EVD-00993,matched,53
SMP-00816,PRC-0038,PAY-025727,14000.2,random,EVD-01000,matched,52
SMP-00817,PRC-0038,PAY-005349,81245.28,agent_proposed,EVD-01001|EVD-00995,matched,50
SMP-00818,PRC-0038,PAY-004922,2112.63,random,EVD-01002|EVD-00995,matched,46
SMP-00819,PRC-0038,PAY-005582,23334.27,judgmental,EVD-01003|EVD-01004,matched,58
SMP-00820,PRC-0038,PAY-018022,9894.02,monetary_unit,EVD-01005|EVD-01006|EVD-00995,matched,56
SMP-00821,PRC-0038,PAY-015178,109659.92,random,EVD-01007|EVD-01008,matched,47
SMP-00822,PRC-0038,PAY-021963,5289.74,random,EVD-01009|EVD-01010|EVD-00994,matched,60
SMP-00823,PRC-0038,PAY-010194,34986.64,monetary_unit,EVD-01011,matched,55
SMP-00824,PRC-0038,PAY-004845,22125.39,judgmental,EVD-01012,matched,57
SMP-00825,PRC-0038,PAY-023684,33774.64,judgmental,EVD-01013|EVD-01014|EVD-00995,matched,61
SMP-00826,PRC-0038,PAY-016869,4721.42,random,EVD-01015|EVD-00995,matched,60
SMP-00827,PRC-0038,PAY-004598,44862,monetary_unit,EVD-01016|EVD-00995,matched,46
SMP-00828,PRC-0038,PAY-022071,66233.86,monetary_unit,EVD-01017|EVD-00995,matched,56
SMP-00829,PRC-0038,PAY-006271,14769.36,random,EVD-01018|EVD-01019,matched,52
SMP-00830,PRC-0038,PAY-008959,18688.11,random,EVD-01020|EVD-01021|EVD-00993,matched,58
SMP-00831,PRC-0038,PAY-014152,4267.05,random,EVD-01022|EVD-00993,matched,61
SMP-00832,PRC-0038,PAY-004358,327918.84,monetary_unit,EVD-01023,matched,56
SMP-00833,PRC-0038,PAY-003576,17919.9,random,EVD-01024|EVD-01025|EVD-00995,matched,47
SMP-00834,PRC-0038,PAY-015471,61113.7,random,EVD-01026|EVD-00994,matched,57
SMP-00835,PRC-0038,PAY-023866,5389.4,agent_proposed,EVD-01027|EVD-00995,matched,61
SMP-00836,PRC-0038,PAY-001337,35226.34,judgmental,EVD-01028|EVD-00995,matched,55
SMP-00837,PRC-0038,PAY-023127,14914.31,agent_proposed,EVD-01029|EVD-01030|EVD-00994,matched,57
SMP-00838,PRC-0038,PAY-007690,3624.19,random,EVD-01031|EVD-00995,matched,49
SMP-00839,PRC-0038,PAY-006629,23415.64,agent_proposed,EVD-01032|EVD-01033|EVD-00993,matched,56
SMP-00840,PRC-0038,PAY-019225,3000.98,random,EVD-01034,matched,52
SMP-00841,PRC-0038,PAY-017494,87122.43,random,EVD-01035|EVD-01036,matched,54
SMP-00842,PRC-0038,PAY-018008,17220.1,random,EVD-01037,matched,62
SMP-00843,PRC-0038,PAY-007429,6292,monetary_unit,EVD-01038|EVD-01039,exception,59
SMP-00844,PRC-0038,PAY-000221,107681.41,agent_proposed,EVD-01040|EVD-00993,matched,54
SMP-00845,PRC-0038,PAY-001072,16833.57,random,EVD-01041,exception,51
SMP-00846,PRC-0039,PAY-014092,17420.83,random,EVD-01042|EVD-01043,matched,47
SMP-00847,PRC-0039,PAY-025936,7215.18,random,EVD-01044|EVD-01045,matched,46
SMP-00848,PRC-0039,PAY-022854,85904.47,agent_proposed,EVD-01046|EVD-01047,matched,67
SMP-00849,PRC-0039,PAY-012314,37941.89,monetary_unit,EVD-01048,matched,46
SMP-00850,PRC-0039,PAY-025860,37251.38,random,EVD-01049|EVD-01050,matched,60
SMP-00851,PRC-0039,PAY-026012,14651.16,random,EVD-01051,matched,67
SMP-00852,PRC-0039,PAY-019832,15855.26,random,EVD-01052,matched,58
SMP-00853,PRC-0039,PAY-022724,15137.76,judgmental,EVD-01053|EVD-01054,exception,57
SMP-00854,PRC-0039,PAY-020320,24357.08,random,EVD-01055,matched,60
SMP-00855,PRC-0039,PAY-016208,5029.5,random,EVD-01056,matched,58
SMP-00856,PRC-0039,PAY-008245,12900.88,random,EVD-01057|EVD-01058,matched,66
SMP-00857,PRC-0039,PAY-007126,45270.5,agent_proposed,EVD-01059,matched,45
SMP-00858,PRC-0039,PAY-024303,11069.37,judgmental,EVD-01060|EVD-01061,unresolved,64
SMP-00859,PRC-0039,PAY-000545,37803.51,random,EVD-01062|EVD-01063,matched,68
SMP-00860,PRC-0039,PAY-015540,24373.63,judgmental,EVD-01064,matched,66
SMP-00861,PRC-0039,PAY-025732,31027.93,judgmental,EVD-01065,matched,58
SMP-00862,PRC-0039,PAY-000156,194107.19,judgmental,EVD-01066|EVD-01067,matched,63
SMP-00863,PRC-0039,PAY-024699,70116.12,agent_proposed,EVD-01068|EVD-01069,matched,49
SMP-00864,PRC-0039,PAY-005937,15753.12,random,EVD-01070|EVD-01071,matched,53
SMP-00865,PRC-0039,PAY-006206,16749.45,random,EVD-01072|EVD-01073,matched,65
SMP-00866,PRC-0039,PAY-018367,16932.1,agent_proposed,EVD-01074|EVD-01075,matched,54
SMP-00867,PRC-0039,PAY-021468,4728.3,monetary_unit,EVD-01076,exception,57
SMP-00868,PRC-0039,PAY-020468,1157.03,monetary_unit,EVD-01077|EVD-01078,matched,66
SMP-00869,PRC-0039,PAY-023061,15979.5,monetary_unit,EVD-01079|EVD-01080,matched,52
SMP-00870,PRC-0039,PAY-000150,25153.1,random,EVD-01081,matched,63
SMP-00871,PRC-0039,PAY-011048,205865.78,monetary_unit,EVD-01082,matched,56
SMP-00872,PRC-0039,PAY-016521,12170.61,random,EVD-01083,unresolved,60
SMP-00873,PRC-0039,PAY-003226,31730.21,judgmental,EVD-01084|EVD-01085,matched,58
SMP-00874,PRC-0039,PAY-009341,24003.59,monetary_unit,EVD-01086|EVD-01087,matched,51
SMP-00875,PRC-0039,PAY-014917,144894.03,random,EVD-01088,exception,53
SMP-00876,PRC-0039,PAY-021061,5936.22,agent_proposed,EVD-01089|EVD-01090,exception,44
SMP-00877,PRC-0039,PAY-021334,5189.91,monetary_unit,EVD-01091|EVD-01092,matched,45
SMP-00878,PRC-0039,PAY-012274,24054.05,agent_proposed,EVD-01093|EVD-01094,matched,68
SMP-00879,PRC-0039,PAY-006015,54615.67,judgmental,EVD-01095|EVD-01096,matched,62
SMP-00880,PRC-0039,PAY-018509,12964.78,monetary_unit,EVD-01097|EVD-01098,exception,44
SMP-00881,PRC-0039,PAY-021513,40552.13,random,EVD-01099|EVD-01100,matched,69
SMP-00882,PRC-0039,PAY-000551,53731.06,agent_proposed,EVD-01101,matched,65
SMP-00883,PRC-0039,PAY-020972,22348.97,monetary_unit,EVD-01102|EVD-01103,matched,61
SMP-00884,PRC-0039,PAY-022652,80624.61,monetary_unit,EVD-01104|EVD-01105,matched,46
SMP-00885,PRC-0039,PAY-024633,9335.79,judgmental,EVD-01106|EVD-01107,matched,51
SMP-00886,PRC-0039,PAY-018295,3022.49,agent_proposed,EVD-01108|EVD-01109,matched,59
SMP-00887,PRC-0039,PAY-009190,46548.92,random,EVD-01110|EVD-01111,matched,53
SMP-00888,PRC-0039,PAY-005297,38120.46,agent_proposed,EVD-01112,exception,53
SMP-00889,PRC-0039,PAY-000343,59619.9,random,EVD-01113,matched,63
SMP-00890,PRC-0039,PAY-015461,25079.34,judgmental,EVD-01114|EVD-01115,matched,63
SMP-00891,PRC-0040,PAY-015128,10055.82,random,EVD-01118|EVD-01119|EVD-01117,matched,38
SMP-00892,PRC-0040,PAY-012173,14600.73,random,EVD-01120,matched,38
SMP-00893,PRC-0040,PAY-025786,10751.66,judgmental,EVD-01121,matched,44
SMP-00894,PRC-0040,PAY-003816,20820.98,monetary_unit,EVD-01122|EVD-01123,matched,39
SMP-00895,PRC-0040,PAY-000323,23383.56,monetary_unit,EVD-01124,matched,48
SMP-00896,PRC-0041,REV-014517,35484.61,random,EVD-01126|EVD-01127|EVD-01125,exception,83
SMP-00897,PRC-0041,REV-011309,60429.05,agent_proposed,EVD-01128|EVD-01129|EVD-01125,matched,97
SMP-00898,PRC-0041,REV-017272,2899.24,agent_proposed,EVD-01130,exception,94
SMP-00899,PRC-0041,REV-021475,104651.1,judgmental,EVD-01131|EVD-01125,matched,77
SMP-00900,PRC-0041,REV-031077,11462.41,judgmental,EVD-01132|EVD-01133|EVD-01125,matched,101
SMP-00901,PRC-0041,REV-005797,169419.83,agent_proposed,EVD-01134|EVD-01135|EVD-01125,matched,88
SMP-00902,PRC-0041,REV-007674,65545.46,judgmental,EVD-01136|EVD-01137|EVD-01125,matched,94
SMP-00903,PRC-0041,REV-009624,29410.47,random,EVD-01138,matched,79
SMP-00904,PRC-0042,REV-002214,321492.54,monetary_unit,EVD-01139|EVD-01140,matched,120
SMP-00905,PRC-0042,REV-010700,278104.86,monetary_unit,EVD-01141,matched,120
SMP-00906,PRC-0042,REV-019672,30079.25,monetary_unit,EVD-01142,matched,114
SMP-00907,PRC-0042,REV-017286,28975.26,judgmental,EVD-01143,matched,120
SMP-00908,PRC-0042,REV-023244,42014.14,agent_proposed,EVD-01144|EVD-01145,matched,112
SMP-00909,PRC-0042,REV-028945,8658.36,monetary_unit,EVD-01146|EVD-01147,matched,112
SMP-00910,PRC-0042,REV-001023,7846.95,judgmental,EVD-01148|EVD-01149,matched,105
SMP-00911,PRC-0042,REV-001941,18755.12,judgmental,EVD-01150|EVD-01151,matched,120
SMP-00912,PRC-0042,REV-011411,3095.77,judgmental,EVD-01152,matched,119
SMP-00913,PRC-0042,REV-001799,9491.9,random,EVD-01153,matched,113
SMP-00914,PRC-0042,REV-017594,27178.29,random,EVD-01154,matched,116
SMP-00915,PRC-0042,REV-016403,2862.84,judgmental,EVD-01155|EVD-01156,matched,106
SMP-00916,PRC-0042,REV-028779,38389.06,monetary_unit,EVD-01157|EVD-01158,matched,105
SMP-00917,PRC-0042,REV-029069,10076.98,monetary_unit,EVD-01159,matched,119
SMP-00918,PRC-0042,REV-008647,47777.89,random,EVD-01160,matched,121
SMP-00919,PRC-0042,REV-010648,5486.43,monetary_unit,EVD-01161|EVD-01162,matched,111
SMP-00920,PRC-0042,REV-008241,222910.67,random,EVD-01163,matched,106
SMP-00921,PRC-0042,REV-005789,51938.26,random,EVD-01164,matched,121
SMP-00922,PRC-0042,REV-026519,37549.69,agent_proposed,EVD-01165,matched,117
SMP-00923,PRC-0042,REV-022049,31074.8,random,EVD-01166|EVD-01167,matched,108
SMP-00924,PRC-0042,REV-001786,6932.8,agent_proposed,EVD-01168,matched,119
SMP-00925,PRC-0043,REV-004960,52749.61,random,EVD-01169|EVD-01170,matched,117
SMP-00926,PRC-0043,REV-025062,144736.84,monetary_unit,EVD-01171,unresolved,115
SMP-00927,PRC-0043,REV-024169,16696.91,agent_proposed,EVD-01172|EVD-01173,matched,105
SMP-00928,PRC-0043,REV-009296,1581.29,monetary_unit,EVD-01174|EVD-01175,matched,107
SMP-00929,PRC-0043,REV-029943,44302.19,random,EVD-01176,exception,117
SMP-00930,PRC-0043,REV-018092,49115.09,random,EVD-01177|EVD-01178,matched,115
SMP-00931,PRC-0043,REV-033581,58835.82,agent_proposed,EVD-01179|EVD-01180,matched,110
SMP-00932,PRC-0043,REV-002996,16019.85,monetary_unit,EVD-01181,matched,113
SMP-00933,PRC-0043,REV-033112,7726.01,random,EVD-01182,matched,110
SMP-00934,PRC-0043,REV-014254,46748.39,agent_proposed,EVD-01183|EVD-01184,matched,113
SMP-00935,PRC-0043,REV-028882,11715.41,random,EVD-01185,exception,108
SMP-00936,PRC-0043,REV-014106,110703.53,judgmental,EVD-01186|EVD-01187,matched,106
SMP-00937,PRC-0043,REV-025464,6404.35,monetary_unit,EVD-01188,matched,108
SMP-00938,PRC-0043,REV-014159,7242.38,monetary_unit,EVD-01189,matched,117
SMP-00939,PRC-0043,REV-001031,25151.16,agent_proposed,EVD-01190,matched,106
SMP-00940,PRC-0043,REV-025472,38340.05,agent_proposed,EVD-01191,exception,105
SMP-00941,PRC-0043,REV-027979,22290.06,monetary_unit,EVD-01192,unresolved,109
SMP-00942,PRC-0043,REV-022953,205376.14,judgmental,EVD-01193,matched,111
SMP-00943,PRC-0043,REV-006671,73581.61,judgmental,EVD-01194|EVD-01195,matched,110
SMP-00944,PRC-0043,REV-030430,133955.8,agent_proposed,EVD-01196,matched,112
SMP-00945,PRC-0043,REV-008179,28706.89,random,EVD-01197|EVD-01198,matched,105
SMP-00946,PRC-0043,REV-017973,22064.89,agent_proposed,EVD-01199|EVD-01200,matched,115
SMP-00947,PRC-0043,REV-030505,13233.78,monetary_unit,EVD-01201|EVD-01202,exception,103
SMP-00948,PRC-0043,REV-001572,39173.42,agent_proposed,EVD-01203|EVD-01204,matched,108
SMP-00949,PRC-0043,REV-003551,62381.11,agent_proposed,EVD-01205|EVD-01206,matched,111
SMP-00950,PRC-0043,REV-021275,40358.31,agent_proposed,EVD-01207|EVD-01208,matched,103
SMP-00951,PRC-0043,REV-030478,15401.87,random,EVD-01209,exception,118
SMP-00952,PRC-0043,REV-013143,6911.89,monetary_unit,EVD-01210,matched,104
SMP-00953,PRC-0043,REV-020250,13277.78,random,EVD-01211|EVD-01212,matched,118
SMP-00954,PRC-0043,REV-010047,20220.61,random,EVD-01213|EVD-01214,matched,115
SMP-00955,PRC-0043,REV-018478,42385.01,agent_proposed,EVD-01215|EVD-01216,matched,109
SMP-00956,PRC-0043,REV-028590,63308.52,agent_proposed,EVD-01217|EVD-01218,matched,114
SMP-00957,PRC-0043,REV-030796,2290.06,monetary_unit,EVD-01219,matched,113
SMP-00958,PRC-0043,REV-010386,21215.09,random,EVD-01220,matched,118
SMP-00959,PRC-0043,REV-011263,16612.24,random,EVD-01221|EVD-01222,matched,110
SMP-00960,PRC-0043,REV-005936,11206.86,monetary_unit,EVD-01223,matched,119
SMP-00961,PRC-0043,REV-008769,147224.1,judgmental,EVD-01224,matched,103
SMP-00962,PRC-0043,REV-020889,25146.79,agent_proposed,EVD-01225,exception,109
SMP-00963,PRC-0043,REV-031555,10583.1,random,EVD-01226|EVD-01227,matched,116
SMP-00964,PRC-0043,REV-004138,17987.33,random,EVD-01228,matched,118
SMP-00965,PRC-0043,REV-013467,3976.24,monetary_unit,EVD-01229|EVD-01230,matched,114
SMP-00966,PRC-0043,REV-004584,9122.28,agent_proposed,EVD-01231,matched,113
SMP-00967,PRC-0044,REV-012222,45449.92,monetary_unit,EVD-01234|EVD-01232,matched,84
SMP-00968,PRC-0044,REV-031809,5159.52,monetary_unit,EVD-01235|EVD-01236,matched,100
SMP-00969,PRC-0044,REV-032129,16933.2,monetary_unit,EVD-01237|EVD-01238|EVD-01232,matched,85
SMP-00970,PRC-0044,REV-009577,31716.89,agent_proposed,EVD-01239,matched,107
SMP-00971,PRC-0044,REV-015432,29327.3,monetary_unit,EVD-01240|EVD-01241|EVD-01233,matched,104
SMP-00972,PRC-0044,REV-006276,63003.83,monetary_unit,EVD-01242,matched,83
SMP-00973,PRC-0044,REV-015521,104398.05,random,EVD-01243,matched,87
SMP-00974,PRC-0044,REV-026529,38111.47,monetary_unit,EVD-01244|EVD-01245|EVD-01233,matched,103
SMP-00975,PRC-0044,REV-018713,46675.95,agent_proposed,EVD-01246|EVD-01247|EVD-01233,matched,101
SMP-00976,PRC-0044,REV-013889,112462.83,random,EVD-01248|EVD-01249|EVD-01233,matched,92
SMP-00977,PRC-0044,REV-022844,34004.76,random,EVD-01250|EVD-01251,matched,108
SMP-00978,PRC-0044,REV-031923,11753.58,judgmental,EVD-01252|EVD-01232,matched,88
SMP-00979,PRC-0044,REV-019450,31646.23,monetary_unit,EVD-01253,exception,98
SMP-00980,PRC-0044,REV-011278,29231.54,monetary_unit,EVD-01254,matched,106
SMP-00981,PRC-0044,REV-030601,19163.62,monetary_unit,EVD-01255|EVD-01256,matched,102
SMP-00982,PRC-0044,REV-017645,40743.65,random,EVD-01257|EVD-01233,matched,87
SMP-00983,PRC-0044,REV-016505,21358.64,agent_proposed,EVD-01258|EVD-01259|EVD-01233,matched,90
SMP-00984,PRC-0044,REV-001698,111693.93,judgmental,EVD-01260|EVD-01261|EVD-01233,matched,83
SMP-00985,PRC-0045,INV-001252,11771.76,agent_proposed,EVD-01263|EVD-01264,matched,82
SMP-00986,PRC-0045,INV-006017,340773.81,agent_proposed,EVD-01265|EVD-01262,matched,101
SMP-00987,PRC-0045,INV-003768,4008.94,monetary_unit,EVD-01266|EVD-01267|EVD-01262,matched,90
SMP-00988,PRC-0045,INV-004598,42120.9,random,EVD-01268|EVD-01269,matched,104
SMP-00989,PRC-0046,INV-000201,73293.84,monetary_unit,EVD-01271|EVD-01272|EVD-01270,matched,92
SMP-00990,PRC-0046,INV-002163,7772.26,random,EVD-01273|EVD-01274,matched,101
SMP-00991,PRC-0046,INV-008305,1801.47,monetary_unit,EVD-01275|EVD-01276,exception,90
SMP-00992,PRC-0046,INV-002845,7502.23,random,EVD-01277|EVD-01270,matched,88
SMP-00993,PRC-0046,INV-005837,45630.99,judgmental,EVD-01278|EVD-01270,matched,101
SMP-00994,PRC-0046,INV-004389,21557.52,monetary_unit,EVD-01279|EVD-01280|EVD-01270,matched,102
SMP-00995,PRC-0046,INV-008353,2091.92,monetary_unit,EVD-01281|EVD-01270,matched,95
SMP-00996,PRC-0046,INV-004444,69690.77,random,EVD-01282|EVD-01283,matched,87
SMP-00997,PRC-0046,INV-006207,34932.28,random,EVD-01284|EVD-01285,matched,102
SMP-00998,PRC-0046,INV-001174,132931.96,monetary_unit,EVD-01286|EVD-01287,matched,93
SMP-00999,PRC-0046,INV-005681,37217.7,random,EVD-01288|EVD-01289|EVD-01270,matched,89
SMP-01000,PRC-0046,INV-003972,139284.78,monetary_unit,EVD-01290|EVD-01291|EVD-01270,matched,87
SMP-01001,PRC-0046,INV-008331,484774.93,monetary_unit,EVD-01292|EVD-01293|EVD-01270,matched,102
SMP-01002,PRC-0046,INV-002530,76727.85,monetary_unit,EVD-01294,matched,103
SMP-01003,PRC-0046,INV-002004,33353.45,monetary_unit,EVD-01295|EVD-01270,matched,99
SMP-01004,PRC-0046,INV-002590,55965.74,random,EVD-01296,matched,94
SMP-01005,PRC-0046,INV-006790,13913.78,judgmental,EVD-01297|EVD-01270,matched,92
SMP-01006,PRC-0046,INV-000054,12503.33,agent_proposed,EVD-01298|EVD-01270,matched,96
SMP-01007,PRC-0046,INV-002178,17463.44,random,EVD-01299|EVD-01270,unresolved,87
SMP-01008,PRC-0046,INV-003532,67997.59,monetary_unit,EVD-01300,matched,104
SMP-01009,PRC-0046,INV-003412,103846.28,random,EVD-01301|EVD-01270,matched,94
SMP-01010,PRC-0046,INV-007299,4037.27,agent_proposed,EVD-01302|EVD-01303,matched,87
SMP-01011,PRC-0046,INV-000308,80255.88,agent_proposed,EVD-01304|EVD-01305|EVD-01270,matched,105
SMP-01012,PRC-0046,INV-002966,47842.07,random,EVD-01306|EVD-01307,matched,89
SMP-01013,PRC-0046,INV-005569,198224.98,monetary_unit,EVD-01308|EVD-01309|EVD-01270,unresolved,103
SMP-01014,PRC-0046,INV-006871,2387.53,agent_proposed,EVD-01310,matched,91
SMP-01015,PRC-0046,INV-005718,21591.27,agent_proposed,EVD-01311|EVD-01312|EVD-01270,exception,98
SMP-01016,PRC-0046,INV-007214,246397.33,monetary_unit,EVD-01313|EVD-01270,matched,90
SMP-01017,PRC-0046,INV-002650,194616.55,random,EVD-01314,matched,99
SMP-01018,PRC-0046,INV-007709,22937.16,monetary_unit,EVD-01315|EVD-01270,matched,91
SMP-01019,PRC-0046,INV-007619,10704.15,monetary_unit,EVD-01316|EVD-01317,matched,104
SMP-01020,PRC-0046,INV-003524,3875.76,random,EVD-01318,matched,102
SMP-01021,PRC-0046,INV-000940,16004.79,random,EVD-01319|EVD-01320|EVD-01270,matched,101
SMP-01022,PRC-0046,INV-001529,294008.97,random,EVD-01321|EVD-01270,matched,103
SMP-01023,PRC-0046,INV-007753,42716.52,monetary_unit,EVD-01322|EVD-01323,matched,89
SMP-01024,PRC-0046,INV-004940,74711.45,judgmental,EVD-01324|EVD-01270,matched,105
SMP-01025,PRC-0047,INV-001151,206048.55,monetary_unit,EVD-01325|EVD-01326,matched,127
SMP-01026,PRC-0047,INV-007976,26732.93,monetary_unit,EVD-01327,exception,124
SMP-01027,PRC-0047,INV-006222,18183.1,agent_proposed,EVD-01328,matched,125
SMP-01028,PRC-0047,INV-003915,11089.17,agent_proposed,EVD-01329|EVD-01330,matched,130
SMP-01029,PRC-0047,INV-005109,4087.81,random,EVD-01331|EVD-01332,matched,130
SMP-01030,PRC-0047,INV-006043,69147.09,agent_proposed,EVD-01333|EVD-01334,exception,138
SMP-01031,PRC-0047,INV-001093,20485.61,agent_proposed,EVD-01335|EVD-01336,matched,121
SMP-01032,PRC-0047,INV-003990,163176.51,judgmental,EVD-01337,matched,134
SMP-01033,PRC-0047,INV-000149,8168.45,agent_proposed,EVD-01338,matched,133
SMP-01034,PRC-0047,INV-005146,71814.26,agent_proposed,EVD-01339|EVD-01340,matched,124
SMP-01035,PRC-0047,INV-005563,6721.09,monetary_unit,EVD-01341,matched,136
SMP-01036,PRC-0047,INV-005503,19918.42,random,EVD-01342|EVD-01343,matched,125
SMP-01037,PRC-0047,INV-005648,118800.04,agent_proposed,EVD-01344|EVD-01345,matched,115
SMP-01038,PRC-0047,INV-002979,148964.46,agent_proposed,EVD-01346|EVD-01347,matched,131
SMP-01039,PRC-0047,INV-006962,12872.16,monetary_unit,EVD-01348,matched,138
SMP-01040,PRC-0047,INV-003539,112574.7,agent_proposed,EVD-01349|EVD-01350,matched,123
SMP-01041,PRC-0047,INV-005858,13178.48,random,EVD-01351|EVD-01352,matched,118
SMP-01042,PRC-0047,INV-001195,7133.09,agent_proposed,EVD-01353,matched,115
SMP-01043,PRC-0047,INV-002578,46987.03,agent_proposed,EVD-01354|EVD-01355,matched,119
SMP-01044,PRC-0047,INV-004327,26493.39,agent_proposed,EVD-01356,matched,133
SMP-01045,PRC-0047,INV-004039,18392.84,judgmental,EVD-01357|EVD-01358,matched,140
SMP-01046,PRC-0047,INV-005738,10572.12,judgmental,EVD-01359,matched,126
SMP-01047,PRC-0048,INV-000919,30826.27,monetary_unit,EVD-01363|EVD-01364|EVD-01360,matched,118
SMP-01048,PRC-0048,INV-003445,24114.55,monetary_unit,EVD-01365|EVD-01366|EVD-01360,matched,130
SMP-01049,PRC-0048,INV-000459,99220.37,agent_proposed,EVD-01367|EVD-01368,matched,111
SMP-01050,PRC-0048,INV-004562,3841.22,random,EVD-01369,matched,132
SMP-01051,PRC-0048,INV-008372,49389.68,agent_proposed,EVD-01370|EVD-01361,exception,110
SMP-01052,PRC-0048,INV-004241,16975.24,random,EVD-01371|EVD-01372,matched,121
SMP-01053,PRC-0048,INV-005329,9238.19,random,EVD-01373|EVD-01361,matched,106
SMP-01054,PRC-0048,INV-003260,3966.59,random,EVD-01374|EVD-01375|EVD-01362,matched,116
SMP-01055,PRC-0048,INV-002270,128813.91,random,EVD-01376|EVD-01361,unresolved,110
SMP-01056,PRC-0048,INV-008336,10521.62,monetary_unit,EVD-01377|EVD-01378|EVD-01361,matched,127
SMP-01057,PRC-0048,INV-004644,71379.87,agent_proposed,EVD-01379|EVD-01362,matched,112
SMP-01058,PRC-0048,INV-006646,24273.94,agent_proposed,EVD-01380|EVD-01381,matched,112
SMP-01059,PRC-0048,INV-005877,4192.89,monetary_unit,EVD-01382|EVD-01383,unresolved,113
SMP-01060,PRC-0048,INV-003577,160558.85,agent_proposed,EVD-01384|EVD-01385|EVD-01361,matched,130
SMP-01061,PRC-0048,INV-004341,15623.87,agent_proposed,EVD-01386|EVD-01362,matched,130
SMP-01062,PRC-0048,INV-000150,27662.72,agent_proposed,EVD-01387|EVD-01360,matched,112
SMP-01063,PRC-0048,INV-005429,20368.61,agent_proposed,EVD-01388|EVD-01389|EVD-01360,matched,118
SMP-01064,PRC-0049,CSH-014932,225646.25,judgmental,EVD-01393|EVD-01394|EVD-01391,matched,90
SMP-01065,PRC-0049,CSH-007995,3432.79,agent_proposed,EVD-01395|EVD-01396|EVD-01390,matched,93
SMP-01066,PRC-0049,CSH-007320,55379.81,agent_proposed,EVD-01397|EVD-01398,matched,88
SMP-01067,PRC-0050,CSH-014178,8538.79,monetary_unit,EVD-01399,matched,100
SMP-01068,PRC-0050,CSH-014090,8958.2,random,EVD-01400,matched,96
SMP-01069,PRC-0050,CSH-021678,17473.64,monetary_unit,EVD-01400,matched,95
SMP-01070,PRC-0050,CSH-017708,56743.82,random,EVD-01400,matched,93
SMP-01071,PRC-0050,CSH-006561,5195.73,judgmental,EVD-01400,matched,99
SMP-01072,PRC-0050,CSH-025758,18196.83,judgmental,EVD-01400,matched,89
SMP-01073,PRC-0050,CSH-000638,12166.55,random,EVD-01399,matched,100
SMP-01074,PRC-0050,CSH-000400,4999.74,agent_proposed,EVD-01399,matched,101
SMP-01075,PRC-0050,CSH-027600,1990.06,monetary_unit,EVD-01400,matched,98
SMP-01076,PRC-0050,CSH-009849,57675.95,monetary_unit,EVD-01399,matched,102
SMP-01077,PRC-0050,CSH-014285,110035.48,agent_proposed,EVD-01400,matched,103
SMP-01078,PRC-0050,CSH-015680,8993.19,random,EVD-01399,matched,92
SMP-01079,PRC-0050,CSH-021191,49638.15,random,EVD-01400,matched,98
SMP-01080,PRC-0050,CSH-022487,12002.15,random,EVD-01400,matched,87
SMP-01081,PRC-0050,CSH-016792,25587.43,agent_proposed,EVD-01400,matched,98
SMP-01082,PRC-0050,CSH-025741,27188.5,judgmental,EVD-01400,matched,89
SMP-01083,PRC-0050,CSH-011575,64185.55,random,EVD-01400,matched,95
SMP-01084,PRC-0050,CSH-004834,74114.04,random,EVD-01399,matched,97
SMP-01085,PRC-0050,CSH-011799,307897.39,random,EVD-01400,matched,103
SMP-01086,PRC-0050,CSH-025168,20717.59,random,EVD-01400,matched,87
SMP-01087,PRC-0050,CSH-008627,29494.65,monetary_unit,EVD-01399,matched,103
SMP-01088,PRC-0050,CSH-006657,41242.31,agent_proposed,EVD-01399,matched,93
SMP-01089,PRC-0050,CSH-010779,137124.65,agent_proposed,EVD-01399,matched,96
SMP-01090,PRC-0050,CSH-008090,30972.89,monetary_unit,EVD-01400,matched,103
SMP-01091,PRC-0050,CSH-012069,62554.87,monetary_unit,EVD-01399,matched,97
SMP-01092,PRC-0050,CSH-000903,28335.36,agent_proposed,EVD-01399,matched,88
SMP-01093,PRC-0050,CSH-004727,8347.04,agent_proposed,EVD-01399,matched,95
SMP-01094,PRC-0050,CSH-002209,611.84,monetary_unit,EVD-01400,exception,93
SMP-01095,PRC-0050,CSH-023746,159916.82,monetary_unit,EVD-01400,matched,87
SMP-01096,PRC-0050,CSH-028205,19133.09,agent_proposed,EVD-01399,exception,91
SMP-01097,PRC-0050,CSH-000900,11401.97,judgmental,EVD-01400,exception,96
SMP-01098,PRC-0050,CSH-027507,11094.84,monetary_unit,EVD-01399,matched,89
SMP-01099,PRC-0050,CSH-007410,13011.97,monetary_unit,EVD-01399,matched,99
SMP-01100,PRC-0050,CSH-022817,11628.45,monetary_unit,EVD-01399,matched,103
SMP-01101,PRC-0050,CSH-017125,38668.03,random,EVD-01399,matched,91
SMP-01102,PRC-0050,CSH-000148,15460.79,agent_proposed,EVD-01400,matched,100
SMP-01103,PRC-0050,CSH-021663,82507.32,monetary_unit,EVD-01399,matched,100
SMP-01104,PRC-0050,CSH-009243,11360.01,monetary_unit,EVD-01399,matched,101
SMP-01105,PRC-0051,CSH-009286,13498.62,agent_proposed,EVD-01401,exception,106
SMP-01106,PRC-0051,CSH-017366,70356.35,random,EVD-01401,matched,123
SMP-01107,PRC-0051,CSH-003651,126029.71,agent_proposed,EVD-01401,matched,115
SMP-01108,PRC-0051,CSH-014787,138725.41,agent_proposed,EVD-01401,exception,107
SMP-01109,PRC-0051,CSH-013080,8698.99,random,EVD-01401,matched,124
SMP-01110,PRC-0051,CSH-016102,15159.48,agent_proposed,EVD-01401,matched,113
SMP-01111,PRC-0051,CSH-025387,4820.54,random,EVD-01401,matched,116
SMP-01112,PRC-0051,CSH-004229,41964.75,agent_proposed,EVD-01401,matched,123
SMP-01113,PRC-0051,CSH-013971,20493.26,agent_proposed,EVD-01401,matched,115
SMP-01114,PRC-0051,CSH-000838,19530.49,random,EVD-01401,matched,122
SMP-01115,PRC-0051,CSH-002462,38739.87,random,EVD-01401,matched,116
SMP-01116,PRC-0051,CSH-004601,35508.09,agent_proposed,EVD-01401,matched,114
SMP-01117,PRC-0051,CSH-000795,33445.04,monetary_unit,EVD-01401,matched,121
SMP-01118,PRC-0051,CSH-003783,39471.25,judgmental,EVD-01401,matched,113
SMP-01119,PRC-0051,CSH-026995,49790.7,monetary_unit,EVD-01401,matched,114
SMP-01120,PRC-0051,CSH-003700,14466.36,judgmental,EVD-01401,matched,124
SMP-01121,PRC-0051,CSH-023846,11687.38,agent_proposed,EVD-01401,matched,127
SMP-01122,PRC-0051,CSH-002627,10674.18,random,EVD-01401,matched,117
SMP-01123,PRC-0051,CSH-007666,55901.2,random,EVD-01401,matched,125
SMP-01124,PRC-0051,CSH-010945,39890.34,random,EVD-01401,matched,121
SMP-01125,PRC-0051,CSH-018060,50962.24,judgmental,EVD-01401,matched,119
SMP-01126,PRC-0051,CSH-025394,210986.71,judgmental,EVD-01401,matched,119
SMP-01127,PRC-0051,CSH-002251,166158.2,random,EVD-01401,matched,120
SMP-01128,PRC-0051,CSH-019140,3150.2,agent_proposed,EVD-01401,matched,106
SMP-01129,PRC-0051,CSH-004835,125847.77,random,EVD-01401,exception,119
SMP-01130,PRC-0051,CSH-010198,53332.59,random,EVD-01401,matched,113
SMP-01131,PRC-0051,CSH-009264,2722.92,random,EVD-01401,matched,114
SMP-01132,PRC-0051,CSH-023214,21257.21,random,EVD-01401,matched,119
SMP-01133,PRC-0051,CSH-009664,20362.37,agent_proposed,EVD-01401,matched,123
SMP-01134,PRC-0051,CSH-027619,24814.97,agent_proposed,EVD-01401,matched,123
SMP-01135,PRC-0051,CSH-002681,21524.51,random,EVD-01401,matched,127
SMP-01136,PRC-0051,CSH-026271,116577.81,judgmental,EVD-01401,matched,122
SMP-01137,PRC-0051,CSH-021930,23534.33,monetary_unit,EVD-01401,matched,121
SMP-01138,PRC-0051,CSH-015253,37764.61,monetary_unit,EVD-01401,matched,108
SMP-01139,PRC-0051,CSH-013654,140260.59,monetary_unit,EVD-01401,matched,106
SMP-01140,PRC-0051,CSH-000123,11714.86,agent_proposed,EVD-01401,exception,117
SMP-01141,PRC-0051,CSH-016428,49357.08,agent_proposed,EVD-01401,matched,114
SMP-01142,PRC-0051,CSH-022946,16694.87,agent_proposed,EVD-01401,matched,126
SMP-01143,PRC-0051,CSH-002158,26722.87,agent_proposed,EVD-01401,matched,119
SMP-01144,PRC-0051,CSH-021995,30325.8,random,EVD-01401,matched,115
SMP-01145,PRC-0051,CSH-022236,21057.51,random,EVD-01401,exception,123
SMP-01146,PRC-0051,CSH-028163,23383.53,monetary_unit,EVD-01401,matched,112
SMP-01147,PRC-0051,CSH-024999,29683.52,agent_proposed,EVD-01401,matched,115
SMP-01148,PRC-0052,CSH-008130,137559.82,agent_proposed,EVD-01405,matched,129
SMP-01149,PRC-0052,CSH-001724,154634.04,monetary_unit,EVD-01406|EVD-01404,matched,131
SMP-01150,PRC-0052,CSH-002543,7950.14,judgmental,EVD-01407|EVD-01408,matched,125
SMP-01151,PRC-0052,CSH-026118,14830.44,random,EVD-01409|EVD-01404,matched,117
SMP-01152,PRC-0052,CSH-026002,41827.87,judgmental,EVD-01410|EVD-01411,matched,128
SMP-01153,PRC-0052,CSH-021370,63571.26,judgmental,EVD-01412|EVD-01404,matched,121
SMP-01154,PRC-0052,CSH-005982,46087.8,random,EVD-01413,matched,131
SMP-01155,PRC-0052,CSH-026598,48988.55,judgmental,EVD-01414|EVD-01415|EVD-01402,matched,118
SMP-01156,PRC-0052,CSH-020592,19710.66,random,EVD-01416|EVD-01417,exception,122
SMP-01157,PRC-0052,CSH-002380,39051.42,monetary_unit,EVD-01418,matched,119
SMP-01158,PRC-0052,CSH-010328,13051.27,agent_proposed,EVD-01419|EVD-01402,matched,130
SMP-01159,PRC-0052,CSH-019072,204703.56,agent_proposed,EVD-01420|EVD-01421,matched,131
SMP-01160,PRC-0052,CSH-028361,26676.8,random,EVD-01422|EVD-01423|EVD-01403,matched,117
SMP-01161,PRC-0052,CSH-018218,2126.39,agent_proposed,EVD-01424|EVD-01425|EVD-01402,matched,130
SMP-01162,PRC-0052,CSH-003296,37059.18,monetary_unit,EVD-01426|EVD-01427|EVD-01402,matched,123
SMP-01163,PRC-0052,CSH-022460,44404.66,agent_proposed,EVD-01428|EVD-01404,matched,122
SMP-01164,PRC-0052,CSH-017350,97318.36,random,EVD-01429|EVD-01430|EVD-01403,matched,132
SMP-01165,PRC-0052,CSH-018015,8122.1,agent_proposed,EVD-01431,matched,130
SMP-01166,PRC-0052,CSH-010738,32393.19,random,EVD-01432|EVD-01433|EVD-01404,matched,122
SMP-01167,PRC-0052,CSH-024072,62751.2,agent_proposed,EVD-01434,matched,125
SMP-01168,PRC-0052,CSH-018254,31702.7,agent_proposed,EVD-01435|EVD-01403,matched,124
SMP-01169,PRC-0052,CSH-008324,29282.42,random,EVD-01436,matched,125
SMP-01170,PRC-0052,CSH-007684,14946.44,agent_proposed,EVD-01437,matched,125
SMP-01171,PRC-0052,CSH-027010,23041.82,monetary_unit,EVD-01438|EVD-01439,matched,132
SMP-01172,PRC-0052,CSH-011903,3832.32,monetary_unit,EVD-01440|EVD-01402,matched,120
SMP-01173,PRC-0052,CSH-017294,31609.01,monetary_unit,EVD-01441|EVD-01402,matched,130
SMP-01174,PRC-0053,FXA-000708,31425.11,monetary_unit,EVD-01445|EVD-01444,matched,87
SMP-01175,PRC-0053,FXA-000876,213010.38,random,EVD-01446|EVD-01447,matched,87
SMP-01176,PRC-0053,FXA-000352,21467.18,judgmental,EVD-01448|EVD-01449,matched,88
SMP-01177,PRC-0053,FXA-000293,11670.23,agent_proposed,EVD-01450|EVD-01443,matched,97
SMP-01178,PRC-0053,FXA-000691,43102.31,monetary_unit,EVD-01451|EVD-01452|EVD-01444,matched,84
SMP-01179,PRC-0054,FXA-000464,11415.95,monetary_unit,EVD-01453|EVD-01454,matched,136
SMP-01180,PRC-0054,FXA-000783,50776.24,agent_proposed,EVD-01455|EVD-01456,matched,126
SMP-01181,PRC-0054,FXA-000994,20475.86,monetary_unit,EVD-01457,matched,128
SMP-01182,PRC-0054,FXA-000041,18417.43,agent_proposed,EVD-01458|EVD-01459,matched,133
SMP-01183,PRC-0054,FXA-000777,19292.58,agent_proposed,EVD-01460,matched,127
SMP-01184,PRC-0054,FXA-000071,384627.18,agent_proposed,EVD-01461,matched,131
SMP-01185,PRC-0054,FXA-000455,183533.08,agent_proposed,EVD-01462,matched,123
SMP-01186,PRC-0054,FXA-000342,6886.24,monetary_unit,EVD-01463,matched,130
SMP-01187,PRC-0054,FXA-000125,346215.52,monetary_unit,EVD-01464|EVD-01465,matched,151
SMP-01188,PRC-0054,FXA-000862,27767.07,agent_proposed,EVD-01466,matched,140
SMP-01189,PRC-0054,FXA-000468,44328.91,random,EVD-01467,matched,148
SMP-01190,PRC-0054,FXA-000821,5542.66,monetary_unit,EVD-01468,exception,132
SMP-01191,PRC-0054,FXA-000529,9798.81,monetary_unit,EVD-01469,matched,138
SMP-01192,PRC-0054,FXA-000824,7717.64,random,EVD-01470|EVD-01471,exception,131
SMP-01193,PRC-0054,FXA-001021,22554.47,agent_proposed,EVD-01472|EVD-01473,matched,131
SMP-01194,PRC-0054,FXA-000519,6325.46,agent_proposed,EVD-01474|EVD-01475,matched,131
SMP-01195,PRC-0054,FXA-000896,37508.26,agent_proposed,EVD-01476,matched,133
SMP-01196,PRC-0054,FXA-001051,10142.58,judgmental,EVD-01477,matched,149
SMP-01197,PRC-0054,FXA-000635,5528.43,random,EVD-01478,matched,136
SMP-01198,PRC-0054,FXA-000004,25071.03,judgmental,EVD-01479|EVD-01480,matched,146
SMP-01199,PRC-0054,FXA-000582,5834.14,agent_proposed,EVD-01481|EVD-01482,matched,144
SMP-01200,PRC-0054,FXA-000279,13970.07,agent_proposed,EVD-01483,matched,137
SMP-01201,PRC-0054,FXA-000101,54814.46,monetary_unit,EVD-01484|EVD-01485,matched,139
SMP-01202,PRC-0054,FXA-000341,23354.73,agent_proposed,EVD-01486,matched,146
SMP-01203,PRC-0054,FXA-000298,5945.46,monetary_unit,EVD-01487,matched,140
SMP-01204,PRC-0054,FXA-000204,18692.95,agent_proposed,EVD-01488,matched,135
SMP-01205,PRC-0054,FXA-000187,9176.04,monetary_unit,EVD-01489,matched,146
SMP-01206,PRC-0054,FXA-000020,13452.86,agent_proposed,EVD-01490|EVD-01491,matched,135
SMP-01207,PRC-0054,FXA-000256,49567.41,random,EVD-01492|EVD-01493,matched,143
SMP-01208,PRC-0054,FXA-000514,8089.11,agent_proposed,EVD-01494|EVD-01495,matched,150
SMP-01209,PRC-0054,FXA-001011,3467.51,random,EVD-01496|EVD-01497,unresolved,134
SMP-01210,PRC-0054,FXA-000889,11247.28,monetary_unit,EVD-01498,matched,127
SMP-01211,PRC-0054,FXA-000076,21394.65,monetary_unit,EVD-01499,matched,129
SMP-01212,PRC-0055,FXA-000669,19488.68,random,EVD-01502|EVD-01500,exception,134
SMP-01213,PRC-0055,FXA-000862,21981.64,monetary_unit,EVD-01503|EVD-01501,matched,135
SMP-01214,PRC-0055,FXA-000948,11141.01,judgmental,EVD-01504,matched,119
SMP-01215,PRC-0055,FXA-000607,39537.3,random,EVD-01505|EVD-01500,matched,131
SMP-01216,PRC-0055,FXA-000288,63060.36,monetary_unit,EVD-01506|EVD-01500,matched,126
SMP-01217,PRC-0055,FXA-000909,44005.99,judgmental,EVD-01507|EVD-01500,matched,122
SMP-01218,PRC-0055,FXA-000947,7935.99,agent_proposed,EVD-01508,matched,130
SMP-01219,PRC-0055,FXA-000210,9162.26,random,EVD-01509|EVD-01510,matched,130
SMP-01220,PRC-0055,FXA-000496,28441.28,monetary_unit,EVD-01511|EVD-01512|EVD-01500,matched,123
SMP-01221,PRC-0055,FXA-000821,50261.9,agent_proposed,EVD-01513|EVD-01500,matched,128
SMP-01222,PRC-0055,FXA-000049,104061.64,agent_proposed,EVD-01514|EVD-01515,matched,122
SMP-01223,PRC-0055,FXA-000159,94736.58,random,EVD-01516,matched,119
SMP-01224,PRC-0055,FXA-000200,82039.68,random,EVD-01517|EVD-01518|EVD-01501,matched,135
SMP-01225,PRC-0055,FXA-000099,179448.21,agent_proposed,EVD-01519|EVD-01501,matched,123
SMP-01226,PRC-0055,FXA-000985,39337.71,agent_proposed,EVD-01520|EVD-01521,matched,119
SMP-01227,PRC-0055,FXA-000712,18079.19,judgmental,EVD-01522|EVD-01523,matched,126
SMP-01228,PRC-0055,FXA-000685,106912.23,monetary_unit,EVD-01524|EVD-01501,matched,129
SMP-01229,PRC-0055,FXA-000477,28264.72,agent_proposed,EVD-01525,matched,129
SMP-01230,PRC-0055,FXA-000710,33139.42,random,EVD-01526,matched,129
SMP-01231,PRC-0055,FXA-000779,48612.27,random,EVD-01527,matched,120
SMP-01232,PRC-0055,FXA-000137,85978.88,judgmental,EVD-01528|EVD-01529|EVD-01501,matched,119
SMP-01233,PRC-0055,FXA-000276,4342.57,agent_proposed,EVD-01530|EVD-01531,matched,131
SMP-01234,PRC-0055,FXA-000686,91366.89,monetary_unit,EVD-01532|EVD-01533,matched,123
SMP-01235,PRC-0055,FXA-000242,39164.8,agent_proposed,EVD-01534|EVD-01535|EVD-01500,matched,125
SMP-01236,PRC-0055,FXA-000049,18972.71,judgmental,EVD-01536|EVD-01537,matched,124
SMP-01237,PRC-0055,FXA-000931,48353.86,monetary_unit,EVD-01538,matched,122
SMP-01238,PRC-0055,FXA-001007,8035.8,agent_proposed,EVD-01539|EVD-01501,matched,121
SMP-01239,PRC-0055,FXA-000484,16532.83,agent_proposed,EVD-01540|EVD-01541|EVD-01501,matched,135
SMP-01240,PRC-0055,FXA-000812,69542.03,monetary_unit,EVD-01542|EVD-01501,matched,126
SMP-01241,PRC-0055,FXA-000113,8154.34,monetary_unit,EVD-01543|EVD-01544|EVD-01501,matched,132
SMP-01242,PRC-0055,FXA-000601,43596.41,judgmental,EVD-01545|EVD-01546|EVD-01501,exception,125
SMP-01243,PRC-0055,FXA-000208,10657.02,agent_proposed,EVD-01547|EVD-01548,matched,134
SMP-01244,PRC-0055,FXA-000486,31044.01,agent_proposed,EVD-01549|EVD-01550|EVD-01500,matched,133
SMP-01245,PRC-0055,FXA-000168,10252.17,random,EVD-01551|EVD-01552,matched,125
SMP-01246,PRC-0055,FXA-000703,3646.42,agent_proposed,EVD-01553|EVD-01554,matched,125
SMP-01247,PRC-0055,FXA-000964,3976.81,agent_proposed,EVD-01555|EVD-01556,matched,129
SMP-01248,PRC-0055,FXA-000557,16951.82,agent_proposed,EVD-01557|EVD-01501,matched,120
SMP-01249,PRC-0055,FXA-000595,25493.28,agent_proposed,EVD-01558|EVD-01559|EVD-01500,matched,121
SMP-01250,PRC-0055,FXA-000669,10223.08,agent_proposed,EVD-01560,matched,122
SMP-01251,PRC-0055,FXA-000044,36910.85,agent_proposed,EVD-01561,matched,123
SMP-01252,PRC-0055,FXA-000289,11607.99,judgmental,EVD-01562|EVD-01563|EVD-01501,matched,127
SMP-01253,PRC-0055,FXA-000983,37946.83,agent_proposed,EVD-01564|EVD-01565|EVD-01501,matched,131
SMP-01254,PRC-0055,FXA-000834,3892.09,monetary_unit,EVD-01566,matched,135
SMP-01255,PRC-0056,FXA-000209,5933.71,agent_proposed,EVD-01569|EVD-01570|EVD-01567,matched,97
SMP-01256,PRC-0056,FXA-000495,7121.27,monetary_unit,EVD-01571|EVD-01572,matched,110
SMP-01257,PRC-0056,FXA-000026,10412.33,random,EVD-01573,matched,95
SMP-01258,PRC-0056,FXA-000752,24803.38,agent_proposed,EVD-01574,matched,94
SMP-01259,PRC-0056,FXA-000544,66497.88,random,EVD-01575,matched,87
SMP-01260,PRC-0056,FXA-000864,54266.52,judgmental,EVD-01576|EVD-01577,matched,99
SMP-01261,PRC-0056,FXA-001009,6471.83,monetary_unit,EVD-01578,matched,92
SMP-01262,PRC-0056,FXA-000247,38200.15,agent_proposed,EVD-01579|EVD-01580,matched,112
SMP-01263,PRC-0056,FXA-000266,20627.39,random,EVD-01581|EVD-01568,matched,87
SMP-01264,PRC-0056,FXA-000897,28096.31,agent_proposed,EVD-01582|EVD-01568,matched,94
SMP-01265,PRC-0056,FXA-000441,17730.08,judgmental,EVD-01583,matched,88
SMP-01266,PRC-0056,FXA-000485,111528.7,monetary_unit,EVD-01584|EVD-01568,matched,111
SMP-01267,PRC-0056,FXA-000830,3653.25,monetary_unit,EVD-01585,matched,102
SMP-01268,PRC-0056,FXA-000712,47621.86,random,EVD-01586,matched,108
SMP-01269,PRC-0056,FXA-000420,4229.97,agent_proposed,EVD-01587,matched,113
SMP-01270,PRC-0056,FXA-000718,5543.22,agent_proposed,EVD-01588,matched,101
SMP-01271,PRC-0056,FXA-001037,11008.24,judgmental,EVD-01589|EVD-01590,matched,96
SMP-01272,PRC-0056,FXA-001014,6891.44,judgmental,EVD-01591|EVD-01592|EVD-01568,matched,99
SMP-01273,PRC-0056,FXA-000090,57979.03,agent_proposed,EVD-01593,matched,94
SMP-01274,PRC-0056,FXA-000687,10813.04,random,EVD-01594|EVD-01567,matched,104
SMP-01275,PRC-0056,FXA-000867,21497.35,agent_proposed,EVD-01595,matched,98
SMP-01276,PRC-0056,FXA-000606,32144.42,random,EVD-01596|EVD-01597,matched,106
SMP-01277,PRC-0056,FXA-000943,6796.42,random,EVD-01598|EVD-01599,matched,91
SMP-01278,PRC-0056,FXA-000837,1203,monetary_unit,EVD-01600,matched,109
SMP-01279,PRC-0056,FXA-000088,218099.76,monetary_unit,EVD-01601,matched,114
SMP-01280,PRC-0057,PAY-021313,11288.55,judgmental,EVD-01604|EVD-01605,matched,85
SMP-01281,PRC-0057,PAY-017153,14206.36,monetary_unit,EVD-01606,matched,73
SMP-01282,PRC-0057,PAY-000990,68371.27,monetary_unit,EVD-01607|EVD-01608|EVD-01603,matched,75
SMP-01283,PRC-0057,PAY-015936,7359.12,monetary_unit,EVD-01609|EVD-01610,matched,84
SMP-01284,PRC-0057,PAY-004330,404897.43,monetary_unit,EVD-01611|EVD-01602,matched,80
SMP-01285,PRC-0057,PAY-017341,22676.11,judgmental,EVD-01612|EVD-01613,matched,91
SMP-01286,PRC-0058,PAY-009681,5369.24,random,EVD-01614|EVD-01615,matched,137
SMP-01287,PRC-0058,PAY-018181,9502.38,random,EVD-01616|EVD-01617,matched,149
SMP-01288,PRC-0058,PAY-006310,2864.56,monetary_unit,EVD-01618,matched,125
SMP-01289,PRC-0058,PAY-021942,99930.97,agent_proposed,EVD-01619,matched,137
SMP-01290,PRC-0058,PAY-020512,10995.35,monetary_unit,EVD-01620,matched,138
SMP-01291,PRC-0058,PAY-004769,11794.74,random,EVD-01621|EVD-01622,matched,129
SMP-01292,PRC-0058,PAY-019606,12905.5,agent_proposed,EVD-01623|EVD-01624,matched,133
SMP-01293,PRC-0058,PAY-006778,25378.24,monetary_unit,EVD-01625|EVD-01626,matched,145
SMP-01294,PRC-0058,PAY-000138,92031.81,monetary_unit,EVD-01627|EVD-01628,matched,138
SMP-01295,PRC-0058,PAY-002295,6281.93,judgmental,EVD-01629|EVD-01630,matched,152
SMP-01296,PRC-0058,PAY-001307,15584.39,random,EVD-01631,matched,135
SMP-01297,PRC-0058,PAY-012814,131324.78,random,EVD-01632|EVD-01633,matched,135
SMP-01298,PRC-0058,PAY-014713,11698.58,agent_proposed,EVD-01634,matched,139
SMP-01299,PRC-0058,PAY-021707,3444.11,agent_proposed,EVD-01635|EVD-01636,unresolved,135
SMP-01300,PRC-0058,PAY-016639,4242.21,agent_proposed,EVD-01637,matched,150
SMP-01301,PRC-0058,PAY-022003,30474.3,random,EVD-01638,matched,151
SMP-01302,PRC-0058,PAY-019944,19229.56,random,EVD-01639,matched,140
SMP-01303,PRC-0058,PAY-019067,9849.63,agent_proposed,EVD-01640,matched,126
SMP-01304,PRC-0058,PAY-018446,124703.8,random,EVD-01641|EVD-01642,matched,139
SMP-01305,PRC-0058,PAY-018361,22993.67,random,EVD-01643|EVD-01644,matched,141
SMP-01306,PRC-0058,PAY-004540,5323.16,random,EVD-01645|EVD-01646,matched,142
SMP-01307,PRC-0058,PAY-011054,19747.32,judgmental,EVD-01647,matched,137
SMP-01308,PRC-0058,PAY-001885,61546.69,monetary_unit,EVD-01648,unresolved,144
SMP-01309,PRC-0058,PAY-008760,10410.82,judgmental,EVD-01649|EVD-01650,matched,130
SMP-01310,PRC-0058,PAY-015168,53787.49,agent_proposed,EVD-01651|EVD-01652,matched,128
SMP-01311,PRC-0058,PAY-016659,13325.92,judgmental,EVD-01653|EVD-01654,matched,147
SMP-01312,PRC-0058,PAY-009054,45700.63,random,EVD-01655|EVD-01656,matched,127
SMP-01313,PRC-0058,PAY-015048,16287.61,judgmental,EVD-01657|EVD-01658,matched,144
SMP-01314,PRC-0058,PAY-001335,10361.85,agent_proposed,EVD-01659|EVD-01660,matched,141
SMP-01315,PRC-0058,PAY-015469,26612.25,judgmental,EVD-01661|EVD-01662,matched,134
SMP-01316,PRC-0058,PAY-017530,45125.6,agent_proposed,EVD-01663,matched,135
SMP-01317,PRC-0058,PAY-001942,6103.77,monetary_unit,EVD-01664|EVD-01665,matched,130
SMP-01318,PRC-0058,PAY-017066,3621.36,random,EVD-01666,matched,141
SMP-01319,PRC-0058,PAY-011207,14238.89,agent_proposed,EVD-01667|EVD-01668,matched,132
SMP-01320,PRC-0058,PAY-006901,23764.32,random,EVD-01669|EVD-01670,matched,128
SMP-01321,PRC-0058,PAY-005803,45495.52,random,EVD-01671,matched,128
SMP-01322,PRC-0058,PAY-004144,9325.28,monetary_unit,EVD-01672|EVD-01673,matched,131
SMP-01323,PRC-0058,PAY-012178,246884.27,agent_proposed,EVD-01674,matched,133
SMP-01324,PRC-0058,PAY-014206,19699.95,agent_proposed,EVD-01675|EVD-01676,matched,133
SMP-01325,PRC-0058,PAY-018885,13539.46,judgmental,EVD-01677|EVD-01678,matched,152
SMP-01326,PRC-0058,PAY-009893,54901.51,agent_proposed,EVD-01679|EVD-01680,matched,141
SMP-01327,PRC-0058,PAY-012329,8098.85,agent_proposed,EVD-01681|EVD-01682,matched,127
SMP-01328,PRC-0058,PAY-005353,4682.73,monetary_unit,EVD-01683|EVD-01684,matched,135
SMP-01329,PRC-0059,PAY-012666,11317.88,random,EVD-01685,matched,90
SMP-01330,PRC-0059,PAY-011832,10822.91,agent_proposed,EVD-01686|EVD-01687,matched,108
SMP-01331,PRC-0059,PAY-006453,73186.76,monetary_unit,EVD-01688|EVD-01689,matched,92
SMP-01332,PRC-0059,PAY-020759,11464.31,judgmental,EVD-01690|EVD-01691,matched,98
SMP-01333,PRC-0059,PAY-009703,12532.16,monetary_unit,EVD-01692,matched,92
SMP-01334,PRC-0059,PAY-015893,43025.39,random,EVD-01693,matched,112
SMP-01335,PRC-0059,PAY-010070,22145.08,monetary_unit,EVD-01694,matched,90
SMP-01336,PRC-0059,PAY-001331,13984.07,random,EVD-01695,matched,90
SMP-01337,PRC-0059,PAY-010878,254622.18,random,EVD-01696,matched,101
SMP-01338,PRC-0059,PAY-006682,59323.94,random,EVD-01697,matched,104
SMP-01339,PRC-0059,PAY-000065,6712.47,random,EVD-01698|EVD-01699,matched,90
SMP-01340,PRC-0059,PAY-007443,77375.9,agent_proposed,EVD-01700,exception,106
SMP-01341,PRC-0059,PAY-004795,7395.84,agent_proposed,EVD-01701|EVD-01702,matched,98
SMP-01342,PRC-0059,PAY-021481,45438,monetary_unit,EVD-01703,matched,114
SMP-01343,PRC-0059,PAY-017266,17731.52,random,EVD-01704,matched,109
SMP-01344,PRC-0059,PAY-007758,8221.51,agent_proposed,EVD-01705|EVD-01706,matched,100
SMP-01345,PRC-0059,PAY-021189,34373.12,random,EVD-01707|EVD-01708,matched,95
SMP-01346,PRC-0059,PAY-003291,11031.49,monetary_unit,EVD-01709|EVD-01710,matched,112
SMP-01347,PRC-0059,PAY-008268,19827.18,monetary_unit,EVD-01711,unresolved,109
SMP-01348,PRC-0059,PAY-002703,17337.36,judgmental,EVD-01712|EVD-01713,matched,112
SMP-01349,PRC-0059,PAY-017667,13347.02,agent_proposed,EVD-01714|EVD-01715,matched,90
SMP-01350,PRC-0059,PAY-009591,11728.09,monetary_unit,EVD-01716,matched,99
SMP-01351,PRC-0059,PAY-004047,27996.38,judgmental,EVD-01717,matched,107
SMP-01352,PRC-0059,PAY-011023,201831.85,judgmental,EVD-01718,matched,107
SMP-01353,PRC-0059,PAY-011983,9496.25,agent_proposed,EVD-01719,matched,102
SMP-01354,PRC-0059,PAY-001812,8972.02,random,EVD-01720,matched,90
SMP-01355,PRC-0059,PAY-008110,16754,agent_proposed,EVD-01721|EVD-01722,matched,111
SMP-01356,PRC-0059,PAY-008911,46359.78,random,EVD-01723,matched,102
SMP-01357,PRC-0059,PAY-016130,16417.52,monetary_unit,EVD-01724,matched,98
SMP-01358,PRC-0059,PAY-020795,13491.18,random,EVD-01725|EVD-01726,matched,110
SMP-01359,PRC-0059,PAY-007428,62046.21,judgmental,EVD-01727,matched,96
SMP-01360,PRC-0059,PAY-020111,29437.24,random,EVD-01728|EVD-01729,matched,106
SMP-01361,PRC-0059,PAY-016781,23769.14,agent_proposed,EVD-01730|EVD-01731,matched,91
SMP-01362,PRC-0059,PAY-003243,175828.87,random,EVD-01732,matched,99
SMP-01363,PRC-0059,PAY-014603,37824.6,random,EVD-01733,matched,96
SMP-01364,PRC-0059,PAY-004994,13271.07,monetary_unit,EVD-01734|EVD-01735,matched,93
SMP-01365,PRC-0059,PAY-005440,8168.07,random,EVD-01736,matched,94
SMP-01366,PRC-0059,PAY-017900,31514.29,monetary_unit,EVD-01737,matched,102
SMP-01367,PRC-0059,PAY-009390,5878.64,monetary_unit,EVD-01738,matched,100
SMP-01368,PRC-0059,PAY-009721,27194.04,agent_proposed,EVD-01739|EVD-01740,exception,105
SMP-01369,PRC-0059,PAY-019848,16601.7,random,EVD-01741|EVD-01742,matched,94
SMP-01370,PRC-0059,PAY-007001,26119.78,monetary_unit,EVD-01743|EVD-01744,matched,110
SMP-01371,PRC-0059,PAY-019944,87173.3,monetary_unit,EVD-01745|EVD-01746,matched,100
SMP-01372,PRC-0059,PAY-001095,514057.16,judgmental,EVD-01747|EVD-01748,matched,90
SMP-01373,PRC-0059,PAY-000305,4141.09,monetary_unit,EVD-01749|EVD-01750,exception,90
SMP-01374,PRC-0059,PAY-011597,13690.42,random,EVD-01751|EVD-01752,matched,105
SMP-01375,PRC-0060,PAY-015447,15258.26,agent_proposed,EVD-01756|EVD-01755,matched,131
SMP-01376,PRC-0060,PAY-018125,57007.77,random,EVD-01757|EVD-01754,matched,125
SMP-01377,PRC-0060,PAY-008784,13177.81,monetary_unit,EVD-01758|EVD-01759|EVD-01754,matched,118
SMP-01378,PRC-0060,PAY-012292,74404.32,random,EVD-01760|EVD-01761,matched,124
SMP-01379,PRC-0060,PAY-017672,127188.58,random,EVD-01762|EVD-01763|EVD-01753,matched,124
SMP-01380,PRC-0060,PAY-003810,10909.36,judgmental,EVD-01764|EVD-01765|EVD-01755,exception,120
SMP-01381,PRC-0060,PAY-008429,28383.86,monetary_unit,EVD-01766|EVD-01767|EVD-01753,matched,130
SMP-01382,PRC-0060,PAY-006116,23981.05,judgmental,EVD-01768|EVD-01754,matched,128
SMP-01383,PRC-0060,PAY-001928,14414.31,random,EVD-01769,matched,131
SMP-01384,PRC-0060,PAY-001638,17904.75,agent_proposed,EVD-01770|EVD-01771,matched,131
SMP-01385,PRC-0060,PAY-018650,10411.43,monetary_unit,EVD-01772,matched,128
SMP-01386,PRC-0060,PAY-004976,5695.8,monetary_unit,EVD-01773|EVD-01774,matched,130
SMP-01387,PRC-0060,PAY-021569,354386.65,judgmental,EVD-01775,matched,121
SMP-01388,PRC-0060,PAY-010616,204048.27,agent_proposed,EVD-01776|EVD-01755,matched,121
SMP-01389,PRC-0060,PAY-009248,170329.68,agent_proposed,EVD-01777|EVD-01778|EVD-01755,exception,125
SMP-01390,PRC-0060,PAY-020498,18782.27,random,EVD-01779|EVD-01780,matched,129
SMP-01391,PRC-0060,PAY-007196,149528.18,judgmental,EVD-01781,matched,126
SMP-01392,PRC-0061,REV-009448,9748.2,agent_proposed,EVD-01784,matched,107
SMP-01393,PRC-0061,REV-012972,8942.11,agent_proposed,EVD-01785|EVD-01786|EVD-01783,exception,107
SMP-01394,PRC-0061,REV-005352,39087.08,agent_proposed,EVD-01787,matched,115
SMP-01395,PRC-0061,REV-005306,6388.06,agent_proposed,EVD-01788|EVD-01789,matched,119
SMP-01396,PRC-0061,REV-001571,15312.04,monetary_unit,EVD-01790|EVD-01782,matched,116
SMP-01397,PRC-0062,REV-006835,9236.57,random,EVD-01791|EVD-01792,matched,173
SMP-01398,PRC-0062,REV-011898,102455.4,random,EVD-01793|EVD-01794,matched,160
SMP-01399,PRC-0062,REV-013163,23297.4,random,EVD-01795,matched,162
SMP-01400,PRC-0062,REV-008870,4638.96,judgmental,EVD-01796,matched,154
SMP-01401,PRC-0062,REV-014470,182549.42,random,EVD-01797|EVD-01798,matched,167
SMP-01402,PRC-0062,REV-005249,22894.73,agent_proposed,EVD-01799,matched,167
SMP-01403,PRC-0062,REV-004009,21684.76,random,EVD-01800,matched,155
SMP-01404,PRC-0062,REV-001373,73731.21,random,EVD-01801|EVD-01802,matched,162
SMP-01405,PRC-0062,REV-012765,38730.5,random,EVD-01803,matched,153
SMP-01406,PRC-0062,REV-002181,11165.77,agent_proposed,EVD-01804|EVD-01805,unresolved,168
SMP-01407,PRC-0062,REV-015624,43563.72,judgmental,EVD-01806|EVD-01807,matched,175
SMP-01408,PRC-0062,REV-004037,45625.73,random,EVD-01808,matched,155
SMP-01409,PRC-0062,REV-012957,4709.84,agent_proposed,EVD-01809,matched,161
SMP-01410,PRC-0062,REV-011737,13036.15,judgmental,EVD-01810|EVD-01811,matched,166
SMP-01411,PRC-0062,REV-006730,16017.73,agent_proposed,EVD-01812,matched,160
SMP-01412,PRC-0062,REV-015779,25844.62,agent_proposed,EVD-01813|EVD-01814,matched,156
SMP-01413,PRC-0062,REV-008855,28656.99,agent_proposed,EVD-01815|EVD-01816,matched,160
SMP-01414,PRC-0062,REV-006323,4655.31,monetary_unit,EVD-01817|EVD-01818,matched,172
SMP-01415,PRC-0062,REV-014343,30087.46,monetary_unit,EVD-01819|EVD-01820,matched,163
SMP-01416,PRC-0062,REV-001273,102159.26,random,EVD-01821|EVD-01822,matched,155
SMP-01417,PRC-0062,REV-002971,263368.47,monetary_unit,EVD-01823,matched,150
SMP-01418,PRC-0062,REV-006186,43795.24,agent_proposed,EVD-01824|EVD-01825,exception,154
SMP-01419,PRC-0062,REV-014318,45063.55,agent_proposed,EVD-01826,matched,172
SMP-01420,PRC-0062,REV-000109,43578.49,agent_proposed,EVD-01827|EVD-01828,matched,152
SMP-01421,PRC-0062,REV-015039,2410.25,random,EVD-01829|EVD-01830,matched,160
SMP-01422,PRC-0062,REV-011692,2440.07,judgmental,EVD-01831|EVD-01832,matched,155
SMP-01423,PRC-0062,REV-015907,19919.71,monetary_unit,EVD-01833|EVD-01834,matched,154
SMP-01424,PRC-0062,REV-015580,20119.99,random,EVD-01835|EVD-01836,matched,151
SMP-01425,PRC-0062,REV-010269,13996.96,random,EVD-01837|EVD-01838,matched,170
SMP-01426,PRC-0062,REV-004200,53665.5,monetary_unit,EVD-01839|EVD-01840,matched,174
SMP-01427,PRC-0062,REV-013160,2880.45,monetary_unit,EVD-01841|EVD-01842,matched,162
SMP-01428,PRC-0062,REV-004223,26049.99,judgmental,EVD-01843,matched,172
SMP-01429,PRC-0062,REV-010753,38612.05,monetary_unit,EVD-01844|EVD-01845,matched,163
SMP-01430,PRC-0062,REV-008353,36989.02,judgmental,EVD-01846,matched,152
SMP-01431,PRC-0062,REV-014464,80011.6,random,EVD-01847|EVD-01848,matched,150
SMP-01432,PRC-0062,REV-015322,83084.41,random,EVD-01849,matched,154
SMP-01433,PRC-0062,REV-009574,24940.06,monetary_unit,EVD-01850,matched,151
SMP-01434,PRC-0062,REV-007465,15510.86,agent_proposed,EVD-01851,matched,154
SMP-01435,PRC-0062,REV-014162,60975.56,monetary_unit,EVD-01852,matched,158
SMP-01436,PRC-0062,REV-013772,61361.56,judgmental,EVD-01853,matched,152
SMP-01437,PRC-0062,REV-005991,90864.96,random,EVD-01854|EVD-01855,matched,157
SMP-01438,PRC-0062,REV-004198,113370.24,agent_proposed,EVD-01856|EVD-01857,matched,165
SMP-01439,PRC-0063,REV-003778,25750.74,agent_proposed,EVD-01859|EVD-01860|EVD-01858,matched,123
SMP-01440,PRC-0063,REV-011879,35787.59,agent_proposed,EVD-01861|EVD-01862|EVD-01858,matched,145
SMP-01441,PRC-0063,REV-013399,126618.16,agent_proposed,EVD-01863|EVD-01858,matched,131
SMP-01442,PRC-0063,REV-003346,142613.86,random,EVD-01864|EVD-01865|EVD-01858,matched,147
SMP-01443,PRC-0063,REV-001020,9927.28,monetary_unit,EVD-01866,exception,138
SMP-01444,PRC-0063,REV-008129,19621.78,random,EVD-01867|EVD-01868|EVD-01858,matched,135
SMP-01445,PRC-0063,REV-006777,6409.34,monetary_unit,EVD-01869|EVD-01870,matched,135
SMP-01446,PRC-0063,REV-008793,58747.77,agent_proposed,EVD-01871|EVD-01872,matched,129
SMP-01447,PRC-0063,REV-014399,10976.31,monetary_unit,EVD-01873,matched,138
SMP-01448,PRC-0063,REV-010711,7360.71,random,EVD-01874|EVD-01858,matched,124
SMP-01449,PRC-0063,REV-012925,16902.13,agent_proposed,EVD-01875,matched,145
SMP-01450,PRC-0063,REV-000634,133606.7,agent_proposed,EVD-01876|EVD-01877|EVD-01858,matched,133
SMP-01451,PRC-0063,REV-011166,29610.39,random,EVD-01878|EVD-01879,matched,138
SMP-01452,PRC-0063,REV-009813,12209.96,judgmental,EVD-01880|EVD-01858,matched,143
SMP-01453,PRC-0063,REV-002284,137081.45,random,EVD-01881|EVD-01858,matched,140
SMP-01454,PRC-0063,REV-008823,36831.74,monetary_unit,EVD-01882|EVD-01883,matched,143
SMP-01455,PRC-0063,REV-008674,30324.02,monetary_unit,EVD-01884|EVD-01885|EVD-01858,exception,122
SMP-01456,PRC-0063,REV-013060,4060.89,agent_proposed,EVD-01886|EVD-01887|EVD-01858,matched,138
SMP-01457,PRC-0063,REV-013742,17978.22,agent_proposed,EVD-01888|EVD-01858,matched,134
SMP-01458,PRC-0063,REV-006089,13593.54,monetary_unit,EVD-01889|EVD-01890,matched,145
SMP-01459,PRC-0063,REV-004194,29173.98,agent_proposed,EVD-01891|EVD-01892|EVD-01858,matched,128
SMP-01460,PRC-0063,REV-003784,10757.74,agent_proposed,EVD-01893|EVD-01894,matched,134
SMP-01461,PRC-0063,REV-000789,19079.56,monetary_unit,EVD-01895|EVD-01896,matched,143
SMP-01462,PRC-0063,REV-016228,1612.51,agent_proposed,EVD-01897|EVD-01858,matched,139
SMP-01463,PRC-0063,REV-010542,3286.67,agent_proposed,EVD-01898,exception,148
SMP-01464,PRC-0063,REV-009814,26881.49,monetary_unit,EVD-01899|EVD-01858,matched,124
SMP-01465,PRC-0063,REV-009271,50877.11,random,EVD-01900|EVD-01901|EVD-01858,matched,139
SMP-01466,PRC-0063,REV-001482,64003.96,random,EVD-01902,matched,123
SMP-01467,PRC-0063,REV-003673,62209.48,monetary_unit,EVD-01903|EVD-01858,matched,135
SMP-01468,PRC-0063,REV-003797,125018.04,monetary_unit,EVD-01904,matched,145
SMP-01469,PRC-0063,REV-005469,9206.49,agent_proposed,EVD-01905|EVD-01858,matched,127
SMP-01470,PRC-0063,REV-008178,139048.58,agent_proposed,EVD-01906|EVD-01907,matched,126
SMP-01471,PRC-0063,REV-003098,5914.06,agent_proposed,EVD-01908|EVD-01909|EVD-01858,matched,124
SMP-01472,PRC-0063,REV-005421,15697.64,agent_proposed,EVD-01910|EVD-01911|EVD-01858,matched,140
SMP-01473,PRC-0063,REV-015488,28478.34,agent_proposed,EVD-01912,matched,133
SMP-01474,PRC-0063,REV-016058,103157.24,monetary_unit,EVD-01913|EVD-01914|EVD-01858,matched,141
SMP-01475,PRC-0063,REV-012864,31921.69,random,EVD-01915,matched,129
SMP-01476,PRC-0063,REV-009053,35263.55,agent_proposed,EVD-01916|EVD-01858,matched,148
SMP-01477,PRC-0063,REV-006106,47142.73,random,EVD-01917|EVD-01858,matched,150
SMP-01478,PRC-0063,REV-008701,5362.57,monetary_unit,EVD-01918|EVD-01919|EVD-01858,matched,150
SMP-01479,PRC-0063,REV-009247,45762.6,monetary_unit,EVD-01920,unresolved,146
SMP-01480,PRC-0063,REV-011695,51428.12,judgmental,EVD-01921,matched,128
SMP-01481,PRC-0063,REV-016059,6398.22,random,EVD-01922|EVD-01923|EVD-01858,matched,146
SMP-01482,PRC-0063,REV-015455,21612.66,monetary_unit,EVD-01924|EVD-01858,matched,127
SMP-01483,PRC-0063,REV-012447,26458.38,monetary_unit,EVD-01925|EVD-01926,matched,143
SMP-01484,PRC-0064,REV-007166,32637.25,random,EVD-01928|EVD-01929,matched,160
SMP-01485,PRC-0064,REV-007439,36031.19,monetary_unit,EVD-01930,matched,158
SMP-01486,PRC-0064,REV-007853,13270.84,judgmental,EVD-01931|EVD-01932,unresolved,143
SMP-01487,PRC-0064,REV-008367,25451.14,agent_proposed,EVD-01933,exception,156
SMP-01488,PRC-0064,REV-012911,30760.44,judgmental,EVD-01934,matched,151
SMP-01489,PRC-0064,REV-006087,50191.24,random,EVD-01935|EVD-01936|EVD-01927,exception,166
SMP-01490,PRC-0064,REV-005908,39433.47,agent_proposed,EVD-01937|EVD-01938,matched,161
SMP-01491,PRC-0064,REV-005863,107145.02,agent_proposed,EVD-01939|EVD-01927,matched,147
SMP-01492,PRC-0064,REV-014767,24437.51,agent_proposed,EVD-01940|EVD-01941|EVD-01927,matched,145
SMP-01493,PRC-0064,REV-004106,20613.47,random,EVD-01942|EVD-01943,matched,152
SMP-01494,PRC-0064,REV-004693,25480.28,agent_proposed,EVD-01944,matched,159
SMP-01495,PRC-0064,REV-010816,560588.3,random,EVD-01945,matched,145
SMP-01496,PRC-0064,REV-000687,17589.18,judgmental,EVD-01946,matched,153
SMP-01497,PRC-0064,REV-009566,106814.12,monetary_unit,EVD-01947|EVD-01948|EVD-01927,matched,166
SMP-01498,PRC-0064,REV-015079,537.22,random,EVD-01949|EVD-01950,matched,161
SMP-01499,PRC-0064,REV-002249,11366.58,judgmental,EVD-01951|EVD-01927,matched,161
SMP-01500,PRC-0064,REV-007017,22681.63,agent_proposed,EVD-01952|EVD-01953,matched,157
SMP-01501,PRC-0064,REV-013651,33290.19,monetary_unit,EVD-01954|EVD-01955,matched,155
SMP-01502,PRC-0064,REV-013692,11575.88,agent_proposed,EVD-01956|EVD-01927,exception,161
SMP-01503,PRC-0064,REV-005886,5254.39,monetary_unit,EVD-01957|EVD-01958|EVD-01927,matched,163
SMP-01504,PRC-0064,REV-005655,8743.49,judgmental,EVD-01959|EVD-01960,matched,150
SMP-01505,PRC-0064,REV-015089,1959.25,random,EVD-01961,matched,154
SMP-01506,PRC-0065,INV-003669,51425.3,agent_proposed,EVD-01963|EVD-01962,matched,121
SMP-01507,PRC-0065,INV-000520,31912.24,random,EVD-01964|EVD-01965,matched,121
SMP-01508,PRC-0065,INV-017823,79761.75,agent_proposed,EVD-01966|EVD-01962,matched,102
SMP-01509,PRC-0066,INV-007564,94043.7,random,EVD-01967|EVD-01968,matched,147
SMP-01510,PRC-0066,INV-006251,996.43,random,EVD-01969,exception,140
SMP-01511,PRC-0066,INV-009457,9237.36,agent_proposed,EVD-01970|EVD-01971,matched,144
SMP-01512,PRC-0066,INV-004992,19311.52,agent_proposed,EVD-01972,matched,140
SMP-01513,PRC-0066,INV-018081,4721,agent_proposed,EVD-01973,matched,154
SMP-01514,PRC-0066,INV-010322,38977.26,agent_proposed,EVD-01974,matched,151
SMP-01515,PRC-0066,INV-010529,146398.78,agent_proposed,EVD-01975,matched,137
SMP-01516,PRC-0066,INV-007706,14028.67,agent_proposed,EVD-01976|EVD-01977,exception,136
SMP-01517,PRC-0066,INV-002706,36266.4,agent_proposed,EVD-01978|EVD-01979,matched,141
SMP-01518,PRC-0066,INV-008887,15642.59,random,EVD-01980,matched,146
SMP-01519,PRC-0066,INV-016436,69503.88,random,EVD-01981|EVD-01982,matched,142
SMP-01520,PRC-0066,INV-003762,22862.72,random,EVD-01983,matched,136
SMP-01521,PRC-0066,INV-016420,58018.57,random,EVD-01984,matched,154
SMP-01522,PRC-0066,INV-014731,23421.54,random,EVD-01985|EVD-01986,matched,151
SMP-01523,PRC-0066,INV-015597,37209.14,random,EVD-01987|EVD-01988,matched,140
SMP-01524,PRC-0066,INV-010366,53585.56,agent_proposed,EVD-01989|EVD-01990,matched,147
SMP-01525,PRC-0066,INV-013997,21362.83,monetary_unit,EVD-01991,matched,139
SMP-01526,PRC-0066,INV-008209,45040.26,monetary_unit,EVD-01992|EVD-01993,matched,149
SMP-01527,PRC-0066,INV-015219,62795.79,random,EVD-01994,exception,137
SMP-01528,PRC-0066,INV-014605,21144.12,agent_proposed,EVD-01995|EVD-01996,matched,143
SMP-01529,PRC-0066,INV-000011,3547.59,random,EVD-01997|EVD-01998,matched,140
SMP-01530,PRC-0066,INV-009847,122117.89,agent_proposed,EVD-01999,matched,152
SMP-01531,PRC-0066,INV-017688,6095.52,random,EVD-02000,exception,140
SMP-01532,PRC-0066,INV-002121,8743.38,agent_proposed,EVD-02001,matched,149
SMP-01533,PRC-0066,INV-000701,11992.91,random,EVD-02002|EVD-02003,matched,145
SMP-01534,PRC-0066,INV-008809,123471.79,judgmental,EVD-02004|EVD-02005,matched,153
SMP-01535,PRC-0066,INV-004301,35204.24,agent_proposed,EVD-02006,matched,151
SMP-01536,PRC-0066,INV-011939,56318.5,monetary_unit,EVD-02007|EVD-02008,matched,143
SMP-01537,PRC-0066,INV-000633,28693.26,agent_proposed,EVD-02009,matched,151
SMP-01538,PRC-0066,INV-002549,13755.6,monetary_unit,EVD-02010|EVD-02011,matched,145
SMP-01539,PRC-0066,INV-015978,29167.88,random,EVD-02012|EVD-02013,matched,154
SMP-01540,PRC-0066,INV-013205,21484.48,random,EVD-02014|EVD-02015,matched,139
SMP-01541,PRC-0066,INV-003747,12855.58,monetary_unit,EVD-02016|EVD-02017,matched,146
SMP-01542,PRC-0067,INV-000594,115558.3,monetary_unit,EVD-02019|EVD-02020,matched,140
SMP-01543,PRC-0067,INV-016262,76540.41,random,EVD-02021|EVD-02018,matched,134
SMP-01544,PRC-0067,INV-008287,11251.92,monetary_unit,EVD-02022|EVD-02023,matched,133
SMP-01545,PRC-0067,INV-009111,29352.1,monetary_unit,EVD-02024|EVD-02025,matched,145
SMP-01546,PRC-0067,INV-010929,152989.72,agent_proposed,EVD-02026|EVD-02027|EVD-02018,matched,134
SMP-01547,PRC-0067,INV-000801,8296.45,agent_proposed,EVD-02028|EVD-02018,matched,138
SMP-01548,PRC-0067,INV-005553,22838.52,random,EVD-02029|EVD-02030|EVD-02018,matched,141
SMP-01549,PRC-0067,INV-017156,40475.11,random,EVD-02031|EVD-02032,matched,137
SMP-01550,PRC-0067,INV-009042,77971.32,random,EVD-02033,matched,144
SMP-01551,PRC-0067,INV-003619,59139.41,random,EVD-02034,matched,135
SMP-01552,PRC-0067,INV-017865,139651.14,random,EVD-02035|EVD-02036|EVD-02018,matched,144
SMP-01553,PRC-0067,INV-000385,14860.38,random,EVD-02037|EVD-02038|EVD-02018,matched,150
SMP-01554,PRC-0067,INV-012296,19548.48,random,EVD-02039|EVD-02018,matched,141
SMP-01555,PRC-0067,INV-010208,57827.64,agent_proposed,EVD-02040|EVD-02041,exception,147
SMP-01556,PRC-0067,INV-011089,28078.24,agent_proposed,EVD-02042,matched,145
SMP-01557,PRC-0067,INV-014932,7990.6,judgmental,EVD-02043|EVD-02044|EVD-02018,matched,137
SMP-01558,PRC-0067,INV-000908,62957.05,random,EVD-02045|EVD-02018,matched,140
SMP-01559,PRC-0067,INV-007288,50866.13,agent_proposed,EVD-02046|EVD-02018,matched,142
SMP-01560,PRC-0067,INV-008565,7758.32,random,EVD-02047|EVD-02048|EVD-02018,matched,144
SMP-01561,PRC-0067,INV-011361,127695.87,agent_proposed,EVD-02049,matched,139
SMP-01562,PRC-0067,INV-009227,149072.23,agent_proposed,EVD-02050,matched,137
SMP-01563,PRC-0067,INV-012546,11308.14,monetary_unit,EVD-02051,matched,140
SMP-01564,PRC-0067,INV-013404,68483.4,monetary_unit,EVD-02052|EVD-02053|EVD-02018,matched,142
SMP-01565,PRC-0067,INV-010064,10712.86,monetary_unit,EVD-02054,exception,145
SMP-01566,PRC-0067,INV-017575,28917.35,random,EVD-02055|EVD-02056,matched,137
SMP-01567,PRC-0067,INV-016118,17787.83,random,EVD-02057|EVD-02058|EVD-02018,matched,138
SMP-01568,PRC-0067,INV-003075,36043.97,monetary_unit,EVD-02059|EVD-02060|EVD-02018,matched,141
SMP-01569,PRC-0067,INV-004796,23026.95,agent_proposed,EVD-02061,matched,133
SMP-01570,PRC-0067,INV-002222,69490.31,monetary_unit,EVD-02062,matched,150
SMP-01571,PRC-0067,INV-002782,10353,monetary_unit,EVD-02063|EVD-02018,matched,139
SMP-01572,PRC-0067,INV-003134,15712.27,agent_proposed,EVD-02064,matched,144
SMP-01573,PRC-0067,INV-000184,119575.26,agent_proposed,EVD-02065,matched,137
SMP-01574,PRC-0067,INV-010173,49742.91,agent_proposed,EVD-02066,matched,141
SMP-01575,PRC-0067,INV-011604,49552.58,judgmental,EVD-02067|EVD-02018,matched,142
SMP-01576,PRC-0067,INV-016853,13840.15,monetary_unit,EVD-02068,matched,150
SMP-01577,PRC-0067,INV-002630,21400.65,random,EVD-02069|EVD-02018,matched,141
SMP-01578,PRC-0067,INV-016696,31026.85,random,EVD-02070,matched,138
SMP-01579,PRC-0067,INV-008708,33703.45,agent_proposed,EVD-02071,matched,150
SMP-01580,PRC-0067,INV-009641,9221.59,random,EVD-02072|EVD-02018,matched,144
SMP-01581,PRC-0067,INV-010493,22643.24,agent_proposed,EVD-02073|EVD-02074|EVD-02018,matched,143
SMP-01582,PRC-0067,INV-015358,16624.53,agent_proposed,EVD-02075,matched,141
SMP-01583,PRC-0067,INV-005243,13751.44,agent_proposed,EVD-02076|EVD-02018,matched,137
SMP-01584,PRC-0067,INV-017073,2993.24,agent_proposed,EVD-02077|EVD-02078,matched,149
SMP-01585,PRC-0068,INV-011739,20731.93,agent_proposed,EVD-02080|EVD-02079,matched,138
SMP-01586,PRC-0068,INV-004917,15399.32,judgmental,EVD-02081|EVD-02082|EVD-02079,matched,161
SMP-01587,PRC-0068,INV-000757,212032.85,agent_proposed,EVD-02083,matched,139
SMP-01588,PRC-0068,INV-012253,17413.66,judgmental,EVD-02084,matched,156
SMP-01589,PRC-0068,INV-002037,23725.34,judgmental,EVD-02085|EVD-02079,matched,141
SMP-01590,PRC-0068,INV-002298,190065.26,agent_proposed,EVD-02086|EVD-02087|EVD-02079,matched,164
SMP-01591,PRC-0068,INV-002608,3572.57,judgmental,EVD-02088|EVD-02089,matched,140
SMP-01592,PRC-0068,INV-008450,5214.02,monetary_unit,EVD-02090|EVD-02091|EVD-02079,matched,157
SMP-01593,PRC-0068,INV-014488,14317.17,random,EVD-02092|EVD-02093|EVD-02079,matched,136
SMP-01594,PRC-0068,INV-015330,10401.71,monetary_unit,EVD-02094,matched,143
SMP-01595,PRC-0068,INV-015344,13846.64,judgmental,EVD-02095,matched,152
SMP-01596,PRC-0068,INV-002069,184632.46,agent_proposed,EVD-02096,matched,139
SMP-01597,PRC-0069,CSH-004346,14797.18,random,EVD-02100|EVD-02099,matched,106
SMP-01598,PRC-0069,CSH-009088,47322.83,judgmental,EVD-02101|EVD-02102,matched,112
SMP-01599,PRC-0069,CSH-008033,21106.54,random,EVD-02103|EVD-02104,matched,114
SMP-01600,PRC-0069,CSH-010612,35785.36,monetary_unit,EVD-02105|EVD-02106|EVD-02098,matched,105
SMP-01601,PRC-0069,CSH-009585,143117.02,random,EVD-02107|EVD-02108|EVD-02098,matched,102
SMP-01602,PRC-0069,CSH-003365,60464.19,monetary_unit,EVD-02109|EVD-02098,matched,112
SMP-01603,PRC-0069,CSH-001671,6619.55,random,EVD-02110|EVD-02111|EVD-02099,matched,113
SMP-01604,PRC-0069,CSH-009346,4185.01,agent_proposed,EVD-02112|EVD-02113|EVD-02097,matched,101
SMP-01605,PRC-0070,CSH-002316,45708.25,agent_proposed,EVD-02114|EVD-02115,matched,150
SMP-01606,PRC-0070,CSH-010462,6009.42,agent_proposed,EVD-02116|EVD-02117,matched,139
SMP-01607,PRC-0070,CSH-006240,29987.86,agent_proposed,EVD-02118,matched,147
SMP-01608,PRC-0070,CSH-007899,30536.7,agent_proposed,EVD-02119|EVD-02120,exception,158
SMP-01609,PRC-0070,CSH-000322,63873.39,random,EVD-02121,matched,160
SMP-01610,PRC-0070,CSH-010243,7745.93,agent_proposed,EVD-02122|EVD-02123,matched,155
SMP-01611,PRC-0070,CSH-002587,12353.48,random,EVD-02124,matched,144
SMP-01612,PRC-0070,CSH-010692,15484.12,judgmental,EVD-02125|EVD-02126,matched,159
SMP-01613,PRC-0070,CSH-006197,11237.85,monetary_unit,EVD-02127,matched,153
SMP-01614,PRC-0070,CSH-001070,11213.98,random,EVD-02128|EVD-02129,matched,151
SMP-01615,PRC-0070,CSH-010547,27110.64,agent_proposed,EVD-02130,matched,159
SMP-01616,PRC-0070,CSH-001992,30590.61,monetary_unit,EVD-02131|EVD-02132,matched,145
SMP-01617,PRC-0070,CSH-003807,93912.39,agent_proposed,EVD-02133,matched,153
SMP-01618,PRC-0070,CSH-008617,248031.52,agent_proposed,EVD-02134,matched,158
SMP-01619,PRC-0070,CSH-010633,15046.12,monetary_unit,EVD-02135,matched,154
SMP-01620,PRC-0070,CSH-003558,17723.25,random,EVD-02136,matched,158
SMP-01621,PRC-0070,CSH-005481,92264.48,random,EVD-02137,matched,147
SMP-01622,PRC-0070,CSH-001721,106956.51,monetary_unit,EVD-02138|EVD-02139,matched,164
SMP-01623,PRC-0070,CSH-000559,38418.81,agent_proposed,EVD-02140,matched,158
SMP-01624,PRC-0070,CSH-010858,119511.68,monetary_unit,EVD-02141|EVD-02142,matched,168
SMP-01625,PRC-0070,CSH-001665,29035.95,monetary_unit,EVD-02143|EVD-02144,matched,140
SMP-01626,PRC-0070,CSH-007512,86543.34,agent_proposed,EVD-02145,matched,149
SMP-01627,PRC-0070,CSH-003054,10625.15,agent_proposed,EVD-02146|EVD-02147,matched,139
SMP-01628,PRC-0070,CSH-002498,88866.26,random,EVD-02148|EVD-02149,matched,154
SMP-01629,PRC-0070,CSH-010188,2633.57,judgmental,EVD-02150,matched,159
SMP-01630,PRC-0070,CSH-008783,46092.88,agent_proposed,EVD-02151|EVD-02152,matched,164
SMP-01631,PRC-0070,CSH-007751,25188.64,agent_proposed,EVD-02153,matched,166
SMP-01632,PRC-0071,CSH-006438,18958.45,judgmental,EVD-02156|EVD-02154,matched,151
SMP-01633,PRC-0071,CSH-002427,5461.42,monetary_unit,EVD-02157,matched,159
SMP-01634,PRC-0071,CSH-009775,6997.13,monetary_unit,EVD-02158|EVD-02159,matched,164
SMP-01635,PRC-0071,CSH-005055,35260.43,agent_proposed,EVD-02160|EVD-02154,matched,149
SMP-01636,PRC-0071,CSH-004071,271503.22,random,EVD-02161|EVD-02162,matched,163
SMP-01637,PRC-0071,CSH-001443,40810.54,random,EVD-02163|EVD-02164|EVD-02155,matched,158
SMP-01638,PRC-0071,CSH-005557,68872.59,agent_proposed,EVD-02165|EVD-02166,matched,156
SMP-01639,PRC-0071,CSH-003878,27842.47,random,EVD-02167|EVD-02168,matched,155
SMP-01640,PRC-0071,CSH-000162,14257.39,judgmental,EVD-02169|EVD-02154,matched,162
SMP-01641,PRC-0071,CSH-009811,4410.22,random,EVD-02170|EVD-02171|EVD-02155,matched,156
SMP-01642,PRC-0071,CSH-002712,26648.31,random,EVD-02172|EVD-02154,matched,159
SMP-01643,PRC-0071,CSH-003056,31831.29,monetary_unit,EVD-02173|EVD-02174,matched,161
SMP-01644,PRC-0071,CSH-002959,11250.32,monetary_unit,EVD-02175|EVD-02176|EVD-02154,matched,163
SMP-01645,PRC-0071,CSH-001249,46082.95,monetary_unit,EVD-02177|EVD-02155,exception,165
SMP-01646,PRC-0071,CSH-006330,17289.03,agent_proposed,EVD-02178|EVD-02179,matched,155
SMP-01647,PRC-0071,CSH-009416,19458.69,random,EVD-02180|EVD-02181|EVD-02154,matched,157
SMP-01648,PRC-0071,CSH-009520,5075.24,random,EVD-02182|EVD-02183|EVD-02155,matched,166
SMP-01649,PRC-0071,CSH-002999,12197.73,random,EVD-02184|EVD-02185,matched,157
SMP-01650,PRC-0071,CSH-001283,8803.27,agent_proposed,EVD-02186|EVD-02187,matched,148
SMP-01651,PRC-0071,CSH-001778,9605.8,random,EVD-02188,matched,156
SMP-01652,PRC-0071,CSH-000151,17746.02,judgmental,EVD-02189|EVD-02190|EVD-02155,matched,165
SMP-01653,PRC-0071,CSH-007701,33736.46,monetary_unit,EVD-02191|EVD-02154,unresolved,163
SMP-01654,PRC-0071,CSH-002044,12335.2,judgmental,EVD-02192|EVD-02193,matched,148
SMP-01655,PRC-0071,CSH-000720,25568.41,judgmental,EVD-02194|EVD-02195|EVD-02155,matched,157
SMP-01656,PRC-0071,CSH-003449,20702.1,random,EVD-02196,matched,159
SMP-01657,PRC-0071,CSH-002387,143223.61,judgmental,EVD-02197|EVD-02154,matched,155
SMP-01658,PRC-0071,CSH-003173,6291.47,monetary_unit,EVD-02198,exception,166
SMP-01659,PRC-0071,CSH-010256,11620.95,agent_proposed,EVD-02199|EVD-02200,matched,162
SMP-01660,PRC-0071,CSH-004875,52959.8,agent_proposed,EVD-02201|EVD-02154,matched,153
SMP-01661,PRC-0071,CSH-003447,83842.41,agent_proposed,EVD-02202|EVD-02203,exception,153
SMP-01662,PRC-0071,CSH-002780,91992.05,random,EVD-02204|EVD-02154,matched,159
SMP-01663,PRC-0071,CSH-007494,17975.18,monetary_unit,EVD-02205|EVD-02206,matched,154
SMP-01664,PRC-0071,CSH-003683,22228.31,agent_proposed,EVD-02207|EVD-02208|EVD-02154,matched,164
SMP-01665,PRC-0071,CSH-005392,6405.69,judgmental,EVD-02209|EVD-02210,matched,149
SMP-01666,PRC-0071,CSH-009029,14157.55,agent_proposed,EVD-02211|EVD-02154,matched,148
SMP-01667,PRC-0071,CSH-005291,2415.73,agent_proposed,EVD-02212|EVD-02213,matched,149
SMP-01668,PRC-0071,CSH-001006,76977.3,judgmental,EVD-02214|EVD-02155,exception,153
SMP-01669,PRC-0071,CSH-004448,52493.65,agent_proposed,EVD-02215|EVD-02154,matched,166
SMP-01670,PRC-0071,CSH-003926,6585.38,agent_proposed,EVD-02216|EVD-02217|EVD-02155,matched,151
SMP-01671,PRC-0071,CSH-010378,30908.89,random,EVD-02218|EVD-02219,matched,162
SMP-01672,PRC-0071,CSH-008626,27415.78,random,EVD-02220|EVD-02155,matched,160
SMP-01673,PRC-0071,CSH-002202,69616.95,random,EVD-02221,matched,165
SMP-01674,PRC-0071,CSH-002167,30932,judgmental,EVD-02222|EVD-02155,matched,162
SMP-01675,PRC-0071,CSH-002169,31953.83,random,EVD-02223|EVD-02224|EVD-02154,matched,162
SMP-01676,PRC-0071,CSH-010914,36141.77,monetary_unit,EVD-02225,matched,156
SMP-01677,PRC-0071,CSH-005081,9080.56,judgmental,EVD-02226,matched,166
SMP-01678,PRC-0072,CSH-005769,6152.13,agent_proposed,EVD-02230,matched,137
SMP-01679,PRC-0072,CSH-006441,27110.14,monetary_unit,EVD-02231|EVD-02229,matched,123
SMP-01680,PRC-0072,CSH-006341,9337.32,agent_proposed,EVD-02232,matched,128
SMP-01681,PRC-0072,CSH-006770,25373.92,random,EVD-02233|EVD-02234,matched,118
SMP-01682,PRC-0072,CSH-005247,261384.98,judgmental,EVD-02235|EVD-02236|EVD-02227,matched,130
SMP-01683,PRC-0072,CSH-007863,77475.42,random,EVD-02237|EVD-02238|EVD-02228,matched,124
SMP-01684,PRC-0073,FXA-002096,40806.43,agent_proposed,EVD-02240,matched,123
SMP-01685,PRC-0073,FXA-003532,10298.92,judgmental,EVD-02241|EVD-02242,matched,110
SMP-01686,PRC-0073,FXA-000265,101621.43,judgmental,EVD-02243|EVD-02244|EVD-02239,matched,127
SMP-01687,PRC-0073,FXA-002874,6071.49,agent_proposed,EVD-02245|EVD-02239,matched,110
SMP-01688,PRC-0073,FXA-001841,27580.21,agent_proposed,EVD-02246|EVD-02247,matched,121
SMP-01689,PRC-0073,FXA-002383,10964.95,monetary_unit,EVD-02248|EVD-02249|EVD-02239,matched,126
SMP-01690,PRC-0073,FXA-002761,21054.34,agent_proposed,EVD-02250|EVD-02251,matched,118
SMP-01691,PRC-0073,FXA-000467,17035.47,random,EVD-02252|EVD-02239,matched,121
SMP-01692,PRC-0074,FXA-003414,34328.4,judgmental,EVD-02256|EVD-02257|EVD-02255,matched,155
SMP-01693,PRC-0074,FXA-001313,59207.37,random,EVD-02258|EVD-02259|EVD-02253,matched,163
SMP-01694,PRC-0074,FXA-000836,14477.61,monetary_unit,EVD-02260|EVD-02253,matched,171
SMP-01695,PRC-0074,FXA-001948,8033.15,random,EVD-02261|EVD-02262,matched,153
SMP-01696,PRC-0074,FXA-002058,43294.98,agent_proposed,EVD-02263|EVD-02264|EVD-02254,matched,157
SMP-01697,PRC-0074,FXA-003149,22795.54,random,EVD-02265|EVD-02254,matched,152
SMP-01698,PRC-0074,FXA-003128,7636.69,monetary_unit,EVD-02266|EVD-02253,matched,164
SMP-01699,PRC-0074,FXA-000805,16149.99,random,EVD-02267|EVD-02254,matched,149
SMP-01700,PRC-0074,FXA-003557,153649.28,agent_proposed,EVD-02268|EVD-02253,matched,143
SMP-01701,PRC-0074,FXA-001794,2364.68,judgmental,EVD-02269|EVD-02270,matched,153
SMP-01702,PRC-0074,FXA-003325,32338.05,random,EVD-02271|EVD-02272|EVD-02253,unresolved,144
SMP-01703,PRC-0074,FXA-002966,9806.79,agent_proposed,EVD-02273|EVD-02274,matched,154
SMP-01704,PRC-0074,FXA-001644,25763.72,monetary_unit,EVD-02275|EVD-02276,matched,165
SMP-01705,PRC-0074,FXA-002782,14777.9,random,EVD-02277|EVD-02278,matched,166
SMP-01706,PRC-0074,FXA-000652,69884.78,agent_proposed,EVD-02279|EVD-02280|EVD-02253,matched,146
SMP-01707,PRC-0074,FXA-003632,5322.33,agent_proposed,EVD-02281|EVD-02282,matched,144
SMP-01708,PRC-0074,FXA-002218,19324.13,agent_proposed,EVD-02283,matched,157
SMP-01709,PRC-0074,FXA-003543,2880.59,agent_proposed,EVD-02284,matched,159
SMP-01710,PRC-0074,FXA-000660,13856.95,random,EVD-02285|EVD-02253,matched,145
SMP-01711,PRC-0074,FXA-003716,4310.91,agent_proposed,EVD-02286|EVD-02287|EVD-02254,exception,171
SMP-01712,PRC-0074,FXA-000446,5011.57,random,EVD-02288,exception,153
SMP-01713,PRC-0074,FXA-003900,45594.23,agent_proposed,EVD-02289|EVD-02290|EVD-02254,matched,147
SMP-01714,PRC-0074,FXA-003047,41436.02,judgmental,EVD-02291|EVD-02255,matched,153
SMP-01715,PRC-0074,FXA-001228,132924.34,agent_proposed,EVD-02292,matched,169
SMP-01716,PRC-0074,FXA-003424,24746,agent_proposed,EVD-02293|EVD-02254,matched,143
SMP-01717,PRC-0074,FXA-000310,3306.67,agent_proposed,EVD-02294|EVD-02254,matched,168
SMP-01718,PRC-0074,FXA-002032,13896.69,monetary_unit,EVD-02295|EVD-02296,matched,171
SMP-01719,PRC-0074,FXA-003539,155701.33,random,EVD-02297|EVD-02254,matched,162
SMP-01720,PRC-0074,FXA-003775,22223.37,random,EVD-02298|EVD-02299,matched,156
SMP-01721,PRC-0074,FXA-001723,480449.78,random,EVD-02300,matched,153
SMP-01722,PRC-0074,FXA-002477,48733.81,monetary_unit,EVD-02301,matched,142
SMP-01723,PRC-0074,FXA-003381,110603.04,agent_proposed,EVD-02302|EVD-02303|EVD-02254,matched,170
SMP-01724,PRC-0074,FXA-003804,53494.55,random,EVD-02304|EVD-02305,matched,152
SMP-01725,PRC-0074,FXA-000300,14233.13,judgmental,EVD-02306,matched,167
SMP-01726,PRC-0074,FXA-001346,29884.63,judgmental,EVD-02307|EVD-02308|EVD-02254,matched,148
SMP-01727,PRC-0074,FXA-001621,318672.64,agent_proposed,EVD-02309|EVD-02255,matched,153
SMP-01728,PRC-0074,FXA-001538,25129.04,agent_proposed,EVD-02310,matched,167
SMP-01729,PRC-0074,FXA-002564,22914.36,agent_proposed,EVD-02311|EVD-02253,matched,152
SMP-01730,PRC-0074,FXA-000376,35126.44,monetary_unit,EVD-02312|EVD-02254,matched,162
SMP-01731,PRC-0074,FXA-002936,57765.95,agent_proposed,EVD-02313|EVD-02253,unresolved,156
SMP-01732,PRC-0074,FXA-000853,7092.87,agent_proposed,EVD-02314|EVD-02315,matched,157
SMP-01733,PRC-0074,FXA-003217,24022.52,random,EVD-02316,matched,165
SMP-01734,PRC-0075,FXA-000351,143439.07,monetary_unit,EVD-02317,matched,155
SMP-01735,PRC-0075,FXA-002214,19222.93,monetary_unit,EVD-02317,matched,139
SMP-01736,PRC-0075,FXA-002492,9540.29,agent_proposed,EVD-02317,matched,148
SMP-01737,PRC-0075,FXA-002259,17090.73,random,EVD-02317,matched,143
SMP-01738,PRC-0075,FXA-002565,6699.58,random,EVD-02317,matched,144
SMP-01739,PRC-0075,FXA-002162,8497.04,agent_proposed,EVD-02317,matched,156
SMP-01740,PRC-0075,FXA-002566,6147.71,monetary_unit,EVD-02317,matched,158
SMP-01741,PRC-0075,FXA-000183,2723.28,agent_proposed,EVD-02317,matched,157
SMP-01742,PRC-0075,FXA-003629,2990.35,random,EVD-02317,matched,156
SMP-01743,PRC-0075,FXA-001015,44882.11,agent_proposed,EVD-02317,matched,151
SMP-01744,PRC-0075,FXA-001592,32375.48,agent_proposed,EVD-02317,matched,154
SMP-01745,PRC-0075,FXA-001072,32635.57,agent_proposed,EVD-02317,matched,157
SMP-01746,PRC-0075,FXA-001192,8992.74,judgmental,EVD-02317,matched,158
SMP-01747,PRC-0075,FXA-002880,27710.54,random,EVD-02317,matched,147
SMP-01748,PRC-0075,FXA-002304,27078.25,monetary_unit,EVD-02317,matched,141
SMP-01749,PRC-0075,FXA-002227,37424.01,judgmental,EVD-02317,matched,138
SMP-01750,PRC-0075,FXA-001489,24557.27,agent_proposed,EVD-02317,exception,151
SMP-01751,PRC-0075,FXA-001194,17092.14,judgmental,EVD-02317,matched,149
SMP-01752,PRC-0075,FXA-003658,29798.74,monetary_unit,EVD-02317,matched,153
SMP-01753,PRC-0075,FXA-000318,5256.52,judgmental,EVD-02317,matched,159
SMP-01754,PRC-0075,FXA-003331,1102273.6,agent_proposed,EVD-02317,exception,160
SMP-01755,PRC-0075,FXA-003802,45006.17,monetary_unit,EVD-02317,matched,159
SMP-01756,PRC-0076,FXA-002322,59531.16,random,EVD-02319|EVD-02320,matched,149
SMP-01757,PRC-0076,FXA-001470,77221.22,random,EVD-02321|EVD-02322|EVD-02318,matched,148
SMP-01758,PRC-0076,FXA-000831,8995.16,judgmental,EVD-02323|EVD-02324,matched,153
SMP-01759,PRC-0076,FXA-000682,7410.88,random,EVD-02325|EVD-02318,matched,153
SMP-01760,PRC-0076,FXA-001496,133665.65,agent_proposed,EVD-02326|EVD-02327|EVD-02318,matched,162
SMP-01761,PRC-0076,FXA-001610,48529.22,agent_proposed,EVD-02328,matched,153
SMP-01762,PRC-0076,FXA-000086,10653.9,judgmental,EVD-02329|EVD-02330,matched,158
SMP-01763,PRC-0076,FXA-003811,14800.2,judgmental,EVD-02331|EVD-02318,matched,154
SMP-01764,PRC-0076,FXA-003708,27286.28,agent_proposed,EVD-02332|EVD-02318,matched,166
SMP-01765,PRC-0076,FXA-002231,171283.24,agent_proposed,EVD-02333,matched,154
SMP-01766,PRC-0076,FXA-001181,37018.1,monetary_unit,EVD-02334|EVD-02318,matched,162
SMP-01767,PRC-0076,FXA-002347,34116.96,random,EVD-02335,matched,164
SMP-01768,PRC-0077,PAY-007999,85142.97,agent_proposed,EVD-02338,matched,116
SMP-01769,PRC-0077,PAY-007131,18540.73,agent_proposed,EVD-02339|EVD-02340,matched,134
SMP-01770,PRC-0077,PAY-003484,2134.83,monetary_unit,EVD-02341,matched,110
SMP-01771,PRC-0077,PAY-004171,2902.24,monetary_unit,EVD-02342|EVD-02343,matched,130
SMP-01772,PRC-0077,PAY-004240,7817.5,agent_proposed,EVD-02344,matched,122
SMP-01773,PRC-0077,PAY-001078,17645.15,random,EVD-02345|EVD-02337,matched,114
SMP-01774,PRC-0077,PAY-005013,168797.24,judgmental,EVD-02346|EVD-02347|EVD-02337,matched,121
SMP-01775,PRC-0078,PAY-006631,29915.65,random,EVD-02349,matched,135
SMP-01776,PRC-0078,PAY-000387,79533.12,judgmental,EVD-02350|EVD-02351|EVD-02348,exception,141
SMP-01777,PRC-0078,PAY-000830,22026.18,agent_proposed,EVD-02352|EVD-02353|EVD-02348,matched,136
SMP-01778,PRC-0078,PAY-000972,14179.7,monetary_unit,EVD-02354|EVD-02355,matched,138
SMP-01779,PRC-0078,PAY-003969,10052.45,judgmental,EVD-02356|EVD-02357,matched,138
SMP-01780,PRC-0078,PAY-009377,9935.33,monetary_unit,EVD-02358,matched,145
SMP-01781,PRC-0078,PAY-008579,17586.03,monetary_unit,EVD-02359|EVD-02360,matched,149
SMP-01782,PRC-0078,PAY-008562,112223.58,random,EVD-02361|EVD-02362|EVD-02348,matched,143
SMP-01783,PRC-0078,PAY-008325,58375.69,monetary_unit,EVD-02363|EVD-02348,matched,147
SMP-01784,PRC-0078,PAY-000208,1350.95,agent_proposed,EVD-02364|EVD-02348,exception,141
SMP-01785,PRC-0078,PAY-007260,33441.16,agent_proposed,EVD-02365,matched,143
SMP-01786,PRC-0078,PAY-003082,6755.51,monetary_unit,EVD-02366|EVD-02367,matched,136
SMP-01787,PRC-0078,PAY-006727,30186.63,random,EVD-02368|EVD-02348,matched,149
SMP-01788,PRC-0078,PAY-000921,21219.12,agent_proposed,EVD-02369|EVD-02370,matched,140
SMP-01789,PRC-0078,PAY-000782,32229.81,random,EVD-02371,matched,142
SMP-01790,PRC-0078,PAY-003009,5738.99,random,EVD-02372|EVD-02348,unresolved,148
SMP-01791,PRC-0078,PAY-004032,65043.92,agent_proposed,EVD-02373,matched,142
SMP-01792,PRC-0078,PAY-001213,11265.01,agent_proposed,EVD-02374|EVD-02375,matched,136
SMP-01793,PRC-0078,PAY-006447,14457.21,judgmental,EVD-02376,matched,141
SMP-01794,PRC-0078,PAY-003461,41795.44,random,EVD-02377|EVD-02378|EVD-02348,exception,141
SMP-01795,PRC-0078,PAY-008413,120604.24,agent_proposed,EVD-02379,matched,136
SMP-01796,PRC-0078,PAY-001891,43614.35,agent_proposed,EVD-02380|EVD-02381|EVD-02348,exception,141
SMP-01797,PRC-0078,PAY-009457,34434.73,agent_proposed,EVD-02382,matched,145
SMP-01798,PRC-0078,PAY-003773,88543.17,agent_proposed,EVD-02383|EVD-02348,matched,142
SMP-01799,PRC-0078,PAY-007129,38165.06,random,EVD-02384|EVD-02385,matched,147
SMP-01800,PRC-0078,PAY-002510,9613.46,agent_proposed,EVD-02386|EVD-02387,exception,144
SMP-01801,PRC-0078,PAY-008967,4843.16,monetary_unit,EVD-02388|EVD-02348,matched,136
SMP-01802,PRC-0078,PAY-006327,87353.56,agent_proposed,EVD-02389|EVD-02348,matched,141
SMP-01803,PRC-0078,PAY-007468,9073.17,agent_proposed,EVD-02390|EVD-02348,matched,148
SMP-01804,PRC-0078,PAY-004541,7165.84,monetary_unit,EVD-02391|EVD-02348,matched,140
SMP-01805,PRC-0078,PAY-009883,481033.76,random,EVD-02392|EVD-02393|EVD-02348,matched,146
SMP-01806,PRC-0078,PAY-000518,70102.79,monetary_unit,EVD-02394|EVD-02395|EVD-02348,matched,138
SMP-01807,PRC-0078,PAY-006824,12019.95,agent_proposed,EVD-02396|EVD-02397,matched,145
SMP-01808,PRC-0078,PAY-004674,6893.98,agent_proposed,EVD-02398|EVD-02348,matched,138
SMP-01809,PRC-0078,PAY-005073,124653.98,monetary_unit,EVD-02399|EVD-02400|EVD-02348,matched,146
SMP-01810,PRC-0078,PAY-007208,71005.36,monetary_unit,EVD-02401|EVD-02402,matched,146
SMP-01811,PRC-0078,PAY-006325,66025.59,random,EVD-02403|EVD-02404,matched,139
SMP-01812,PRC-0078,PAY-001055,37333.21,agent_proposed,EVD-02405|EVD-02348,matched,137
SMP-01813,PRC-0078,PAY-001287,16779.78,monetary_unit,EVD-02406,matched,136
SMP-01814,PRC-0079,PAY-002152,4318.57,random,EVD-02407,matched,133
SMP-01815,PRC-0079,PAY-009965,84941.21,agent_proposed,EVD-02408,matched,123
SMP-01816,PRC-0079,PAY-002331,30113.4,monetary_unit,EVD-02409,matched,130
SMP-01817,PRC-0079,PAY-003237,37251.29,judgmental,EVD-02410,matched,114
SMP-01818,PRC-0079,PAY-004029,6325.14,monetary_unit,EVD-02411|EVD-02412,matched,133
SMP-01819,PRC-0079,PAY-009446,17175.61,random,EVD-02413|EVD-02414,matched,132
SMP-01820,PRC-0079,PAY-008589,11776.8,monetary_unit,EVD-02415|EVD-02416,matched,121
SMP-01821,PRC-0079,PAY-004316,31200.48,agent_proposed,EVD-02417,matched,140
SMP-01822,PRC-0079,PAY-008761,4394.95,agent_proposed,EVD-02418,matched,133
SMP-01823,PRC-0079,PAY-007722,86572.27,monetary_unit,EVD-02419|EVD-02420,matched,115
SMP-01824,PRC-0079,PAY-009422,16671.25,judgmental,EVD-02421|EVD-02422,matched,134
SMP-01825,PRC-0079,PAY-006582,17666.97,monetary_unit,EVD-02423|EVD-02424,matched,138
SMP-01826,PRC-0079,PAY-005329,80085.42,judgmental,EVD-02425|EVD-02426,matched,140
SMP-01827,PRC-0079,PAY-001463,271285.29,judgmental,EVD-02427,matched,116
SMP-01828,PRC-0079,PAY-002421,20749.89,random,EVD-02428,matched,130
SMP-01829,PRC-0079,PAY-005409,54112.13,judgmental,EVD-02429,exception,119
SMP-01830,PRC-0079,PAY-007698,5390.25,random,EVD-02430|EVD-02431,matched,140
SMP-01831,PRC-0079,PAY-002414,65826.99,judgmental,EVD-02432,matched,131
SMP-01832,PRC-0079,PAY-003224,14678.44,agent_proposed,EVD-02433,matched,136
SMP-01833,PRC-0079,PAY-008580,58803.23,agent_proposed,EVD-02434,matched,121
SMP-01834,PRC-0079,PAY-001147,21126.93,agent_proposed,EVD-02435,exception,129
SMP-01835,PRC-0079,PAY-003431,17327.05,agent_proposed,EVD-02436,matched,129
SMP-01836,PRC-0079,PAY-003478,25471.55,monetary_unit,EVD-02437,matched,124
SMP-01837,PRC-0079,PAY-007954,23530.97,agent_proposed,EVD-02438,matched,121
SMP-01838,PRC-0079,PAY-002301,319890,monetary_unit,EVD-02439,matched,119
SMP-01839,PRC-0079,PAY-005324,7952.91,agent_proposed,EVD-02440|EVD-02441,matched,127
SMP-01840,PRC-0079,PAY-002709,12669.19,judgmental,EVD-02442|EVD-02443,matched,135
SMP-01841,PRC-0079,PAY-005366,19490.98,agent_proposed,EVD-02444|EVD-02445,matched,139
SMP-01842,PRC-0079,PAY-002191,23818.43,agent_proposed,EVD-02446|EVD-02447,matched,129
SMP-01843,PRC-0079,PAY-007144,6050.24,judgmental,EVD-02448,matched,134
SMP-01844,PRC-0079,PAY-001228,5749.38,monetary_unit,EVD-02449|EVD-02450,matched,119
SMP-01845,PRC-0079,PAY-001490,164286.63,monetary_unit,EVD-02451|EVD-02452,matched,141
SMP-01846,PRC-0080,PAY-009365,5534.73,agent_proposed,EVD-02455|EVD-02456,matched,134
SMP-01847,PRC-0080,PAY-000670,35512.75,agent_proposed,EVD-02457|EVD-02458,matched,116
SMP-01848,PRC-0080,PAY-001468,32278.55,judgmental,EVD-02459,matched,139
SMP-01849,PRC-0080,PAY-008031,7610.91,monetary_unit,EVD-02460|EVD-02453,matched,136
SMP-01850,PRC-0080,PAY-009150,50716.32,agent_proposed,EVD-02461|EVD-02462,matched,136
SMP-01851,PRC-0080,PAY-009067,38313.73,monetary_unit,EVD-02463|EVD-02464,matched,120
SMP-01852,PRC-0080,PAY-004992,51497.75,random,EVD-02465,matched,119
SMP-01853,PRC-0080,PAY-008997,135386.7,judgmental,EVD-02466|EVD-02467,matched,119
SMP-01854,PRC-0080,PAY-000418,20701.1,agent_proposed,EVD-02468|EVD-02454,matched,119
SMP-01855,PRC-0080,PAY-000436,174769.61,monetary_unit,EVD-02469,matched,121
SMP-01856,PRC-0080,PAY-006409,10636.05,random,EVD-02470|EVD-02471,matched,121
SMP-01857,PRC-0080,PAY-005741,1535.59,agent_proposed,EVD-02472,matched,133
SMP-01858,PRC-0080,PAY-006116,40481.01,monetary_unit,EVD-02473|EVD-02454,matched,124
SMP-01859,PRC-0080,PAY-002676,43258.61,agent_proposed,EVD-02474|EVD-02475|EVD-02454,matched,123
SMP-01860,PRC-0080,PAY-006553,13454.91,agent_proposed,EVD-02476,matched,129
SMP-01861,PRC-0081,REV-013146,120861.11,agent_proposed,EVD-02479|EVD-02480|EVD-02477,matched,152
SMP-01862,PRC-0081,REV-005815,5384.68,judgmental,EVD-02481|EVD-02482,matched,145
SMP-01863,PRC-0081,REV-005502,14473.38,judgmental,EVD-02483,matched,156
SMP-01864,PRC-0081,REV-007194,1902.28,monetary_unit,EVD-02484|EVD-02485|EVD-02478,matched,160
SMP-01865,PRC-0081,REV-012435,18716.34,random,EVD-02486|EVD-02478,matched,148
SMP-01866,PRC-0081,REV-010961,289904.34,agent_proposed,EVD-02487|EVD-02488,matched,165
SMP-01867,PRC-0081,REV-008830,141459.08,monetary_unit,EVD-02489,matched,172
SMP-01868,PRC-0082,REV-009200,29228.93,agent_proposed,EVD-02490,matched,192
SMP-01869,PRC-0082,REV-002971,44398.33,agent_proposed,EVD-02491,matched,192
SMP-01870,PRC-0082,REV-009064,9607.21,random,EVD-02492,matched,173
SMP-01871,PRC-0082,REV-001822,27626.92,monetary_unit,EVD-02493,matched,191
SMP-01872,PRC-0082,REV-008401,25000.52,monetary_unit,EVD-02494,matched,182
SMP-01873,PRC-0082,REV-005054,19618.02,judgmental,EVD-02495,matched,193
SMP-01874,PRC-0082,REV-012360,12487.89,monetary_unit,EVD-02496,matched,172
SMP-01875,PRC-0082,REV-005161,35227.14,random,EVD-02497,matched,176
SMP-01876,PRC-0082,REV-000828,12627.44,random,EVD-02498,matched,193
SMP-01877,PRC-0082,REV-000520,6715.74,agent_proposed,EVD-02499,matched,178
SMP-01878,PRC-0082,REV-004183,30534.19,agent_proposed,EVD-02500,matched,181
SMP-01879,PRC-0082,REV-000863,8067.39,random,EVD-02501,matched,192
SMP-01880,PRC-0082,REV-005138,4886.82,monetary_unit,EVD-02502|EVD-02503,matched,183
SMP-01881,PRC-0082,REV-011838,22833,random,EVD-02504|EVD-02505,matched,187
SMP-01882,PRC-0082,REV-006335,25163.28,agent_proposed,EVD-02506,matched,182
SMP-01883,PRC-0082,REV-002922,2049.82,random,EVD-02507|EVD-02508,matched,186
SMP-01884,PRC-0082,REV-004857,27152.38,random,EVD-02509|EVD-02510,matched,178
SMP-01885,PRC-0082,REV-009668,12557.82,random,EVD-02511,matched,185
SMP-01886,PRC-0082,REV-005975,4102.15,agent_proposed,EVD-02512|EVD-02513,matched,172
SMP-01887,PRC-0082,REV-010239,34799.8,monetary_unit,EVD-02514|EVD-02515,matched,178
SMP-01888,PRC-0082,REV-006938,131824.21,monetary_unit,EVD-02516|EVD-02517,matched,188
SMP-01889,PRC-0082,REV-006936,63574.99,random,EVD-02518|EVD-02519,matched,169
SMP-01890,PRC-0082,REV-004504,59904.24,agent_proposed,EVD-02520|EVD-02521,matched,180
SMP-01891,PRC-0082,REV-010822,53273.13,random,EVD-02522,matched,190
SMP-01892,PRC-0082,REV-000878,17233.51,monetary_unit,EVD-02523|EVD-02524,matched,189
SMP-01893,PRC-0082,REV-000147,5284.26,random,EVD-02525|EVD-02526,matched,175
SMP-01894,PRC-0082,REV-012671,155215.43,agent_proposed,EVD-02527,matched,185
SMP-01895,PRC-0082,REV-000167,258563.76,agent_proposed,EVD-02528|EVD-02529,matched,170
SMP-01896,PRC-0082,REV-014707,33679.51,monetary_unit,EVD-02530,matched,191
SMP-01897,PRC-0082,REV-013087,99292.71,monetary_unit,EVD-02531,matched,177
SMP-01898,PRC-0082,REV-014557,30065.13,agent_proposed,EVD-02532,matched,172
SMP-01899,PRC-0082,REV-009857,541624.78,monetary_unit,EVD-02533,matched,172
SMP-01900,PRC-0082,REV-003854,2385.24,agent_proposed,EVD-02534|EVD-02535,matched,181
SMP-01901,PRC-0082,REV-004685,12487.73,agent_proposed,EVD-02536|EVD-02537,matched,191
SMP-01902,PRC-0083,REV-008987,30742.55,agent_proposed,EVD-02538,matched,189
SMP-01903,PRC-0083,REV-001710,19896.49,agent_proposed,EVD-02539|EVD-02540,matched,184
SMP-01904,PRC-0083,REV-002006,79909.21,monetary_unit,EVD-02541|EVD-02542,matched,172
SMP-01905,PRC-0083,REV-003737,10949.39,agent_proposed,EVD-02543,matched,197
SMP-01906,PRC-0083,REV-005265,26462.93,agent_proposed,EVD-02544|EVD-02545,matched,186
SMP-01907,PRC-0083,REV-010456,10097.91,monetary_unit,EVD-02546,matched,191
SMP-01908,PRC-0083,REV-012104,11385.22,monetary_unit,EVD-02547,matched,189
SMP-01909,PRC-0083,REV-014022,67711.05,agent_proposed,EVD-02548|EVD-02549,matched,189
SMP-01910,PRC-0083,REV-003994,62060.05,agent_proposed,EVD-02550,matched,185
SMP-01911,PRC-0083,REV-014383,12109.92,monetary_unit,EVD-02551,matched,177
SMP-01912,PRC-0083,REV-009164,74171.11,random,EVD-02552|EVD-02553,matched,199
SMP-01913,PRC-0083,REV-014605,1929.03,monetary_unit,EVD-02554,matched,182
SMP-01914,PRC-0083,REV-001666,29008.96,agent_proposed,EVD-02555,matched,196
SMP-01915,PRC-0083,REV-007923,21059.12,random,EVD-02556,matched,184
SMP-01916,PRC-0083,REV-002004,121221.93,agent_proposed,EVD-02557|EVD-02558,matched,199
SMP-01917,PRC-0083,REV-003026,57610.58,random,EVD-02559,matched,175
SMP-01918,PRC-0083,REV-001080,8946.44,monetary_unit,EVD-02560|EVD-02561,matched,188
SMP-01919,PRC-0083,REV-008988,14874.05,judgmental,EVD-02562|EVD-02563,matched,196
SMP-01920,PRC-0083,REV-002301,47328.03,random,EVD-02564,exception,199
SMP-01921,PRC-0083,REV-003300,182800.79,monetary_unit,EVD-02565,matched,194
SMP-01922,PRC-0083,REV-013702,34540.65,agent_proposed,EVD-02566,matched,196
SMP-01923,PRC-0083,REV-008295,37925.79,random,EVD-02567|EVD-02568,matched,196
SMP-01924,PRC-0083,REV-013972,45225.6,agent_proposed,EVD-02569|EVD-02570,matched,187
SMP-01925,PRC-0083,REV-008765,25974.56,agent_proposed,EVD-02571|EVD-02572,matched,184
SMP-01926,PRC-0083,REV-013601,15595.81,judgmental,EVD-02573,matched,179
SMP-01927,PRC-0083,REV-000817,30242.17,judgmental,EVD-02574,matched,173
SMP-01928,PRC-0084,REV-003091,7479.77,agent_proposed,EVD-02576|EVD-02575,matched,207
SMP-01929,PRC-0084,REV-008399,14478.5,judgmental,EVD-02577|EVD-02578|EVD-02575,matched,205
SMP-01930,PRC-0084,REV-007012,26039.52,judgmental,EVD-02579|EVD-02580,matched,199
SMP-01931,PRC-0084,REV-001944,11731.51,agent_proposed,EVD-02581|EVD-02582|EVD-02575,matched,190
SMP-01932,PRC-0084,REV-014463,6469.4,random,EVD-02583|EVD-02575,matched,206
SMP-01933,PRC-0084,REV-008018,42429.26,random,EVD-02584,exception,179
SMP-01934,PRC-0084,REV-012479,4220.91,monetary_unit,EVD-02585|EVD-02575,matched,200
SMP-01935,PRC-0084,REV-001374,31540.26,monetary_unit,EVD-02586|EVD-02587,matched,198
SMP-01936,PRC-0084,REV-014063,50881.55,monetary_unit,EVD-02588|EVD-02575,matched,196
SMP-01937,PRC-0084,REV-012916,45130.76,agent_proposed,EVD-02589|EVD-02590|EVD-02575,matched,201
SMP-01938,PRC-0084,REV-010856,11354.94,judgmental,EVD-02591|EVD-02575,matched,192
SMP-01939,PRC-0084,REV-003008,7472.25,agent_proposed,EVD-02592|EVD-02593|EVD-02575,matched,185
SMP-01940,PRC-0084,REV-001757,10847.75,random,EVD-02594|EVD-02595|EVD-02575,matched,180
SMP-01941,PRC-0084,REV-008974,183762.95,random,EVD-02596|EVD-02597,matched,202
SMP-01942,PRC-0084,REV-007482,25196.02,monetary_unit,EVD-02598|EVD-02575,matched,193
SMP-01943,PRC-0085,INV-008164,28901.08,random,EVD-02600,matched,152
SMP-01944,PRC-0085,INV-001787,3523.59,agent_proposed,EVD-02601|EVD-02602,matched,158
SMP-01945,PRC-0085,INV-017165,41507.14,agent_proposed,EVD-02603|EVD-02604|EVD-02599,matched,173
SMP-01946,PRC-0085,INV-004167,18228.74,monetary_unit,EVD-02605|EVD-02606,matched,154
SMP-01947,PRC-0085,INV-003358,15048.12,monetary_unit,EVD-02607|EVD-02608|EVD-02599,matched,163
SMP-01948,PRC-0085,INV-006226,117665.46,monetary_unit,EVD-02609,matched,166
SMP-01949,PRC-0085,INV-008135,102133.62,random,EVD-02610|EVD-02599,matched,154
SMP-01950,PRC-0085,INV-014369,40864.54,random,EVD-02611|EVD-02612|EVD-02599,matched,167
SMP-01951,PRC-0086,INV-006085,3571.72,agent_proposed,EVD-02615|EVD-02616|EVD-02613,matched,205
SMP-01952,PRC-0086,INV-002615,25990,random,EVD-02617|EVD-02618|EVD-02614,matched,185
SMP-01953,PRC-0086,INV-008565,18538.43,monetary_unit,EVD-02619|EVD-02620|EVD-02614,matched,189
SMP-01954,PRC-0086,INV-016357,11739.2,agent_proposed,EVD-02621,matched,203
SMP-01955,PRC-0086,INV-002256,3328.65,agent_proposed,EVD-02622|EVD-02623,matched,187
SMP-01956,PRC-0086,INV-008895,70536.96,random,EVD-02624|EVD-02614,matched,199
SMP-01957,PRC-0086,INV-003115,5741.83,agent_proposed,EVD-02625,matched,201
SMP-01958,PRC-0086,INV-014952,17711.82,agent_proposed,EVD-02626|EVD-02627,matched,200
SMP-01959,PRC-0086,INV-011109,88753.36,agent_proposed,EVD-02628|EVD-02629,matched,195
SMP-01960,PRC-0086,INV-001110,36897.35,agent_proposed,EVD-02630|EVD-02631|EVD-02613,matched,201
SMP-01961,PRC-0086,INV-000397,271767.62,agent_proposed,EVD-02632,matched,193
SMP-01962,PRC-0086,INV-001401,23064.5,agent_proposed,EVD-02633|EVD-02613,matched,191
SMP-01963,PRC-0086,INV-010755,58478.14,agent_proposed,EVD-02634,matched,189
SMP-01964,PRC-0086,INV-008444,17232.7,agent_proposed,EVD-02635|EVD-02614,matched,186
SMP-01965,PRC-0086,INV-000620,21616.87,judgmental,EVD-02636|EVD-02637|EVD-02614,matched,197
SMP-01966,PRC-0086,INV-013660,8700.32,random,EVD-02638|EVD-02639,matched,200
SMP-01967,PRC-0086,INV-014735,17681.63,agent_proposed,EVD-02640,matched,204
SMP-01968,PRC-0086,INV-010546,144265.17,agent_proposed,EVD-02641|EVD-02642|EVD-02613,matched,201
SMP-01969,PRC-0086,INV-003692,118976.93,judgmental,EVD-02643,matched,196
SMP-01970,PRC-0086,INV-017222,35020.8,random,EVD-02644|EVD-02645|EVD-02613,matched,187
SMP-01971,PRC-0086,INV-000408,39643.49,monetary_unit,EVD-02646|EVD-02647,matched,196
SMP-01972,PRC-0086,INV-014329,246619.2,agent_proposed,EVD-02648|EVD-02649,matched,191
SMP-01973,PRC-0086,INV-009692,34473.36,judgmental,EVD-02650|EVD-02613,matched,193
SMP-01974,PRC-0086,INV-003792,20924.51,random,EVD-02651|EVD-02652|EVD-02614,matched,192
SMP-01975,PRC-0086,INV-009843,14976.33,agent_proposed,EVD-02653|EVD-02654|EVD-02613,matched,192
SMP-01976,PRC-0086,INV-009673,7584.21,random,EVD-02655|EVD-02614,matched,189
SMP-01977,PRC-0086,INV-015238,64425.23,monetary_unit,EVD-02656|EVD-02657|EVD-02613,matched,190
SMP-01978,PRC-0086,INV-015802,8666.96,agent_proposed,EVD-02658|EVD-02613,matched,200
SMP-01979,PRC-0086,INV-006020,4395.68,agent_proposed,EVD-02659,matched,195
SMP-01980,PRC-0086,INV-007076,155997.58,judgmental,EVD-02660|EVD-02614,matched,196
SMP-01981,PRC-0086,INV-014070,63830.38,judgmental,EVD-02661|EVD-02662|EVD-02614,matched,199
SMP-01982,PRC-0086,INV-000244,4713.57,monetary_unit,EVD-02663|EVD-02664,matched,195
SMP-01983,PRC-0086,INV-007254,18078.76,agent_proposed,EVD-02665|EVD-02666,matched,194
SMP-01984,PRC-0087,INV-005836,9264.29,monetary_unit,EVD-02667,matched,183
SMP-01985,PRC-0087,INV-005017,41925.82,monetary_unit,EVD-02668|EVD-02669,matched,191
SMP-01986,PRC-0087,INV-007087,33881.18,random,EVD-02670,matched,186
SMP-01987,PRC-0087,INV-009535,10329.36,judgmental,EVD-02671,matched,190
SMP-01988,PRC-0087,INV-012097,3088.37,agent_proposed,EVD-02672|EVD-02673,matched,187
SMP-01989,PRC-0087,INV-015542,113845.15,agent_proposed,EVD-02674|EVD-02675,matched,183
SMP-01990,PRC-0087,INV-002050,34317.46,agent_proposed,EVD-02676|EVD-02677,matched,194
SMP-01991,PRC-0087,INV-009598,43386.95,agent_proposed,EVD-02678,matched,191
SMP-01992,PRC-0087,INV-004306,42833.64,random,EVD-02679|EVD-02680,matched,195
SMP-01993,PRC-0087,INV-010256,9688.98,agent_proposed,EVD-02681|EVD-02682,matched,188
SMP-01994,PRC-0087,INV-008998,7355.33,agent_proposed,EVD-02683|EVD-02684,matched,181
SMP-01995,PRC-0087,INV-013287,89468.11,agent_proposed,EVD-02685,matched,194
SMP-01996,PRC-0087,INV-006486,31593.29,agent_proposed,EVD-02686,exception,188
SMP-01997,PRC-0087,INV-008933,40489.93,random,EVD-02687,matched,187
SMP-01998,PRC-0087,INV-012012,21468.25,judgmental,EVD-02688|EVD-02689,matched,185
SMP-01999,PRC-0087,INV-003769,24447.66,agent_proposed,EVD-02690|EVD-02691,exception,190
SMP-02000,PRC-0087,INV-002473,112478.29,random,EVD-02692,matched,184
SMP-02001,PRC-0087,INV-013019,18091.47,random,EVD-02693|EVD-02694,matched,192
SMP-02002,PRC-0087,INV-006642,29441.07,agent_proposed,EVD-02695|EVD-02696,matched,184
SMP-02003,PRC-0087,INV-010877,29663.4,random,EVD-02697|EVD-02698,matched,188
SMP-02004,PRC-0087,INV-011470,69897.83,agent_proposed,EVD-02699|EVD-02700,matched,193
SMP-02005,PRC-0088,INV-015935,14057.82,agent_proposed,EVD-02703,matched,182
SMP-02006,PRC-0088,INV-014136,9483.54,agent_proposed,EVD-02704|EVD-02702,matched,181
SMP-02007,PRC-0088,INV-015206,38919.17,monetary_unit,EVD-02705|EVD-02701,matched,192
SMP-02008,PRC-0088,INV-012271,41985.42,agent_proposed,EVD-02706|EVD-02707|EVD-02701,matched,179
SMP-02009,PRC-0088,INV-013471,325476.22,agent_proposed,EVD-02708|EVD-02709,matched,198
SMP-02010,PRC-0088,INV-002419,25979.01,agent_proposed,EVD-02710|EVD-02702,matched,198
SMP-02011,PRC-0088,INV-002470,8151.9,agent_proposed,EVD-02711|EVD-02702,matched,188
SMP-02012,PRC-0088,INV-012329,1078.67,agent_proposed,EVD-02712|EVD-02713|EVD-02701,matched,193
SMP-02013,PRC-0088,INV-011984,48473.69,random,EVD-02714,matched,193
SMP-02014,PRC-0088,INV-004777,12808.13,monetary_unit,EVD-02715|EVD-02716|EVD-02702,matched,184
SMP-02015,PRC-0088,INV-013706,35596.36,agent_proposed,EVD-02717|EVD-02718,matched,186
SMP-02016,PRC-0088,INV-004505,27072.22,monetary_unit,EVD-02719|EVD-02702,matched,194
SMP-02017,PRC-0088,INV-011886,4394.33,monetary_unit,EVD-02720|EVD-02721|EVD-02702,matched,183
SMP-02018,PRC-0088,INV-016121,122309.39,agent_proposed,EVD-02722|EVD-02701,matched,192
SMP-02019,PRC-0088,INV-007255,30065.08,agent_proposed,EVD-02723|EVD-02701,matched,183
SMP-02020,PRC-0089,CSH-018341,67566.1,monetary_unit,EVD-02725|EVD-02726|EVD-02724,matched,161
SMP-02021,PRC-0089,CSH-020424,18879.92,judgmental,EVD-02727,matched,152
SMP-02022,PRC-0089,CSH-022674,66164.72,agent_proposed,EVD-02728|EVD-02724,matched,157
SMP-02023,PRC-0089,CSH-023036,4006.24,judgmental,EVD-02729|EVD-02730|EVD-02724,matched,164
SMP-02024,PRC-0089,CSH-002423,12681.19,random,EVD-02731,matched,160
SMP-02025,PRC-0090,CSH-031412,30195.27,random,EVD-02733|EVD-02732,matched,188
SMP-02026,PRC-0090,CSH-012669,123937.25,agent_proposed,EVD-02734|EVD-02735,matched,196
SMP-02027,PRC-0090,CSH-014638,16112.91,judgmental,EVD-02736|EVD-02737,matched,193
SMP-02028,PRC-0090,CSH-007457,29075.71,judgmental,EVD-02738|EVD-02739|EVD-02732,matched,182
SMP-02029,PRC-0090,CSH-015574,60075.16,random,EVD-02740|EVD-02741,matched,194
SMP-02030,PRC-0090,CSH-014075,46589.28,agent_proposed,EVD-02742|EVD-02743,matched,188
SMP-02031,PRC-0090,CSH-015513,15320.21,judgmental,EVD-02744,matched,191
SMP-02032,PRC-0090,CSH-017246,132124.34,agent_proposed,EVD-02745,matched,201
SMP-02033,PRC-0090,CSH-002427,92653.13,agent_proposed,EVD-02746|EVD-02732,matched,193
SMP-02034,PRC-0090,CSH-028220,141535.61,random,EVD-02747,matched,183
SMP-02035,PRC-0090,CSH-002549,27296.33,monetary_unit,EVD-02748,matched,193
SMP-02036,PRC-0090,CSH-001074,20130.84,random,EVD-02749|EVD-02750|EVD-02732,matched,188
SMP-02037,PRC-0090,CSH-004169,3484.07,agent_proposed,EVD-02751|EVD-02732,matched,181
SMP-02038,PRC-0090,CSH-004065,72667.04,judgmental,EVD-02752|EVD-02732,matched,196
SMP-02039,PRC-0090,CSH-026514,12709.72,monetary_unit,EVD-02753,matched,185
SMP-02040,PRC-0090,CSH-014381,29091.89,agent_proposed,EVD-02754|EVD-02755,matched,183
SMP-02041,PRC-0090,CSH-029255,3157.93,judgmental,EVD-02756|EVD-02757|EVD-02732,matched,199
SMP-02042,PRC-0090,CSH-024592,45929.86,agent_proposed,EVD-02758|EVD-02732,matched,187
SMP-02043,PRC-0090,CSH-005556,89365.14,agent_proposed,EVD-02759|EVD-02760|EVD-02732,matched,200
SMP-02044,PRC-0090,CSH-002453,3432.73,monetary_unit,EVD-02761|EVD-02762|EVD-02732,matched,201
SMP-02045,PRC-0090,CSH-017368,9405.1,agent_proposed,EVD-02763|EVD-02764|EVD-02732,matched,196
SMP-02046,PRC-0090,CSH-024786,27925.42,random,EVD-02765|EVD-02766|EVD-02732,matched,194
SMP-02047,PRC-0090,CSH-026663,38911.84,random,EVD-02767|EVD-02768,matched,198
SMP-02048,PRC-0090,CSH-014411,6041.87,monetary_unit,EVD-02769|EVD-02732,matched,185
SMP-02049,PRC-0090,CSH-022721,16071.5,monetary_unit,EVD-02770|EVD-02771|EVD-02732,matched,198
SMP-02050,PRC-0090,CSH-014108,15217.44,monetary_unit,EVD-02772|EVD-02773,matched,186
SMP-02051,PRC-0090,CSH-020013,25464.08,monetary_unit,EVD-02774|EVD-02775|EVD-02732,matched,191
SMP-02052,PRC-0090,CSH-006436,5255.5,random,EVD-02776|EVD-02732,matched,195
SMP-02053,PRC-0090,CSH-017107,35815.45,judgmental,EVD-02777|EVD-02778,matched,182
SMP-02054,PRC-0090,CSH-020286,16257.73,agent_proposed,EVD-02779|EVD-02732,matched,184
SMP-02055,PRC-0090,CSH-020239,33508.2,agent_proposed,EVD-02780|EVD-02732,matched,198
SMP-02056,PRC-0090,CSH-033492,18774.21,random,EVD-02781,matched,192
SMP-02057,PRC-0090,CSH-017661,19934.32,judgmental,EVD-02782|EVD-02783,matched,194
SMP-02058,PRC-0090,CSH-005421,14970.31,random,EVD-02784|EVD-02785|EVD-02732,matched,184
SMP-02059,PRC-0091,CSH-001302,7580.46,judgmental,EVD-02787,matched,169
SMP-02060,PRC-0091,CSH-007318,8522,agent_proposed,EVD-02788|EVD-02786,matched,187
SMP-02061,PRC-0091,CSH-015838,36902.07,monetary_unit,EVD-02789|EVD-02790|EVD-02786,matched,172
SMP-02062,PRC-0091,CSH-002933,12795.31,agent_proposed,EVD-02791|EVD-02792|EVD-02786,matched,173
SMP-02063,PRC-0091,CSH-026574,72488.66,random,EVD-02793|EVD-02794|EVD-02786,matched,189
SMP-02064,PRC-0091,CSH-033030,13761.95,agent_proposed,EVD-02795|EVD-02796,exception,164
SMP-02065,PRC-0091,CSH-027790,97018.32,agent_proposed,EVD-02797,matched,185
SMP-02066,PRC-0091,CSH-017723,43606.87,random,EVD-02798|EVD-02786,matched,167
SMP-02067,PRC-0091,CSH-023542,20571.76,monetary_unit,EVD-02799,matched,165
SMP-02068,PRC-0091,CSH-008269,12086.48,agent_proposed,EVD-02800|EVD-02801|EVD-02786,unresolved,167
SMP-02069,PRC-0091,CSH-006978,10753.18,random,EVD-02802|EVD-02786,matched,165
SMP-02070,PRC-0091,CSH-030662,33018.72,agent_proposed,EVD-02803|EVD-02786,matched,180
SMP-02071,PRC-0091,CSH-017077,72587.71,agent_proposed,EVD-02804|EVD-02805|EVD-02786,matched,186
SMP-02072,PRC-0091,CSH-027602,235639.99,random,EVD-02806,matched,165
SMP-02073,PRC-0091,CSH-015529,13598.33,monetary_unit,EVD-02807|EVD-02786,matched,171
SMP-02074,PRC-0091,CSH-023494,383164.52,agent_proposed,EVD-02808,matched,184
SMP-02075,PRC-0091,CSH-022995,53962.05,judgmental,EVD-02809|EVD-02786,matched,167
SMP-02076,PRC-0091,CSH-012714,34367.58,monetary_unit,EVD-02810|EVD-02811,matched,185
SMP-02077,PRC-0091,CSH-002054,1776.12,random,EVD-02812|EVD-02813,matched,168
SMP-02078,PRC-0091,CSH-030005,94488.56,monetary_unit,EVD-02814,matched,188
SMP-02079,PRC-0091,CSH-022817,5360.75,agent_proposed,EVD-02815|EVD-02786,matched,174
SMP-02080,PRC-0091,CSH-013174,19630.03,monetary_unit,EVD-02816|EVD-02817,matched,181
SMP-02081,PRC-0091,CSH-032912,37010.96,agent_proposed,EVD-02818|EVD-02819|EVD-02786,exception,182
SMP-02082,PRC-0091,CSH-019990,32623.08,agent_proposed,EVD-02820|EVD-02821,matched,185
SMP-02083,PRC-0091,CSH-026942,20844.72,random,EVD-02822,matched,165
SMP-02084,PRC-0091,CSH-005454,35159.56,agent_proposed,EVD-02823|EVD-02824,matched,189
SMP-02085,PRC-0091,CSH-010727,18772.24,agent_proposed,EVD-02825,matched,176
SMP-02086,PRC-0091,CSH-018635,4358.36,monetary_unit,EVD-02826|EVD-02786,matched,184
SMP-02087,PRC-0091,CSH-000502,9004.91,agent_proposed,EVD-02827|EVD-02828,exception,174
SMP-02088,PRC-0091,CSH-001665,4539.87,agent_proposed,EVD-02829|EVD-02830,matched,177
SMP-02089,PRC-0091,CSH-009855,53054.18,random,EVD-02831|EVD-02832|EVD-02786,matched,173
SMP-02090,PRC-0091,CSH-027458,107793.61,agent_proposed,EVD-02833|EVD-02786,matched,188
SMP-02091,PRC-0091,CSH-030232,18072.61,judgmental,EVD-02834|EVD-02835|EVD-02786,matched,183
SMP-02092,PRC-0091,CSH-018432,8731.04,judgmental,EVD-02836|EVD-02837|EVD-02786,matched,190
SMP-02093,PRC-0091,CSH-007213,2585.27,agent_proposed,EVD-02838|EVD-02839|EVD-02786,matched,185
SMP-02094,PRC-0091,CSH-000294,92476.25,agent_proposed,EVD-02840|EVD-02841|EVD-02786,matched,164
SMP-02095,PRC-0091,CSH-022296,4187.2,agent_proposed,EVD-02842|EVD-02843,matched,177
SMP-02096,PRC-0091,CSH-025153,7346.04,random,EVD-02844,exception,183
SMP-02097,PRC-0091,CSH-010944,21939.89,monetary_unit,EVD-02845|EVD-02786,matched,164
SMP-02098,PRC-0091,CSH-017748,34344.32,monetary_unit,EVD-02846,matched,170
SMP-02099,PRC-0091,CSH-027868,18986.19,monetary_unit,EVD-02847,matched,186
SMP-02100,PRC-0091,CSH-016074,20697.04,monetary_unit,EVD-02848|EVD-02849,matched,174
SMP-02101,PRC-0091,CSH-024153,7542.09,random,EVD-02850|EVD-02851|EVD-02786,matched,172
SMP-02102,PRC-0091,CSH-033084,54429.86,random,EVD-02852|EVD-02853|EVD-02786,matched,175
SMP-02103,PRC-0091,CSH-008884,20950.1,random,EVD-02854|EVD-02855,matched,177
SMP-02104,PRC-0091,CSH-022485,737218.99,agent_proposed,EVD-02856|EVD-02857|EVD-02786,matched,175
SMP-02105,PRC-0092,CSH-015382,67595.87,agent_proposed,EVD-02861,matched,167
SMP-02106,PRC-0092,CSH-032731,94122.05,random,EVD-02862|EVD-02863,matched,149
SMP-02107,PRC-0092,CSH-014325,11559.39,monetary_unit,EVD-02864,matched,149
SMP-02108,PRC-0092,CSH-012830,54534.72,judgmental,EVD-02865|EVD-02866,matched,150
SMP-02109,PRC-0092,CSH-007090,9964.55,random,EVD-02867,matched,169
SMP-02110,PRC-0092,CSH-012500,18901.88,random,EVD-02868,matched,151
SMP-02111,PRC-0092,CSH-002327,9318.12,monetary_unit,EVD-02869|EVD-02870|EVD-02859,matched,157
SMP-02112,PRC-0092,CSH-012460,111281.26,agent_proposed,EVD-02871|EVD-02872,matched,150
SMP-02113,PRC-0092,CSH-003967,156421.82,agent_proposed,EVD-02873,matched,162
SMP-02114,PRC-0092,CSH-020282,39420.48,monetary_unit,EVD-02874|EVD-02875|EVD-02860,matched,158
SMP-02115,PRC-0092,CSH-019853,35032.91,monetary_unit,EVD-02876|EVD-02877,matched,160
SMP-02116,PRC-0092,CSH-007390,7028.61,random,EVD-02878|EVD-02879,matched,167
SMP-02117,PRC-0092,CSH-008982,36796.93,judgmental,EVD-02880,matched,171
SMP-02118,PRC-0092,CSH-009651,3969.95,monetary_unit,EVD-02881|EVD-02859,matched,151
SMP-02119,PRC-0092,CSH-024740,10495.29,monetary_unit,EVD-02882|EVD-02883|EVD-02860,matched,160
SMP-02120,PRC-0092,CSH-014249,11447,random,EVD-02884|EVD-02885|EVD-02860,matched,172
SMP-02121,PRC-0092,CSH-007786,10609.51,agent_proposed,EVD-02886|EVD-02860,exception,156
SMP-02122,PRC-0092,CSH-002045,19875.39,random,EVD-02887|EVD-02888,matched,162
SMP-02123,PRC-0092,CSH-009359,61684.17,random,EVD-02889|EVD-02890,matched,162
SMP-02124,PRC-0092,CSH-008228,35993.34,judgmental,EVD-02891|EVD-02892|EVD-02860,matched,155
SMP-02125,PRC-0092,CSH-029496,156098.86,agent_proposed,EVD-02893,matched,162
SMP-02126,PRC-0092,CSH-015207,7936.35,monetary_unit,EVD-02894|EVD-02895,exception,164
SMP-02127,PRC-0092,CSH-023701,95689.45,agent_proposed,EVD-02896,matched,156
SMP-02128,PRC-0092,CSH-004488,33812.43,monetary_unit,EVD-02897|EVD-02898,matched,154
SMP-02129,PRC-0092,CSH-006625,17634.18,monetary_unit,EVD-02899,matched,164
SMP-02130,PRC-0092,CSH-019342,12968.51,monetary_unit,EVD-02900|EVD-02860,matched,168
SMP-02131,PRC-0092,CSH-018786,17942.91,random,EVD-02901|EVD-02902|EVD-02860,matched,169
SMP-02132,PRC-0093,FXA-000107,117407.57,random,EVD-02904|EVD-02903,matched,164
SMP-02133,PRC-0093,FXA-000697,14323.73,agent_proposed,EVD-02905|EVD-02906|EVD-02903,matched,152
SMP-02134,PRC-0093,FXA-000616,22287.84,agent_proposed,EVD-02907|EVD-02903,exception,169
SMP-02135,PRC-0093,FXA-000488,44716.96,judgmental,EVD-02908|EVD-02903,matched,155
SMP-02136,PRC-0093,FXA-000359,50027.25,agent_proposed,EVD-02909|EVD-02910,matched,163
SMP-02137,PRC-0093,FXA-000244,45945.43,monetary_unit,EVD-02911|EVD-02903,exception,164
SMP-02138,PRC-0093,FXA-000817,28009.07,random,EVD-02912|EVD-02913,matched,161
SMP-02139,PRC-0094,FXA-000644,20834.82,agent_proposed,EVD-02914,matched,169
SMP-02140,PRC-0094,FXA-000703,69229.71,monetary_unit,EVD-02915|EVD-02916,matched,154
SMP-02141,PRC-0094,FXA-000836,30295.07,random,EVD-02917,matched,172
SMP-02142,PRC-0094,FXA-000214,51237.93,judgmental,EVD-02918|EVD-02919,matched,155
SMP-02143,PRC-0094,FXA-000544,14969.54,random,EVD-02920,matched,171
SMP-02144,PRC-0094,FXA-000151,62944.44,agent_proposed,EVD-02921,matched,157
SMP-02145,PRC-0094,FXA-000168,16003.37,agent_proposed,EVD-02922,exception,170
SMP-02146,PRC-0094,FXA-000334,9467.9,monetary_unit,EVD-02923,matched,156
SMP-02147,PRC-0094,FXA-000700,8220.62,random,EVD-02924|EVD-02925,matched,158
SMP-02148,PRC-0094,FXA-000210,26300.11,agent_proposed,EVD-02926,matched,155
SMP-02149,PRC-0094,FXA-000233,7548.06,random,EVD-02927|EVD-02928,matched,160
SMP-02150,PRC-0094,FXA-000502,18957.9,monetary_unit,EVD-02929|EVD-02930,matched,159
SMP-02151,PRC-0094,FXA-000809,18039.88,judgmental,EVD-02931|EVD-02932,matched,161
SMP-02152,PRC-0094,FXA-000820,27853.36,judgmental,EVD-02933,matched,158
SMP-02153,PRC-0094,FXA-000425,21784.51,random,EVD-02934|EVD-02935,matched,155
SMP-02154,PRC-0094,FXA-000677,14190.38,agent_proposed,EVD-02936,matched,169
SMP-02155,PRC-0094,FXA-000178,105605.16,random,EVD-02937,exception,153
SMP-02156,PRC-0094,FXA-000624,6393.14,monetary_unit,EVD-02938|EVD-02939,matched,162
SMP-02157,PRC-0094,FXA-000644,15633.75,monetary_unit,EVD-02940,matched,158
SMP-02158,PRC-0094,FXA-000276,37232.51,random,EVD-02941,matched,172
SMP-02159,PRC-0094,FXA-000154,9566.14,monetary_unit,EVD-02942,matched,160
SMP-02160,PRC-0094,FXA-000731,26372.42,random,EVD-02943|EVD-02944,matched,153
SMP-02161,PRC-0094,FXA-000595,24372.01,agent_proposed,EVD-02945,matched,170
SMP-02162,PRC-0094,FXA-000171,38639.35,agent_proposed,EVD-02946,matched,166
SMP-02163,PRC-0094,FXA-000435,46661.07,monetary_unit,EVD-02947|EVD-02948,matched,171
SMP-02164,PRC-0095,FXA-000823,13045.47,random,EVD-02950,matched,190
SMP-02165,PRC-0095,FXA-000293,21706.11,agent_proposed,EVD-02949,matched,203
SMP-02166,PRC-0095,FXA-000109,29911.72,judgmental,EVD-02950,matched,203
SMP-02167,PRC-0095,FXA-000013,6423.89,random,EVD-02949,matched,183
SMP-02168,PRC-0095,FXA-000698,10976.22,random,EVD-02949,matched,201
SMP-02169,PRC-0095,FXA-000424,31541.46,agent_proposed,EVD-02950,matched,188
SMP-02170,PRC-0095,FXA-000700,39571.5,agent_proposed,EVD-02949,exception,181
SMP-02171,PRC-0095,FXA-000162,3069.6,judgmental,EVD-02950,matched,202
SMP-02172,PRC-0095,FXA-000528,44909.25,judgmental,EVD-02949,matched,191
SMP-02173,PRC-0095,FXA-000428,6526.52,monetary_unit,EVD-02949,matched,182
SMP-02174,PRC-0095,FXA-000337,26708.36,monetary_unit,EVD-02949,exception,182
SMP-02175,PRC-0095,FXA-000790,8203.87,random,EVD-02950,matched,191
SMP-02176,PRC-0095,FXA-000128,66366.93,agent_proposed,EVD-02950,matched,197
SMP-02177,PRC-0095,FXA-000161,9326.7,random,EVD-02950,matched,179
SMP-02178,PRC-0095,FXA-000321,84762.68,random,EVD-02950,matched,193
SMP-02179,PRC-0095,FXA-000691,183099.72,agent_proposed,EVD-02950,matched,194
SMP-02180,PRC-0095,FXA-000618,56003.91,random,EVD-02950,exception,195
SMP-02181,PRC-0095,FXA-000228,51648.69,judgmental,EVD-02949,matched,181
SMP-02182,PRC-0095,FXA-000595,3994.96,monetary_unit,EVD-02950,matched,184
SMP-02183,PRC-0095,FXA-000205,75546.65,agent_proposed,EVD-02950,matched,184
SMP-02184,PRC-0095,FXA-000414,70684.07,agent_proposed,EVD-02950,matched,201
SMP-02185,PRC-0095,FXA-000543,101723.12,agent_proposed,EVD-02949,matched,182
SMP-02186,PRC-0095,FXA-000094,3864.07,agent_proposed,EVD-02949,matched,192
SMP-02187,PRC-0095,FXA-000318,18686.92,agent_proposed,EVD-02949,matched,183
SMP-02188,PRC-0095,FXA-000581,44259.62,random,EVD-02949,matched,201
SMP-02189,PRC-0095,FXA-000862,87376.33,random,EVD-02949,exception,202
SMP-02190,PRC-0095,FXA-000470,17178.81,random,EVD-02950,matched,187
SMP-02191,PRC-0095,FXA-000612,8983.86,random,EVD-02950,matched,185
SMP-02192,PRC-0095,FXA-000002,38115.85,monetary_unit,EVD-02949,exception,190
SMP-02193,PRC-0095,FXA-000279,44390.47,agent_proposed,EVD-02950,matched,179
SMP-02194,PRC-0095,FXA-000011,11868.47,random,EVD-02949,matched,188
SMP-02195,PRC-0095,FXA-000703,2857.86,judgmental,EVD-02950,matched,193
SMP-02196,PRC-0095,FXA-000520,44288.66,monetary_unit,EVD-02949,matched,188
SMP-02197,PRC-0096,FXA-000538,23814.45,monetary_unit,EVD-02954|EVD-02952,matched,187
SMP-02198,PRC-0096,FXA-000331,2288.79,agent_proposed,EVD-02955|EVD-02956|EVD-02952,matched,176
SMP-02199,PRC-0096,FXA-000356,5722.2,random,EVD-02957|EVD-02953,matched,191
SMP-02200,PRC-0096,FXA-000852,11226.83,monetary_unit,EVD-02958|EVD-02959,matched,184
SMP-02201,PRC-0096,FXA-000022,6823.44,agent_proposed,EVD-02960,matched,184
SMP-02202,PRC-0096,FXA-000592,6798.53,agent_proposed,EVD-02961|EVD-02952,matched,194
SMP-02203,PRC-0096,FXA-000709,26781.49,random,EVD-02962|EVD-02953,matched,172
SMP-02204,PRC-0096,FXA-000131,9380.48,random,EVD-02963|EVD-02953,matched,194
SMP-02205,PRC-0096,FXA-000197,12190.34,random,EVD-02964|EVD-02965|EVD-02951,matched,191
SMP-02206,PRC-0096,FXA-000267,13390.08,agent_proposed,EVD-02966|EVD-02967|EVD-02951,matched,195
SMP-02207,PRC-0096,FXA-000521,12122.92,monetary_unit,EVD-02968|EVD-02969,matched,196
SMP-02208,PRC-0096,FXA-000784,20897.71,random,EVD-02970,matched,195
SMP-02209,PRC-0096,FXA-000882,13090.44,judgmental,EVD-02971|EVD-02953,matched,174
SMP-02210,PRC-0096,FXA-000577,5650.66,agent_proposed,EVD-02972|EVD-02973|EVD-02953,matched,174
SMP-02211,PRC-0096,FXA-000575,87733.74,monetary_unit,EVD-02974|EVD-02975|EVD-02953,matched,193
SMP-02212,PRC-0096,FXA-000092,11058.2,monetary_unit,EVD-02976|EVD-02977,matched,196
SMP-02213,PRC-0096,FXA-000686,5647.76,agent_proposed,EVD-02978|EVD-02979|EVD-02953,matched,180
SMP-02214,PRC-0096,FXA-000268,121255.09,agent_proposed,EVD-02980|EVD-02981,matched,172
SMP-02215,PRC-0096,FXA-000202,57243.96,judgmental,EVD-02982,matched,181
SMP-02216,PRC-0096,FXA-000168,18753.28,agent_proposed,EVD-02983|EVD-02984|EVD-02952,matched,194
SMP-02217,PRC-0096,FXA-000547,8651.97,agent_proposed,EVD-02985|EVD-02986|EVD-02952,matched,171
SMP-02218,PRC-0096,FXA-000336,19581.98,agent_proposed,EVD-02987|EVD-02988|EVD-02952,exception,191
SMP-02219,PRC-0096,FXA-000227,20766.88,random,EVD-02989|EVD-02990,matched,181
SMP-02220,PRC-0097,PAY-017606,14597.31,agent_proposed,EVD-02993|EVD-02994,matched,167
SMP-02221,PRC-0097,PAY-007040,74869.14,judgmental,EVD-02995|EVD-02996,matched,151
SMP-02222,PRC-0097,PAY-005248,40950.42,judgmental,EVD-02997|EVD-02998,matched,165
SMP-02223,PRC-0097,PAY-007609,84627.73,agent_proposed,EVD-02999|EVD-03000|EVD-02991,matched,154
SMP-02224,PRC-0097,PAY-000181,28738.5,monetary_unit,EVD-03001,matched,160
SMP-02225,PRC-0097,PAY-011934,44463.86,random,EVD-03002|EVD-03003|EVD-02991,matched,159
SMP-02226,PRC-0097,PAY-023099,8814.2,agent_proposed,EVD-03004|EVD-03005|EVD-02991,matched,165
SMP-02227,PRC-0097,PAY-015372,21936.45,random,EVD-03006|EVD-03007,matched,152
SMP-02228,PRC-0098,PAY-013834,12664.61,random,EVD-03009|EVD-03010|EVD-03008,matched,201
SMP-02229,PRC-0098,PAY-013709,68563.18,agent_proposed,EVD-03011|EVD-03012,matched,221
SMP-02230,PRC-0098,PAY-019576,14504.25,monetary_unit,EVD-03013|EVD-03014,matched,195
SMP-02231,PRC-0098,PAY-012243,12869.26,monetary_unit,EVD-03015,exception,208
SMP-02232,PRC-0098,PAY-009159,37289.08,random,EVD-03016|EVD-03008,exception,197
SMP-02233,PRC-0098,PAY-018082,89430.29,monetary_unit,EVD-03017,matched,219
SMP-02234,PRC-0098,PAY-009939,40826.72,judgmental,EVD-03018,matched,204
SMP-02235,PRC-0098,PAY-021314,58345.31,random,EVD-03019|EVD-03008,matched,202
SMP-02236,PRC-0098,PAY-001237,298482.02,random,EVD-03020|EVD-03021,matched,215
SMP-02237,PRC-0098,PAY-002146,20974.68,agent_proposed,EVD-03022|EVD-03008,matched,221
SMP-02238,PRC-0098,PAY-006440,54243.52,monetary_unit,EVD-03023,matched,198
SMP-02239,PRC-0098,PAY-014071,5759.45,monetary_unit,EVD-03024|EVD-03025,matched,202
SMP-02240,PRC-0098,PAY-010689,78667.36,agent_proposed,EVD-03026|EVD-03008,exception,194
SMP-02241,PRC-0098,PAY-003704,76402.16,random,EVD-03027|EVD-03028,matched,205
SMP-02242,PRC-0098,PAY-005582,11218.51,monetary_unit,EVD-03029|EVD-03008,exception,199
SMP-02243,PRC-0098,PAY-018589,39655,monetary_unit,EVD-03030|EVD-03031,matched,206
SMP-02244,PRC-0098,PAY-015371,14637.5,monetary_unit,EVD-03032|EVD-03033,matched,210
SMP-02245,PRC-0098,PAY-006063,15850.06,agent_proposed,EVD-03034|EVD-03035,matched,202
SMP-02246,PRC-0098,PAY-003189,9206.47,random,EVD-03036,matched,218
SMP-02247,PRC-0098,PAY-011218,26540.83,judgmental,EVD-03037,matched,215
SMP-02248,PRC-0098,PAY-007542,135659.39,random,EVD-03038|EVD-03039|EVD-03008,matched,205
SMP-02249,PRC-0098,PAY-020115,99991.44,agent_proposed,EVD-03040|EVD-03041|EVD-03008,matched,210
SMP-02250,PRC-0098,PAY-001640,21349.39,random,EVD-03042,matched,215
SMP-02251,PRC-0098,PAY-008868,83201.87,judgmental,EVD-03043,matched,209
SMP-02252,PRC-0098,PAY-009724,68635.02,monetary_unit,EVD-03044,matched,204
SMP-02253,PRC-0098,PAY-013650,18921.18,agent_proposed,EVD-03045,matched,196
SMP-02254,PRC-0098,PAY-019880,3656.28,agent_proposed,EVD-03046|EVD-03047|EVD-03008,exception,206
SMP-02255,PRC-0099,PAY-004283,16692.31,judgmental,EVD-03048|EVD-03049,matched,190
SMP-02256,PRC-0099,PAY-016238,49312.2,agent_proposed,EVD-03050|EVD-03051,matched,195
SMP-02257,PRC-0099,PAY-015978,6062.18,random,EVD-03052|EVD-03053,matched,205
SMP-02258,PRC-0099,PAY-020238,12128.08,judgmental,EVD-03054,matched,192
SMP-02259,PRC-0099,PAY-012839,1596.8,agent_proposed,EVD-03055|EVD-03056,matched,185
SMP-02260,PRC-0099,PAY-005722,117264.91,monetary_unit,EVD-03057|EVD-03058,matched,191
SMP-02261,PRC-0099,PAY-006291,2035.87,judgmental,EVD-03059|EVD-03060,matched,194
SMP-02262,PRC-0099,PAY-004146,67741.2,judgmental,EVD-03061,matched,200
SMP-02263,PRC-0099,PAY-014001,70955.62,agent_proposed,EVD-03062,matched,202
SMP-02264,PRC-0099,PAY-012981,3756.07,monetary_unit,EVD-03063,matched,191
SMP-02265,PRC-0099,PAY-010702,30441.55,random,EVD-03064|EVD-03065,matched,197
SMP-02266,PRC-0099,PAY-010662,6342.57,agent_proposed,EVD-03066|EVD-03067,matched,192
SMP-02267,PRC-0099,PAY-016506,51658.66,agent_proposed,EVD-03068,matched,203
SMP-02268,PRC-0099,PAY-010005,267128.71,random,EVD-03069,matched,205
SMP-02269,PRC-0099,PAY-019616,15914.65,judgmental,EVD-03070|EVD-03071,unresolved,201
SMP-02270,PRC-0099,PAY-011054,22097.68,random,EVD-03072|EVD-03073,matched,195
SMP-02271,PRC-0099,PAY-007475,49540.28,monetary_unit,EVD-03074,matched,195
SMP-02272,PRC-0099,PAY-020866,94481.47,judgmental,EVD-03075,matched,191
SMP-02273,PRC-0099,PAY-011644,78231.37,agent_proposed,EVD-03076|EVD-03077,matched,192
SMP-02274,PRC-0099,PAY-007979,21488.21,agent_proposed,EVD-03078,matched,205
SMP-02275,PRC-0099,PAY-001982,81391.59,judgmental,EVD-03079,matched,206
SMP-02276,PRC-0099,PAY-007209,48046.77,agent_proposed,EVD-03080|EVD-03081,matched,197
SMP-02277,PRC-0099,PAY-007668,11118.74,monetary_unit,EVD-03082|EVD-03083,matched,190
SMP-02278,PRC-0099,PAY-018127,4905.63,monetary_unit,EVD-03084|EVD-03085,matched,185
SMP-02279,PRC-0099,PAY-021282,7178.58,agent_proposed,EVD-03086,matched,195
SMP-02280,PRC-0099,PAY-003629,64503.23,judgmental,EVD-03087|EVD-03088,matched,189
SMP-02281,PRC-0099,PAY-024040,130990.63,monetary_unit,EVD-03089,unresolved,190
SMP-02282,PRC-0099,PAY-022475,7048.19,random,EVD-03090,matched,189
SMP-02283,PRC-0099,PAY-005097,97428.59,monetary_unit,EVD-03091|EVD-03092,matched,200
SMP-02284,PRC-0099,PAY-009936,15485.37,agent_proposed,EVD-03093|EVD-03094,matched,190
SMP-02285,PRC-0099,PAY-010202,162614.12,random,EVD-03095,matched,205
SMP-02286,PRC-0099,PAY-008574,1509.61,random,EVD-03096,matched,198
SMP-02287,PRC-0099,PAY-017839,10865.01,agent_proposed,EVD-03097,matched,199
SMP-02288,PRC-0099,PAY-011671,136754.29,agent_proposed,EVD-03098|EVD-03099,matched,202
SMP-02289,PRC-0099,PAY-001892,17154.7,monetary_unit,EVD-03100|EVD-03101,matched,187
SMP-02290,PRC-0099,PAY-001912,8183.01,random,EVD-03102,exception,202
SMP-02291,PRC-0099,PAY-015653,5725.86,agent_proposed,EVD-03103,matched,202
SMP-02292,PRC-0099,PAY-020284,5191.39,random,EVD-03104,unresolved,185
SMP-02293,PRC-0099,PAY-020466,353046.04,agent_proposed,EVD-03105,matched,193
SMP-02294,PRC-0099,PAY-012251,8783.43,random,EVD-03106|EVD-03107,matched,194
SMP-02295,PRC-0099,PAY-015618,164300.87,random,EVD-03108,unresolved,193
SMP-02296,PRC-0099,PAY-003621,52529.14,monetary_unit,EVD-03109,matched,192
SMP-02297,PRC-0099,PAY-018899,33604.32,agent_proposed,EVD-03110,matched,197
SMP-02298,PRC-0099,PAY-011724,7825.08,agent_proposed,EVD-03111|EVD-03112,matched,185
SMP-02299,PRC-0099,PAY-002201,19594.67,random,EVD-03113|EVD-03114,matched,188
SMP-02300,PRC-0100,PAY-010368,2294.66,agent_proposed,EVD-03117|EVD-03115,matched,174
SMP-02301,PRC-0100,PAY-007748,10532.67,agent_proposed,EVD-03118|EVD-03116,matched,184
SMP-02302,PRC-0100,PAY-011750,2972.55,judgmental,EVD-03119,matched,178
SMP-02303,PRC-0100,PAY-024010,58946.6,random,EVD-03120,matched,182
SMP-02304,PRC-0100,PAY-020310,24999.61,agent_proposed,EVD-03121|EVD-03116,matched,171
SMP-02305,PRC-0100,PAY-007330,28573.11,random,EVD-03122,matched,184
SMP-02306,PRC-0100,PAY-020851,6111.39,random,EVD-03123|EVD-03116,matched,177
SMP-02307,PRC-0100,PAY-003674,60215.39,monetary_unit,EVD-03124|EVD-03115,matched,180
SMP-02308,PRC-0100,PAY-015614,49399.32,agent_proposed,EVD-03125,matched,181
SMP-02309,PRC-0100,PAY-017887,22263.4,agent_proposed,EVD-03126,matched,183
SMP-02310,PRC-0100,PAY-021930,34974.8,random,EVD-03127|EVD-03116,matched,179
SMP-02311,PRC-0100,PAY-006594,57067.87,random,EVD-03128,matched,176
SMP-02312,PRC-0100,PAY-006053,137293.95,random,EVD-03129,matched,169
SMP-02313,PRC-0101,REV-031850,16230.18,agent_proposed,EVD-03133,matched,176
SMP-02314,PRC-0101,REV-031797,1857.64,random,EVD-03134|EVD-03131,matched,177
SMP-02315,PRC-0101,REV-029496,185218.03,monetary_unit,EVD-03135|EVD-03132,matched,193
SMP-02316,PRC-0101,REV-053204,64146.15,random,EVD-03136|EVD-03131,matched,177
SMP-02317,PRC-0101,REV-042181,5568.88,monetary_unit,EVD-03137|EVD-03138,matched,190
SMP-02318,PRC-0102,REV-046405,81846.94,agent_proposed,EVD-03139,matched,222
SMP-02319,PRC-0102,REV-015430,4459.47,monetary_unit,EVD-03140|EVD-03141,matched,217
SMP-02320,PRC-0102,REV-027863,1222.39,monetary_unit,EVD-03142|EVD-03143,matched,230
SMP-02321,PRC-0102,REV-004106,47943.83,agent_proposed,EVD-03144|EVD-03145,matched,230
SMP-02322,PRC-0102,REV-044780,11692.13,agent_proposed,EVD-03146,matched,223
SMP-02323,PRC-0102,REV-033722,56131.06,agent_proposed,EVD-03147,matched,232
SMP-02324,PRC-0102,REV-028680,4819.96,agent_proposed,EVD-03148,matched,235
SMP-02325,PRC-0102,REV-001922,158897.02,random,EVD-03149,matched,238
SMP-02326,PRC-0102,REV-013547,109341.37,agent_proposed,EVD-03150|EVD-03151,unresolved,236
SMP-02327,PRC-0102,REV-012191,96861.99,random,EVD-03152|EVD-03153,matched,238
SMP-02328,PRC-0102,REV-010056,16063.35,agent_proposed,EVD-03154,unresolved,230
SMP-02329,PRC-0102,REV-008086,19630.46,random,EVD-03155,matched,213
SMP-02330,PRC-0102,REV-050834,66283.73,agent_proposed,EVD-03156,matched,230
SMP-02331,PRC-0102,REV-026030,4343.17,agent_proposed,EVD-03157|EVD-03158,matched,229
SMP-02332,PRC-0102,REV-039205,53158.74,random,EVD-03159|EVD-03160,matched,235
SMP-02333,PRC-0102,REV-006000,3223.83,monetary_unit,EVD-03161,matched,223
SMP-02334,PRC-0102,REV-041054,3900.86,monetary_unit,EVD-03162,matched,235
SMP-02335,PRC-0102,REV-006648,30783.83,random,EVD-03163|EVD-03164,matched,231
SMP-02336,PRC-0102,REV-013266,14036.2,agent_proposed,EVD-03165,matched,216
SMP-02337,PRC-0102,REV-041815,30927.45,agent_proposed,EVD-03166|EVD-03167,matched,241
SMP-02338,PRC-0102,REV-052291,20541.44,monetary_unit,EVD-03168,matched,225
SMP-02339,PRC-0103,REV-007062,23431.48,monetary_unit,EVD-03169|EVD-03170,matched,222
SMP-02340,PRC-0103,REV-022275,36219.67,judgmental,EVD-03171,matched,218
SMP-02341,PRC-0103,REV-031198,23425.2,agent_proposed,EVD-03172|EVD-03173,matched,218
SMP-02342,PRC-0103,REV-043264,209951.96,agent_proposed,EVD-03174,matched,224
SMP-02343,PRC-0103,REV-048574,28582.74,monetary_unit,EVD-03175|EVD-03176,matched,219
SMP-02344,PRC-0103,REV-050247,6391.88,monetary_unit,EVD-03177,matched,228
SMP-02345,PRC-0103,REV-032600,32436.04,monetary_unit,EVD-03178|EVD-03179,matched,217
SMP-02346,PRC-0103,REV-031368,8064,judgmental,EVD-03180|EVD-03181,matched,225
SMP-02347,PRC-0103,REV-020749,45190.29,agent_proposed,EVD-03182|EVD-03183,matched,229
SMP-02348,PRC-0103,REV-011991,557038.52,agent_proposed,EVD-03184|EVD-03185,matched,217
SMP-02349,PRC-0103,REV-049045,10895.8,random,EVD-03186,matched,222
SMP-02350,PRC-0103,REV-044179,45674.45,judgmental,EVD-03187,matched,220
SMP-02351,PRC-0103,REV-042989,30098.2,agent_proposed,EVD-03188|EVD-03189,matched,216
SMP-02352,PRC-0103,REV-041272,8226.15,monetary_unit,EVD-03190,matched,222
SMP-02353,PRC-0103,REV-052201,23284.55,agent_proposed,EVD-03191,matched,221
SMP-02354,PRC-0103,REV-016935,50571.14,monetary_unit,EVD-03192,matched,218
SMP-02355,PRC-0103,REV-000415,70507.92,judgmental,EVD-03193,matched,219
SMP-02356,PRC-0103,REV-005375,19654.01,agent_proposed,EVD-03194|EVD-03195,matched,225
SMP-02357,PRC-0103,REV-032146,6661.71,agent_proposed,EVD-03196,matched,229
SMP-02358,PRC-0103,REV-034135,34751.1,agent_proposed,EVD-03197|EVD-03198,matched,225
SMP-02359,PRC-0103,REV-027804,42374.4,random,EVD-03199|EVD-03200,matched,227
SMP-02360,PRC-0103,REV-049479,91906.54,monetary_unit,EVD-03201,matched,220
SMP-02361,PRC-0103,REV-009414,124589.51,monetary_unit,EVD-03202,matched,218
SMP-02362,PRC-0103,REV-031532,21167.91,random,EVD-03203|EVD-03204,matched,224
SMP-02363,PRC-0103,REV-035659,29244.9,judgmental,EVD-03205|EVD-03206,matched,226
SMP-02364,PRC-0104,REV-006243,17135.82,monetary_unit,EVD-03209,matched,214
SMP-02365,PRC-0104,REV-049767,14879.07,agent_proposed,EVD-03210,matched,205
SMP-02366,PRC-0104,REV-012350,17413.83,agent_proposed,EVD-03211|EVD-03212|EVD-03207,matched,213
SMP-02367,PRC-0104,REV-053642,37402.47,random,EVD-03213|EVD-03214,matched,217
SMP-02368,PRC-0104,REV-030929,21472.78,random,EVD-03215,matched,206
SMP-02369,PRC-0104,REV-013222,23703.25,monetary_unit,EVD-03216|EVD-03217|EVD-03207,matched,207
SMP-02370,PRC-0104,REV-003411,11747.83,agent_proposed,EVD-03218,matched,209
SMP-02371,PRC-0104,REV-053077,333592.71,random,EVD-03219|EVD-03220,matched,204
SMP-02372,PRC-0104,REV-040560,69402.54,agent_proposed,EVD-03221|EVD-03208,matched,219
SMP-02373,PRC-0104,REV-016771,27603.75,agent_proposed,EVD-03222|EVD-03208,matched,214
SMP-02374,PRC-0104,REV-039130,36084.59,agent_proposed,EVD-03223,matched,206
SMP-02375,PRC-0104,REV-019593,31198.05,agent_proposed,EVD-03224|EVD-03207,matched,215
SMP-02376,PRC-0105,INV-003956,98546.44,agent_proposed,EVD-03226|EVD-03227,matched,192
SMP-02377,PRC-0105,INV-000230,45451.02,judgmental,EVD-03228|EVD-03229|EVD-03225,matched,178
SMP-02378,PRC-0105,INV-007668,80491.72,agent_proposed,EVD-03230,matched,199
SMP-02379,PRC-0105,INV-003827,12315.12,random,EVD-03231|EVD-03232,matched,179
SMP-02380,PRC-0105,INV-000805,6699.16,random,EVD-03233,matched,188
SMP-02381,PRC-0105,INV-001427,158388.12,judgmental,EVD-03234,matched,202
SMP-02382,PRC-0105,INV-000520,10924.14,judgmental,EVD-03235|EVD-03236|EVD-03225,matched,196
SMP-02383,PRC-0105,INV-002223,157188.39,agent_proposed,EVD-03237|EVD-03238|EVD-03225,matched,185
SMP-02384,PRC-0106,INV-008505,24379.79,agent_proposed,EVD-03242|EVD-03243,matched,211
SMP-02385,PRC-0106,INV-000058,16146.98,agent_proposed,EVD-03244,exception,217
SMP-02386,PRC-0106,INV-010621,41401.03,agent_proposed,EVD-03245|EVD-03240,matched,229
SMP-02387,PRC-0106,INV-011868,5812.28,agent_proposed,EVD-03246|EVD-03241,matched,211
SMP-02388,PRC-0106,INV-011641,9053.82,monetary_unit,EVD-03247|EVD-03248,matched,203
SMP-02389,PRC-0106,INV-012575,182283.2,agent_proposed,EVD-03249|EVD-03250|EVD-03240,matched,219
SMP-02390,PRC-0106,INV-000296,24595.59,agent_proposed,EVD-03251,matched,223
SMP-02391,PRC-0106,INV-007083,13268.04,monetary_unit,EVD-03252|EVD-03240,matched,209
SMP-02392,PRC-0106,INV-005164,129570.58,agent_proposed,EVD-03253,matched,210
SMP-02393,PRC-0106,INV-009978,43019.06,monetary_unit,EVD-03254,matched,225
SMP-02394,PRC-0106,INV-003749,45391.98,agent_proposed,EVD-03255|EVD-03239,matched,223
SMP-02395,PRC-0106,INV-000554,10808.8,agent_proposed,EVD-03256|EVD-03257|EVD-03239,matched,215
SMP-02396,PRC-0106,INV-010048,20233.94,agent_proposed,EVD-03258|EVD-03239,matched,211
SMP-02397,PRC-0106,INV-011444,40757.13,agent_proposed,EVD-03259|EVD-03241,matched,215
SMP-02398,PRC-0106,INV-006110,7107.04,monetary_unit,EVD-03260,unresolved,229
SMP-02399,PRC-0106,INV-011537,94800.2,monetary_unit,EVD-03261|EVD-03262,exception,226
SMP-02400,PRC-0106,INV-008030,4475.04,random,EVD-03263,matched,211
SMP-02401,PRC-0106,INV-004678,34294.58,agent_proposed,EVD-03264|EVD-03265,matched,228
SMP-02402,PRC-0106,INV-008466,18408.29,agent_proposed,EVD-03266|EVD-03267|EVD-03241,matched,209
SMP-02403,PRC-0106,INV-008491,155484.53,agent_proposed,EVD-03268|EVD-03269|EVD-03240,exception,224
SMP-02404,PRC-0106,INV-004910,4926.19,agent_proposed,EVD-03270|EVD-03271,matched,217
SMP-02405,PRC-0106,INV-006579,121743.81,agent_proposed,EVD-03272|EVD-03273,matched,204
SMP-02406,PRC-0106,INV-006488,105157.51,agent_proposed,EVD-03274,matched,219
SMP-02407,PRC-0106,INV-012550,16843.4,monetary_unit,EVD-03275|EVD-03276|EVD-03241,matched,215
SMP-02408,PRC-0106,INV-002216,103402.87,agent_proposed,EVD-03277,matched,216
SMP-02409,PRC-0106,INV-009493,40553.81,monetary_unit,EVD-03278,matched,221
SMP-02410,PRC-0106,INV-004595,6671.07,monetary_unit,EVD-03279|EVD-03280,matched,220
SMP-02411,PRC-0106,INV-003241,37498.99,monetary_unit,EVD-03281|EVD-03241,matched,224
SMP-02412,PRC-0106,INV-001487,37568.66,agent_proposed,EVD-03282|EVD-03283,matched,221
SMP-02413,PRC-0106,INV-008883,22538.26,judgmental,EVD-03284|EVD-03285,matched,213
SMP-02414,PRC-0106,INV-002893,82868.32,agent_proposed,EVD-03286|EVD-03240,matched,215
SMP-02415,PRC-0106,INV-006365,5058.64,agent_proposed,EVD-03287|EVD-03288,matched,214
SMP-02416,PRC-0106,INV-007908,36256.2,random,EVD-03289|EVD-03241,matched,217
SMP-02417,PRC-0106,INV-011754,647793.91,monetary_unit,EVD-03290|EVD-03291|EVD-03239,matched,230
SMP-02418,PRC-0106,INV-006368,3448.73,monetary_unit,EVD-03292|EVD-03241,matched,215
SMP-02419,PRC-0106,INV-003814,68296.36,agent_proposed,EVD-03293,matched,224
SMP-02420,PRC-0106,INV-008564,24472.36,monetary_unit,EVD-03294|EVD-03295|EVD-03239,matched,203
SMP-02421,PRC-0106,INV-000348,126668.8,random,EVD-03296|EVD-03297|EVD-03240,matched,225
SMP-02422,PRC-0106,INV-008084,45782.31,agent_proposed,EVD-03298|EVD-03239,matched,222
SMP-02423,PRC-0106,INV-012260,24799.36,random,EVD-03299|EVD-03240,exception,206
SMP-02424,PRC-0106,INV-012624,32739.8,random,EVD-03300|EVD-03239,matched,223
SMP-02425,PRC-0106,INV-008638,5642.57,judgmental,EVD-03301|EVD-03302|EVD-03239,matched,205
SMP-02426,PRC-0106,INV-001288,19423.46,monetary_unit,EVD-03303|EVD-03304|EVD-03239,matched,219
SMP-02427,PRC-0107,INV-011002,18430.24,judgmental,EVD-03306|EVD-03305,matched,228
SMP-02428,PRC-0107,INV-009603,10350.11,random,EVD-03307|EVD-03308,matched,239
SMP-02429,PRC-0107,INV-005177,24234.84,monetary_unit,EVD-03309|EVD-03310|EVD-03305,matched,239
SMP-02430,PRC-0107,INV-006938,36129.65,agent_proposed,EVD-03311|EVD-03312,matched,234
SMP-02431,PRC-0107,INV-000189,16349.37,agent_proposed,EVD-03313|EVD-03305,matched,228
SMP-02432,PRC-0107,INV-010977,31139.87,random,EVD-03314,exception,228
SMP-02433,PRC-0107,INV-002811,77619.28,judgmental,EVD-03315|EVD-03305,matched,229
SMP-02434,PRC-0107,INV-006421,9976.19,random,EVD-03316,matched,230
SMP-02435,PRC-0107,INV-002006,43155.9,judgmental,EVD-03317|EVD-03318|EVD-03305,exception,241
SMP-02436,PRC-0107,INV-006806,21865.92,random,EVD-03319|EVD-03305,matched,240
SMP-02437,PRC-0107,INV-008889,18646.17,random,EVD-03320|EVD-03321|EVD-03305,matched,229
SMP-02438,PRC-0107,INV-006225,10197.03,monetary_unit,EVD-03322|EVD-03323,matched,227
SMP-02439,PRC-0107,INV-002053,13953.36,agent_proposed,EVD-03324|EVD-03325,matched,242
SMP-02440,PRC-0107,INV-003826,17761.35,random,EVD-03326,matched,226
SMP-02441,PRC-0107,INV-005863,6571.88,agent_proposed,EVD-03327|EVD-03328|EVD-03305,matched,230
SMP-02442,PRC-0107,INV-005782,15625.89,agent_proposed,EVD-03329,matched,239
SMP-02443,PRC-0107,INV-000895,66380.91,agent_proposed,EVD-03330|EVD-03331,matched,226
SMP-02444,PRC-0107,INV-011179,8385.48,monetary_unit,EVD-03332|EVD-03333,unresolved,241
SMP-02445,PRC-0107,INV-001341,111591.7,judgmental,EVD-03334,matched,236
SMP-02446,PRC-0107,INV-001447,61317.33,agent_proposed,EVD-03335|EVD-03305,matched,233
SMP-02447,PRC-0107,INV-006981,13080.91,monetary_unit,EVD-03336,matched,244
SMP-02448,PRC-0107,INV-005947,30561.35,agent_proposed,EVD-03337|EVD-03305,matched,232
SMP-02449,PRC-0107,INV-012046,26342.76,random,EVD-03338|EVD-03305,matched,236
SMP-02450,PRC-0107,INV-012022,5064.62,agent_proposed,EVD-03339|EVD-03305,matched,244
SMP-02451,PRC-0107,INV-008119,14122.83,agent_proposed,EVD-03340,matched,241
SMP-02452,PRC-0107,INV-005030,10638.41,agent_proposed,EVD-03341|EVD-03305,matched,237
SMP-02453,PRC-0107,INV-008362,5430.95,agent_proposed,EVD-03342|EVD-03343,exception,229
SMP-02454,PRC-0107,INV-005312,28095.19,monetary_unit,EVD-03344|EVD-03345,matched,240
SMP-02455,PRC-0107,INV-007570,34922.87,monetary_unit,EVD-03346|EVD-03347,matched,242
SMP-02456,PRC-0107,INV-008172,10706.2,judgmental,EVD-03348|EVD-03349,matched,236
SMP-02457,PRC-0107,INV-000702,3915.82,monetary_unit,EVD-03350|EVD-03351,matched,238
SMP-02458,PRC-0107,INV-006598,55706.34,agent_proposed,EVD-03352|EVD-03353,matched,235
SMP-02459,PRC-0107,INV-006314,24121.56,agent_proposed,EVD-03354,matched,233
SMP-02460,PRC-0107,INV-003003,10553.96,monetary_unit,EVD-03355,matched,229
SMP-02461,PRC-0107,INV-011050,31763.98,random,EVD-03356|EVD-03357|EVD-03305,matched,226
SMP-02462,PRC-0107,INV-006122,14601.86,agent_proposed,EVD-03358|EVD-03305,matched,237
SMP-02463,PRC-0107,INV-008470,77901.59,monetary_unit,EVD-03359|EVD-03360|EVD-03305,matched,241
SMP-02464,PRC-0107,INV-001873,112181.78,agent_proposed,EVD-03361|EVD-03362|EVD-03305,matched,229
SMP-02465,PRC-0107,INV-002448,33910.48,agent_proposed,EVD-03363|EVD-03364|EVD-03305,matched,230
SMP-02466,PRC-0108,INV-009804,9038.44,monetary_unit,EVD-03367|EVD-03368,matched,222
SMP-02467,PRC-0108,INV-006063,19100.27,agent_proposed,EVD-03369|EVD-03370|EVD-03366,matched,230
SMP-02468,PRC-0108,INV-010357,60693.48,random,EVD-03371|EVD-03365,matched,234
SMP-02469,PRC-0108,INV-002404,25003.91,agent_proposed,EVD-03372|EVD-03365,matched,222
SMP-02470,PRC-0108,INV-008045,10033.79,agent_proposed,EVD-03373,matched,228
SMP-02471,PRC-0108,INV-000848,43389.21,agent_proposed,EVD-03374|EVD-03375,matched,223
SMP-02472,PRC-0108,INV-008835,36062.97,agent_proposed,EVD-03376,matched,222
SMP-02473,PRC-0108,INV-005747,59122.36,random,EVD-03377,matched,220
SMP-02474,PRC-0108,INV-003822,100144.17,agent_proposed,EVD-03378|EVD-03379|EVD-03365,matched,223
SMP-02475,PRC-0108,INV-009983,38654.49,agent_proposed,EVD-03380|EVD-03381,matched,225
SMP-02476,PRC-0108,INV-012646,3941.42,agent_proposed,EVD-03382|EVD-03383|EVD-03366,matched,234
SMP-02477,PRC-0108,INV-010760,5519.7,agent_proposed,EVD-03384,matched,227
SMP-02478,PRC-0108,INV-004248,21988.79,monetary_unit,EVD-03385|EVD-03365,matched,229
SMP-02479,PRC-0108,INV-004148,44107.65,judgmental,EVD-03386|EVD-03387|EVD-03366,matched,232
SMP-02480,PRC-0108,INV-010277,1358.92,monetary_unit,EVD-03388,matched,227
SMP-02481,PRC-0109,CSH-012090,15791.92,random,EVD-03392|EVD-03393|EVD-03390,matched,176
SMP-02482,PRC-0109,CSH-008717,78809.4,agent_proposed,EVD-03394|EVD-03395|EVD-03391,matched,197
SMP-02483,PRC-0109,CSH-010748,51027.63,monetary_unit,EVD-03396|EVD-03397|EVD-03390,matched,184
SMP-02484,PRC-0110,CSH-007350,57376.65,random,EVD-03401|EVD-03399,matched,197
SMP-02485,PRC-0110,CSH-006062,127791.03,random,EVD-03402|EVD-03399,matched,183
SMP-02486,PRC-0110,CSH-009963,68494.13,random,EVD-03403|EVD-03404,matched,191
SMP-02487,PRC-0110,CSH-001419,33970.02,random,EVD-03405|EVD-03406|EVD-03399,matched,188
SMP-02488,PRC-0110,CSH-002456,73366.81,monetary_unit,EVD-03407|EVD-03408,matched,185
SMP-02489,PRC-0110,CSH-010556,24564.97,agent_proposed,EVD-03409|EVD-03399,matched,192
SMP-02490,PRC-0110,CSH-008549,34823.32,agent_proposed,EVD-03410,matched,192
SMP-02491,PRC-0110,CSH-001583,10172.4,agent_proposed,EVD-03411|EVD-03400,matched,190
SMP-02492,PRC-0110,CSH-012770,10062.78,judgmental,EVD-03412,matched,187
SMP-02493,PRC-0110,CSH-004554,11317.9,random,EVD-03413|EVD-03414|EVD-03400,matched,192
SMP-02494,PRC-0110,CSH-001803,7645.66,monetary_unit,EVD-03415,matched,183
SMP-02495,PRC-0110,CSH-003399,42505.63,monetary_unit,EVD-03416|EVD-03417|EVD-03399,matched,196
SMP-02496,PRC-0110,CSH-000385,13309.72,agent_proposed,EVD-03418|EVD-03400,matched,189
SMP-02497,PRC-0110,CSH-001592,61797.59,monetary_unit,EVD-03419|EVD-03398,matched,183
SMP-02498,PRC-0110,CSH-006287,1109.35,agent_proposed,EVD-03420|EVD-03421,matched,184
SMP-02499,PRC-0110,CSH-007091,9595.75,agent_proposed,EVD-03422|EVD-03423|EVD-03398,matched,195
SMP-02500,PRC-0110,CSH-005647,10136.88,agent_proposed,EVD-03424|EVD-03425|EVD-03398,exception,189
SMP-02501,PRC-0110,CSH-000227,3150.52,agent_proposed,EVD-03426|EVD-03427|EVD-03400,matched,193
SMP-02502,PRC-0110,CSH-004587,9167.95,monetary_unit,EVD-03428,matched,191
SMP-02503,PRC-0110,CSH-001111,19181.21,random,EVD-03429,matched,194
SMP-02504,PRC-0110,CSH-004802,32493.3,agent_proposed,EVD-03430|EVD-03431,matched,185
SMP-02505,PRC-0110,CSH-001677,78744.26,agent_proposed,EVD-03432|EVD-03433,matched,189
SMP-02506,PRC-0110,CSH-003786,11468.82,judgmental,EVD-03434|EVD-03435,matched,198
SMP-02507,PRC-0110,CSH-001976,69455.05,agent_proposed,EVD-03436,unresolved,198
SMP-02508,PRC-0110,CSH-001534,22785.13,agent_proposed,EVD-03437|EVD-03438,matched,190
SMP-02509,PRC-0110,CSH-007570,69266.06,monetary_unit,EVD-03439|EVD-03398,matched,196
SMP-02510,PRC-0110,CSH-009525,17310.21,monetary_unit,EVD-03440|EVD-03441,matched,198
SMP-02511,PRC-0110,CSH-011957,11028.54,judgmental,EVD-03442,matched,187
SMP-02512,PRC-0110,CSH-005445,2415.81,judgmental,EVD-03443|EVD-03399,matched,195
SMP-02513,PRC-0110,CSH-003953,87458.7,monetary_unit,EVD-03444|EVD-03398,matched,192
SMP-02514,PRC-0110,CSH-007031,145569.19,monetary_unit,EVD-03445|EVD-03446|EVD-03400,matched,190
SMP-02515,PRC-0110,CSH-009354,26044.11,judgmental,EVD-03447|EVD-03400,matched,195
SMP-02516,PRC-0110,CSH-009604,31853.56,agent_proposed,EVD-03448,matched,188
SMP-02517,PRC-0110,CSH-009524,24003.12,agent_proposed,EVD-03449|EVD-03450|EVD-03400,matched,184
SMP-02518,PRC-0110,CSH-012494,42568.94,judgmental,EVD-03451|EVD-03452|EVD-03400,matched,196
SMP-02519,PRC-0110,CSH-000512,130584.2,agent_proposed,EVD-03453|EVD-03454|EVD-03398,matched,183
SMP-02520,PRC-0110,CSH-003019,24997.47,random,EVD-03455,matched,191
SMP-02521,PRC-0110,CSH-004384,6797,agent_proposed,EVD-03456|EVD-03457|EVD-03399,matched,185
SMP-02522,PRC-0110,CSH-012499,7621.85,agent_proposed,EVD-03458,matched,184
SMP-02523,PRC-0110,CSH-011918,63641.95,random,EVD-03459,matched,198
SMP-02524,PRC-0110,CSH-009526,51141.78,judgmental,EVD-03460|EVD-03461,matched,185
SMP-02525,PRC-0110,CSH-001668,9380.56,random,EVD-03462|EVD-03463,matched,189
SMP-02526,PRC-0111,CSH-011524,42978.46,agent_proposed,EVD-03465,matched,217
SMP-02527,PRC-0111,CSH-009916,59140.08,agent_proposed,EVD-03464,exception,199
SMP-02528,PRC-0111,CSH-000508,32812.93,monetary_unit,EVD-03465,matched,212
SMP-02529,PRC-0111,CSH-007840,17006.83,random,EVD-03464,matched,211
SMP-02530,PRC-0111,CSH-008055,4620.32,agent_proposed,EVD-03465,unresolved,217
SMP-02531,PRC-0111,CSH-007753,9861.83,monetary_unit,EVD-03464,matched,198
SMP-02532,PRC-0111,CSH-004550,20817.29,agent_proposed,EVD-03464,matched,218
SMP-02533,PRC-0111,CSH-003231,9824.19,agent_proposed,EVD-03464,matched,203
SMP-02534,PRC-0111,CSH-000246,37198.45,agent_proposed,EVD-03465,matched,205
SMP-02535,PRC-0111,CSH-012326,10912.52,agent_proposed,EVD-03465,matched,208
SMP-02536,PRC-0111,CSH-006824,206297.16,monetary_unit,EVD-03464,matched,218
SMP-02537,PRC-0111,CSH-007647,18870.87,random,EVD-03465,matched,215
SMP-02538,PRC-0111,CSH-009003,20613.63,monetary_unit,EVD-03465,matched,197
SMP-02539,PRC-0111,CSH-001121,3487.66,agent_proposed,EVD-03465,matched,212
SMP-02540,PRC-0111,CSH-001734,42075.89,agent_proposed,EVD-03465,matched,209
SMP-02541,PRC-0111,CSH-009431,42677.41,agent_proposed,EVD-03464,matched,214
SMP-02542,PRC-0111,CSH-005397,42138.6,monetary_unit,EVD-03465,matched,201
SMP-02543,PRC-0111,CSH-000092,2501.19,agent_proposed,EVD-03464,matched,198
SMP-02544,PRC-0111,CSH-002049,142918.13,agent_proposed,EVD-03464,exception,208
SMP-02545,PRC-0111,CSH-001161,146397.49,agent_proposed,EVD-03464,matched,201
SMP-02546,PRC-0111,CSH-011251,51953.1,judgmental,EVD-03465,matched,210
SMP-02547,PRC-0111,CSH-013290,95889.85,judgmental,EVD-03464,matched,211
SMP-02548,PRC-0111,CSH-005734,20555.38,judgmental,EVD-03465,matched,201
SMP-02549,PRC-0111,CSH-008558,63935.02,monetary_unit,EVD-03465,matched,219
SMP-02550,PRC-0111,CSH-002134,18158.51,monetary_unit,EVD-03465,matched,203
SMP-02551,PRC-0111,CSH-005770,35087.06,agent_proposed,EVD-03465,matched,197
SMP-02552,PRC-0111,CSH-001835,30490.7,agent_proposed,EVD-03465,matched,206
SMP-02553,PRC-0111,CSH-007804,46561.19,agent_proposed,EVD-03464,matched,214
SMP-02554,PRC-0111,CSH-004887,26855.06,monetary_unit,EVD-03465,matched,202
SMP-02555,PRC-0111,CSH-007600,3244.69,agent_proposed,EVD-03465,matched,208
SMP-02556,PRC-0111,CSH-012258,32011.83,agent_proposed,EVD-03464,matched,205
SMP-02557,PRC-0111,CSH-003547,20345.77,monetary_unit,EVD-03465,matched,217
SMP-02558,PRC-0111,CSH-001039,30444.97,agent_proposed,EVD-03464,matched,202
SMP-02559,PRC-0112,CSH-013329,3884.05,judgmental,EVD-03468|EVD-03469|EVD-03467,unresolved,223
SMP-02560,PRC-0112,CSH-009229,5500.92,monetary_unit,EVD-03470,matched,219
SMP-02561,PRC-0112,CSH-010759,18013.81,monetary_unit,EVD-03471|EVD-03472|EVD-03466,matched,216
SMP-02562,PRC-0112,CSH-009326,5874.12,random,EVD-03473|EVD-03474,matched,223
SMP-02563,PRC-0112,CSH-012084,59086.95,monetary_unit,EVD-03475,matched,221
SMP-02564,PRC-0112,CSH-012405,25260.73,monetary_unit,EVD-03476|EVD-03477,matched,228
SMP-02565,PRC-0112,CSH-009350,17792.16,agent_proposed,EVD-03478|EVD-03467,matched,218
SMP-02566,PRC-0112,CSH-000836,61433.18,monetary_unit,EVD-03479|EVD-03480,matched,226
SMP-02567,PRC-0113,FXA-000200,41023.64,random,EVD-03484,matched,183
SMP-02568,PRC-0113,FXA-000202,40060.18,agent_proposed,EVD-03485|EVD-03486,matched,188
SMP-02569,PRC-0113,FXA-000867,15062.26,random,EVD-03487|EVD-03488,matched,194
SMP-02570,PRC-0113,FXA-000257,65434.37,random,EVD-03489|EVD-03490|EVD-03482,matched,177
SMP-02571,PRC-0114,FXA-000469,11981.87,agent_proposed,EVD-03492,matched,238
SMP-02572,PRC-0114,FXA-000983,55844.37,random,EVD-03493|EVD-03491,matched,230
SMP-02573,PRC-0114,FXA-000353,2468.77,judgmental,EVD-03494|EVD-03495|EVD-03491,matched,225
SMP-02574,PRC-0114,FXA-000372,9619.44,judgmental,EVD-03496,exception,239
SMP-02575,PRC-0114,FXA-000601,11296.46,agent_proposed,EVD-03497|EVD-03491,matched,229
SMP-02576,PRC-0114,FXA-000429,12879.69,random,EVD-03498|EVD-03499|EVD-03491,matched,225
SMP-02577,PRC-0114,FXA-000655,9505.25,random,EVD-03500|EVD-03491,matched,229
SMP-02578,PRC-0114,FXA-000666,7160.68,agent_proposed,EVD-03501,matched,233
SMP-02579,PRC-0114,FXA-000647,9475.38,monetary_unit,EVD-03502|EVD-03491,matched,240
SMP-02580,PRC-0114,FXA-000369,68946.4,random,EVD-03503|EVD-03491,matched,232
SMP-02581,PRC-0114,FXA-000264,35210.12,agent_proposed,EVD-03504|EVD-03491,matched,232
SMP-02582,PRC-0114,FXA-000507,22123.33,agent_proposed,EVD-03505,matched,238
SMP-02583,PRC-0114,FXA-000818,3957.14,monetary_unit,EVD-03506|EVD-03507,matched,225
SMP-02584,PRC-0114,FXA-000793,11443.45,agent_proposed,EVD-03508|EVD-03491,exception,224
SMP-02585,PRC-0114,FXA-001022,55903.69,random,EVD-03509|EVD-03491,matched,238
SMP-02586,PRC-0114,FXA-000153,19435.96,monetary_unit,EVD-03510,matched,236
SMP-02587,PRC-0114,FXA-001019,29350.06,monetary_unit,EVD-03511,matched,229
SMP-02588,PRC-0114,FXA-000320,4566.44,agent_proposed,EVD-03512|EVD-03491,matched,232
SMP-02589,PRC-0114,FXA-000005,16923.19,judgmental,EVD-03513|EVD-03514|EVD-03491,matched,224
SMP-02590,PRC-0114,FXA-000220,53947.98,monetary_unit,EVD-03515|EVD-03516|EVD-03491,unresolved,236
SMP-02591,PRC-0114,FXA-000174,8463.07,judgmental,EVD-03517|EVD-03491,matched,224
SMP-02592,PRC-0114,FXA-001000,2365.09,random,EVD-03518|EVD-03519,matched,232
SMP-02593,PRC-0114,FXA-000130,32858.7,agent_proposed,EVD-03520,matched,226
SMP-02594,PRC-0114,FXA-000946,9588.96,judgmental,EVD-03521|EVD-03522|EVD-03491,matched,238
SMP-02595,PRC-0114,FXA-001010,64574.72,agent_proposed,EVD-03523|EVD-03524|EVD-03491,matched,240
SMP-02596,PRC-0114,FXA-000867,87473.69,random,EVD-03525|EVD-03526,matched,224
SMP-02597,PRC-0114,FXA-000468,52397.45,agent_proposed,EVD-03527|EVD-03528,matched,242
SMP-02598,PRC-0114,FXA-000099,34215.01,agent_proposed,EVD-03529|EVD-03530|EVD-03491,matched,228
SMP-02599,PRC-0114,FXA-001027,56492.93,agent_proposed,EVD-03531|EVD-03532|EVD-03491,matched,240
SMP-02600,PRC-0114,FXA-000582,32615.41,monetary_unit,EVD-03533|EVD-03534|EVD-03491,matched,228
SMP-02601,PRC-0114,FXA-001044,7589.47,monetary_unit,EVD-03535|EVD-03536,matched,240
SMP-02602,PRC-0114,FXA-000342,15128.95,agent_proposed,EVD-03537,matched,232
SMP-02603,PRC-0114,FXA-000427,5378.29,agent_proposed,EVD-03538|EVD-03539|EVD-03491,matched,241
SMP-02604,PRC-0114,FXA-000697,20377.86,agent_proposed,EVD-03540|EVD-03491,matched,240
SMP-02605,PRC-0114,FXA-000195,8466.18,monetary_unit,EVD-03541|EVD-03491,matched,227
SMP-02606,PRC-0114,FXA-000142,11610.69,agent_proposed,EVD-03542,matched,233
SMP-02607,PRC-0114,FXA-000614,4553,judgmental,EVD-03543|EVD-03491,exception,227
SMP-02608,PRC-0114,FXA-000340,5511.24,judgmental,EVD-03544|EVD-03545,matched,240
SMP-02609,PRC-0114,FXA-000137,7487.42,random,EVD-03546|EVD-03547,matched,231
SMP-02610,PRC-0115,FXA-000365,12503.77,agent_proposed,EVD-03551|EVD-03548,matched,179
SMP-02611,PRC-0115,FXA-000323,8866.67,agent_proposed,EVD-03552|EVD-03553,matched,186
SMP-02612,PRC-0115,FXA-000393,4444.31,monetary_unit,EVD-03554,matched,193
SMP-02613,PRC-0115,FXA-000629,100716.31,agent_proposed,EVD-03555,unresolved,194
SMP-02614,PRC-0115,FXA-000275,18379.98,random,EVD-03556,matched,193
SMP-02615,PRC-0115,FXA-000608,108735,agent_proposed,EVD-03557|EVD-03550,matched,192
SMP-02616,PRC-0115,FXA-000334,8023.2,random,EVD-03558|EVD-03559|EVD-03548,matched,180
SMP-02617,PRC-0115,FXA-000878,66737.37,agent_proposed,EVD-03560|EVD-03561|EVD-03550,matched,195
SMP-02618,PRC-0115,FXA-000769,8500.44,monetary_unit,EVD-03562|EVD-03549,matched,186
SMP-02619,PRC-0115,FXA-000793,17762.31,agent_proposed,EVD-03563,matched,188
SMP-02620,PRC-0115,FXA-000066,23281.95,judgmental,EVD-03564|EVD-03565|EVD-03548,matched,193
SMP-02621,PRC-0115,FXA-000132,20505.97,judgmental,EVD-03566|EVD-03567|EVD-03550,matched,185
SMP-02622,PRC-0115,FXA-000028,34863.95,agent_proposed,EVD-03568|EVD-03569,matched,184
SMP-02623,PRC-0115,FXA-000884,41971.03,judgmental,EVD-03570|EVD-03571|EVD-03550,matched,189
SMP-02624,PRC-0115,FXA-000093,18730.98,monetary_unit,EVD-03572|EVD-03549,matched,185
SMP-02625,PRC-0115,FXA-000521,41678.1,monetary_unit,EVD-03573|EVD-03550,matched,190
SMP-02626,PRC-0115,FXA-000826,6410.43,judgmental,EVD-03574|EVD-03575|EVD-03548,matched,189
SMP-02627,PRC-0115,FXA-000356,9634.41,random,EVD-03576|EVD-03577,matched,193
SMP-02628,PRC-0115,FXA-000156,39687.45,random,EVD-03578|EVD-03579,matched,185
SMP-02629,PRC-0115,FXA-000206,9899.02,random,EVD-03580,matched,192
SMP-02630,PRC-0115,FXA-000839,8010.71,monetary_unit,EVD-03581|EVD-03549,matched,191
SMP-02631,PRC-0115,FXA-000966,7093.18,monetary_unit,EVD-03582|EVD-03583,matched,190
SMP-02632,PRC-0115,FXA-000647,31966.96,random,EVD-03584|EVD-03548,exception,182
SMP-02633,PRC-0115,FXA-001006,8461.59,agent_proposed,EVD-03585|EVD-03586,matched,190
SMP-02634,PRC-0115,FXA-000610,32748.36,judgmental,EVD-03587|EVD-03588|EVD-03550,matched,193
SMP-02635,PRC-0115,FXA-000126,20721.37,monetary_unit,EVD-03589|EVD-03590|EVD-03550,matched,182
SMP-02636,PRC-0115,FXA-001028,8847.13,agent_proposed,EVD-03591|EVD-03592,matched,188
SMP-02637,PRC-0115,FXA-000159,59213.02,agent_proposed,EVD-03593|EVD-03594,matched,182
SMP-02638,PRC-0115,FXA-000304,8591.89,monetary_unit,EVD-03595,matched,180
SMP-02639,PRC-0116,FXA-000618,132472.52,random,EVD-03599|EVD-03598,matched,204
SMP-02640,PRC-0116,FXA-001047,53558.67,agent_proposed,EVD-03600|EVD-03601|EVD-03597,matched,220
SMP-02641,PRC-0116,FXA-000630,9097.31,random,EVD-03602|EVD-03603|EVD-03597,matched,217
SMP-02642,PRC-0116,FXA-000747,24178.53,judgmental,EVD-03604,matched,219
SMP-02643,PRC-0116,FXA-000064,23745.35,agent_proposed,EVD-03605|EVD-03606,matched,214
SMP-02644,PRC-0117,PAY-004327,223769.42,agent_proposed,EVD-03608|EVD-03609,matched,176
SMP-02645,PRC-0117,PAY-013388,4932.45,agent_proposed,EVD-03610,matched,178
SMP-02646,PRC-0117,PAY-006765,8910.83,random,EVD-03611|EVD-03612|EVD-03607,matched,174
SMP-02647,PRC-0117,PAY-001045,11573.58,agent_proposed,EVD-03613,unresolved,179
SMP-02648,PRC-0118,PAY-007902,142794.13,agent_proposed,EVD-03614,matched,235
SMP-02649,PRC-0118,PAY-009580,44748.68,agent_proposed,EVD-03615,matched,226
SMP-02650,PRC-0118,PAY-010228,87991.5,agent_proposed,EVD-03616,matched,234
SMP-02651,PRC-0118,PAY-005241,19717.46,monetary_unit,EVD-03617|EVD-03618,matched,236
SMP-02652,PRC-0118,PAY-013469,89065.94,judgmental,EVD-03619,unresolved,235
SMP-02653,PRC-0118,PAY-011021,66723.84,random,EVD-03620|EVD-03621,matched,233
SMP-02654,PRC-0118,PAY-013154,3660.68,monetary_unit,EVD-03622|EVD-03623,matched,241
SMP-02655,PRC-0118,PAY-000218,70070.02,judgmental,EVD-03624,matched,237
SMP-02656,PRC-0118,PAY-011797,16070.06,random,EVD-03625|EVD-03626,unresolved,225
SMP-02657,PRC-0118,PAY-008739,22662.32,random,EVD-03627|EVD-03628,unresolved,224
SMP-02658,PRC-0118,PAY-005023,13169.59,agent_proposed,EVD-03629,matched,224
SMP-02659,PRC-0118,PAY-003796,13182.65,agent_proposed,EVD-03630|EVD-03631,matched,232
SMP-02660,PRC-0118,PAY-006174,8290.3,monetary_unit,EVD-03632|EVD-03633,matched,235
SMP-02661,PRC-0118,PAY-009232,88432.54,random,EVD-03634,matched,228
SMP-02662,PRC-0118,PAY-006606,3538.33,agent_proposed,EVD-03635,matched,222
SMP-02663,PRC-0118,PAY-004607,24747.27,agent_proposed,EVD-03636|EVD-03637,exception,244
SMP-02664,PRC-0118,PAY-005350,75814.84,monetary_unit,EVD-03638|EVD-03639,matched,244
SMP-02665,PRC-0118,PAY-003737,8477.35,judgmental,EVD-03640|EVD-03641,matched,243
SMP-02666,PRC-0118,PAY-006603,49569.85,judgmental,EVD-03642,matched,243
SMP-02667,PRC-0118,PAY-007365,38545.61,agent_proposed,EVD-03643,matched,232
SMP-02668,PRC-0118,PAY-003048,150751.57,monetary_unit,EVD-03644|EVD-03645,matched,228
SMP-02669,PRC-0118,PAY-013343,187917.95,random,EVD-03646,matched,235
SMP-02670,PRC-0118,PAY-006150,12927.91,agent_proposed,EVD-03647|EVD-03648,matched,224
SMP-02671,PRC-0118,PAY-013059,35919.5,agent_proposed,EVD-03649|EVD-03650,matched,241
SMP-02672,PRC-0118,PAY-011531,16352.29,random,EVD-03651|EVD-03652,matched,239
SMP-02673,PRC-0118,PAY-012650,20320.8,random,EVD-03653|EVD-03654,matched,231
SMP-02674,PRC-0118,PAY-000423,111404.24,judgmental,EVD-03655|EVD-03656,matched,224
SMP-02675,PRC-0118,PAY-003507,95950.27,monetary_unit,EVD-03657,matched,233
SMP-02676,PRC-0118,PAY-010515,11445.62,agent_proposed,EVD-03658|EVD-03659,matched,228
SMP-02677,PRC-0118,PAY-008639,20788.21,judgmental,EVD-03660|EVD-03661,matched,243
SMP-02678,PRC-0118,PAY-007991,14027.46,judgmental,EVD-03662,exception,228
SMP-02679,PRC-0118,PAY-003759,2216.44,agent_proposed,EVD-03663|EVD-03664,matched,228
SMP-02680,PRC-0118,PAY-006553,51316.47,monetary_unit,EVD-03665,matched,243
SMP-02681,PRC-0118,PAY-001653,2938.26,agent_proposed,EVD-03666|EVD-03667,matched,237
SMP-02682,PRC-0118,PAY-008351,77355.72,agent_proposed,EVD-03668,matched,243
SMP-02683,PRC-0119,PAY-001243,32497.5,monetary_unit,EVD-03669,matched,223
SMP-02684,PRC-0119,PAY-009687,293197.44,agent_proposed,EVD-03670,matched,226
SMP-02685,PRC-0119,PAY-010841,8593.67,agent_proposed,EVD-03671,matched,237
SMP-02686,PRC-0119,PAY-000302,12381.87,agent_proposed,EVD-03672,matched,229
SMP-02687,PRC-0119,PAY-010565,2808.23,agent_proposed,EVD-03673,exception,225
SMP-02688,PRC-0119,PAY-004340,40523.97,agent_proposed,EVD-03674,matched,228
SMP-02689,PRC-0119,PAY-012435,10496.5,agent_proposed,EVD-03675|EVD-03676,matched,238
SMP-02690,PRC-0119,PAY-006735,14306.26,judgmental,EVD-03677,matched,231
SMP-02691,PRC-0119,PAY-010769,35132.79,agent_proposed,EVD-03678,matched,224
SMP-02692,PRC-0119,PAY-009866,356630.73,agent_proposed,EVD-03679,matched,230
SMP-02693,PRC-0119,PAY-003317,17788.26,agent_proposed,EVD-03680,matched,238
SMP-02694,PRC-0119,PAY-003015,67460.74,agent_proposed,EVD-03681|EVD-03682,matched,226
SMP-02695,PRC-0119,PAY-010079,35282.89,agent_proposed,EVD-03683,matched,229
SMP-02696,PRC-0119,PAY-007891,77825.76,random,EVD-03684,matched,234
SMP-02697,PRC-0119,PAY-000443,18596.35,monetary_unit,EVD-03685,matched,228
SMP-02698,PRC-0119,PAY-003684,124426.09,judgmental,EVD-03686,exception,225
SMP-02699,PRC-0119,PAY-008849,41016.03,judgmental,EVD-03687,matched,235
SMP-02700,PRC-0119,PAY-012390,104957.81,random,EVD-03688|EVD-03689,matched,233
SMP-02701,PRC-0119,PAY-013184,40451.11,agent_proposed,EVD-03690|EVD-03691,matched,222
SMP-02702,PRC-0119,PAY-013714,282929.53,monetary_unit,EVD-03692|EVD-03693,matched,222
SMP-02703,PRC-0119,PAY-012164,7149.43,judgmental,EVD-03694|EVD-03695,matched,232
SMP-02704,PRC-0119,PAY-013000,102781.09,monetary_unit,EVD-03696,matched,227
SMP-02705,PRC-0119,PAY-009423,105915.33,monetary_unit,EVD-03697,matched,230
SMP-02706,PRC-0119,PAY-008749,15703.47,monetary_unit,EVD-03698|EVD-03699,matched,223
SMP-02707,PRC-0119,PAY-011873,60089.46,judgmental,EVD-03700,matched,228
SMP-02708,PRC-0119,PAY-004829,38837.74,random,EVD-03701|EVD-03702,matched,235
SMP-02709,PRC-0119,PAY-006751,102794.66,monetary_unit,EVD-03703|EVD-03704,exception,238
SMP-02710,PRC-0119,PAY-003677,15159.63,random,EVD-03705|EVD-03706,matched,234
SMP-02711,PRC-0119,PAY-008953,5173,agent_proposed,EVD-03707|EVD-03708,matched,231
SMP-02712,PRC-0119,PAY-002158,38735.54,agent_proposed,EVD-03709|EVD-03710,exception,223
SMP-02713,PRC-0119,PAY-011158,35698.14,agent_proposed,EVD-03711|EVD-03712,matched,233
SMP-02714,PRC-0119,PAY-000443,17740.81,agent_proposed,EVD-03713|EVD-03714,matched,223
SMP-02715,PRC-0119,PAY-000106,40223.31,agent_proposed,EVD-03715|EVD-03716,matched,232
SMP-02716,PRC-0119,PAY-003264,7033.19,agent_proposed,EVD-03717|EVD-03718,matched,233
SMP-02717,PRC-0119,PAY-001156,39540.98,agent_proposed,EVD-03719,matched,233
SMP-02718,PRC-0120,PAY-010778,22972.22,random,EVD-03722|EVD-03723|EVD-03720,matched,193
SMP-02719,PRC-0120,PAY-005869,16351.12,monetary_unit,EVD-03724|EVD-03721,matched,192
SMP-02720,PRC-0120,PAY-011387,8879.07,judgmental,EVD-03725|EVD-03726|EVD-03721,matched,193
SMP-02721,PRC-0120,PAY-004378,284843.08,monetary_unit,EVD-03727|EVD-03721,matched,193
SMP-02722,PRC-0120,PAY-000745,58577.8,agent_proposed,EVD-03728|EVD-03729|EVD-03721,matched,195
SMP-02723,PRC-0120,PAY-001388,19484.24,random,EVD-03730|EVD-03721,matched,199
SMP-02724,PRC-0120,PAY-002037,36244.76,random,EVD-03731|EVD-03720,matched,202
SMP-02725,PRC-0120,PAY-013817,12262.26,agent_proposed,EVD-03732|EVD-03721,matched,185
SMP-02726,PRC-0120,PAY-000057,49276,random,EVD-03733|EVD-03734|EVD-03721,matched,189
SMP-02727,PRC-0120,PAY-005679,1313.91,judgmental,EVD-03735|EVD-03736|EVD-03720,matched,198
SMP-02728,PRC-0120,PAY-004660,38501.21,monetary_unit,EVD-03737,exception,199
SMP-02729,PRC-0120,PAY-008720,79386.39,agent_proposed,EVD-03738|EVD-03739|EVD-03720,matched,204
SMP-02730,PRC-0120,PAY-002294,43567.76,judgmental,EVD-03740|EVD-03741,matched,190
SMP-02731,PRC-0120,PAY-008695,27414.82,agent_proposed,EVD-03742|EVD-03721,matched,197
SMP-02732,PRC-0120,PAY-002585,119392.31,agent_proposed,EVD-03743|EVD-03744|EVD-03720,matched,185
SMP-02733,PRC-0120,PAY-002137,12352.79,monetary_unit,EVD-03745,matched,203
SMP-02734,PRC-0120,PAY-007850,10050.31,agent_proposed,EVD-03746,matched,197
SMP-02735,PRC-0120,PAY-012323,27554.72,agent_proposed,EVD-03747|EVD-03721,matched,197
SMP-02736,PRC-0120,PAY-004060,75156.58,random,EVD-03748|EVD-03721,matched,193
SMP-02737,PRC-0120,PAY-007811,162030.12,judgmental,EVD-03749|EVD-03750,matched,192
SMP-02738,PRC-0121,REV-009198,62124.63,monetary_unit,EVD-03752|EVD-03753|EVD-03751,matched,216
SMP-02739,PRC-0121,REV-011525,16984.27,random,EVD-03754|EVD-03755|EVD-03751,matched,208
SMP-02740,PRC-0121,REV-004182,132772.03,random,EVD-03756|EVD-03757|EVD-03751,matched,213
SMP-02741,PRC-0121,REV-006719,5136.84,monetary_unit,EVD-03758|EVD-03759|EVD-03751,unresolved,216
SMP-02742,PRC-0121,REV-006303,2674.37,agent_proposed,EVD-03760,matched,208
SMP-02743,PRC-0121,REV-006507,20996.08,agent_proposed,EVD-03761|EVD-03751,matched,209
SMP-02744,PRC-0121,REV-001207,76903.77,agent_proposed,EVD-03762|EVD-03763,matched,222
SMP-02745,PRC-0121,REV-009268,28792.42,monetary_unit,EVD-03764|EVD-03765|EVD-03751,matched,216
SMP-02746,PRC-0122,REV-011709,5414.32,agent_proposed,EVD-03766|EVD-03767,matched,229
SMP-02747,PRC-0122,REV-001458,26366.15,random,EVD-03768,unresolved,229
SMP-02748,PRC-0122,REV-003583,19076.09,monetary_unit,EVD-03769|EVD-03770,exception,225
SMP-02749,PRC-0122,REV-009829,22555.51,agent_proposed,EVD-03771|EVD-03772,matched,220
SMP-02750,PRC-0122,REV-005992,71101.47,agent_proposed,EVD-03773|EVD-03774,matched,216
SMP-02751,PRC-0122,REV-006516,141915.35,random,EVD-03775|EVD-03776,matched,212
SMP-02752,PRC-0122,REV-009484,32178.94,agent_proposed,EVD-03777|EVD-03778,matched,215
SMP-02753,PRC-0122,REV-001651,10133.18,random,EVD-03779,matched,230
SMP-02754,PRC-0122,REV-002074,8633.27,random,EVD-03780,matched,225
SMP-02755,PRC-0122,REV-002695,10191.22,agent_proposed,EVD-03781|EVD-03782,matched,228
SMP-02756,PRC-0122,REV-002445,57795.56,random,EVD-03783|EVD-03784,matched,226
SMP-02757,PRC-0122,REV-004419,13385.97,agent_proposed,EVD-03785|EVD-03786,exception,223
SMP-02758,PRC-0122,REV-006615,2231.55,monetary_unit,EVD-03787|EVD-03788,matched,210
SMP-02759,PRC-0122,REV-000114,99482.77,random,EVD-03789|EVD-03790,matched,213
SMP-02760,PRC-0122,REV-001856,1694.88,agent_proposed,EVD-03791|EVD-03792,matched,226
SMP-02761,PRC-0122,REV-011286,32200.68,agent_proposed,EVD-03793,matched,227
SMP-02762,PRC-0122,REV-003422,16391.01,judgmental,EVD-03794,matched,231
SMP-02763,PRC-0122,REV-002844,29608.97,random,EVD-03795|EVD-03796,matched,223
SMP-02764,PRC-0122,REV-003372,4013.46,random,EVD-03797|EVD-03798,matched,221
SMP-02765,PRC-0122,REV-010596,61412.6,agent_proposed,EVD-03799|EVD-03800,matched,231
SMP-02766,PRC-0122,REV-000032,29995.5,agent_proposed,EVD-03801,matched,229
SMP-02767,PRC-0122,REV-007887,9799.05,random,EVD-03802|EVD-03803,exception,224
SMP-02768,PRC-0122,REV-002114,6647.31,agent_proposed,EVD-03804,matched,220
SMP-02769,PRC-0122,REV-000706,9493.93,monetary_unit,EVD-03805|EVD-03806,matched,219
SMP-02770,PRC-0122,REV-005951,16192.14,agent_proposed,EVD-03807|EVD-03808,matched,213
SMP-02771,PRC-0122,REV-009079,8131.76,monetary_unit,EVD-03809,matched,214
SMP-02772,PRC-0122,REV-008022,68129.59,judgmental,EVD-03810,matched,224
SMP-02773,PRC-0122,REV-006846,12556.83,random,EVD-03811|EVD-03812,matched,220
SMP-02774,PRC-0123,REV-008803,4795.19,random,EVD-03813|EVD-03814,matched,253
SMP-02775,PRC-0123,REV-002638,18419.16,agent_proposed,EVD-03815|EVD-03816,matched,252
SMP-02776,PRC-0123,REV-004762,85268.22,agent_proposed,EVD-03817,matched,248
SMP-02777,PRC-0123,REV-000339,4442.06,agent_proposed,EVD-03818,matched,242
SMP-02778,PRC-0123,REV-012237,30720.14,random,EVD-03819,matched,245
SMP-02779,PRC-0123,REV-008496,10197.38,random,EVD-03820,matched,250
SMP-02780,PRC-0123,REV-009302,10031.14,agent_proposed,EVD-03821,matched,251
SMP-02781,PRC-0123,REV-001828,23318.07,monetary_unit,EVD-03822|EVD-03823,exception,250
SMP-02782,PRC-0123,REV-006262,38859.17,random,EVD-03824,matched,237
SMP-02783,PRC-0123,REV-010237,23449.41,random,EVD-03825,matched,239
SMP-02784,PRC-0123,REV-012044,11940.29,agent_proposed,EVD-03826,matched,253
SMP-02785,PRC-0123,REV-011439,10387.82,agent_proposed,EVD-03827|EVD-03828,matched,253
SMP-02786,PRC-0123,REV-000793,35340.21,agent_proposed,EVD-03829|EVD-03830,matched,244
SMP-02787,PRC-0123,REV-006103,103893.24,monetary_unit,EVD-03831,matched,249
SMP-02788,PRC-0123,REV-002048,6969.09,judgmental,EVD-03832,matched,253
SMP-02789,PRC-0123,REV-010559,22195.66,agent_proposed,EVD-03833|EVD-03834,matched,242
SMP-02790,PRC-0123,REV-012130,10579.24,agent_proposed,EVD-03835,matched,252
SMP-02791,PRC-0123,REV-006329,38604.03,agent_proposed,EVD-03836|EVD-03837,matched,244
SMP-02792,PRC-0123,REV-005393,2270.46,agent_proposed,EVD-03838,matched,253
SMP-02793,PRC-0123,REV-000068,5236.94,monetary_unit,EVD-03839,exception,238
SMP-02794,PRC-0123,REV-007271,10706.12,agent_proposed,EVD-03840|EVD-03841,matched,243
SMP-02795,PRC-0123,REV-000041,25162.42,random,EVD-03842|EVD-03843,matched,238
SMP-02796,PRC-0123,REV-004356,6763.24,agent_proposed,EVD-03844,matched,246
SMP-02797,PRC-0123,REV-005603,53897.58,monetary_unit,EVD-03845,matched,248
SMP-02798,PRC-0123,REV-003063,10588.66,agent_proposed,EVD-03846|EVD-03847,matched,243
SMP-02799,PRC-0123,REV-004306,107273.54,agent_proposed,EVD-03848,matched,254
SMP-02800,PRC-0123,REV-009971,9093.9,agent_proposed,EVD-03849,matched,254
SMP-02801,PRC-0123,REV-003718,27094.9,agent_proposed,EVD-03850,matched,237
SMP-02802,PRC-0123,REV-007919,30337.4,random,EVD-03851,matched,243
SMP-02803,PRC-0123,REV-010359,42465.86,judgmental,EVD-03852|EVD-03853,matched,254
SMP-02804,PRC-0123,REV-012163,91176.72,judgmental,EVD-03854,matched,239
SMP-02805,PRC-0123,REV-005508,3228.95,monetary_unit,EVD-03855,matched,239
SMP-02806,PRC-0123,REV-005784,8988.21,monetary_unit,EVD-03856|EVD-03857,matched,245
SMP-02807,PRC-0123,REV-001877,10140.16,agent_proposed,EVD-03858|EVD-03859,matched,241
SMP-02808,PRC-0123,REV-001041,5430.2,judgmental,EVD-03860,matched,245
SMP-02809,PRC-0123,REV-003543,50335.26,monetary_unit,EVD-03861,matched,240
SMP-02810,PRC-0123,REV-009187,56304.66,random,EVD-03862,matched,253
SMP-02811,PRC-0123,REV-005385,16357.39,monetary_unit,EVD-03863,matched,242
SMP-02812,PRC-0123,REV-010162,304246.37,agent_proposed,EVD-03864,matched,238
SMP-02813,PRC-0123,REV-008955,120827.94,random,EVD-03865|EVD-03866,matched,238
SMP-02814,PRC-0124,REV-000315,111443.09,monetary_unit,EVD-03868|EVD-03869,matched,246
SMP-02815,PRC-0124,REV-009539,74809.25,monetary_unit,EVD-03870|EVD-03871,matched,239
SMP-02816,PRC-0124,REV-003627,2223.73,agent_proposed,EVD-03872|EVD-03873,matched,251
SMP-02817,PRC-0124,REV-007917,11511.33,agent_proposed,EVD-03874|EVD-03875,matched,234
SMP-02818,PRC-0124,REV-005288,36530.4,agent_proposed,EVD-03876|EVD-03877|EVD-03867,exception,250
SMP-02819,PRC-0125,INV-002786,18918.14,agent_proposed,EVD-03881,matched,229
SMP-02820,PRC-0125,INV-004406,25377.51,agent_proposed,EVD-03882,matched,210
SMP-02821,PRC-0125,INV-008276,9572.1,monetary_unit,EVD-03883|EVD-03884,matched,225
SMP-02822,PRC-0125,INV-008216,5464.72,agent_proposed,EVD-03885|EVD-03886|EVD-03880,matched,207
SMP-02823,PRC-0125,INV-005030,20581.43,monetary_unit,EVD-03887,matched,215
SMP-02824,PRC-0125,INV-001066,3509.94,agent_proposed,EVD-03888|EVD-03889|EVD-03880,matched,214
SMP-02825,PRC-0125,INV-011544,18060.37,agent_proposed,EVD-03890,matched,225
SMP-02826,PRC-0125,INV-009486,14240.5,random,EVD-03891|EVD-03892|EVD-03880,unresolved,233
SMP-02827,PRC-0126,INV-006246,13673.9,agent_proposed,EVD-03893|EVD-03894,matched,231
SMP-02828,PRC-0126,INV-005572,11597.29,judgmental,EVD-03895|EVD-03896,matched,223
SMP-02829,PRC-0126,INV-007173,28474.57,monetary_unit,EVD-03897|EVD-03898,matched,225
SMP-02830,PRC-0126,INV-010710,1403.23,agent_proposed,EVD-03899|EVD-03900,matched,224
SMP-02831,PRC-0126,INV-008305,32439.45,monetary_unit,EVD-03901|EVD-03902,matched,225
SMP-02832,PRC-0126,INV-004795,10324.16,random,EVD-03903|EVD-03904,matched,225
SMP-02833,PRC-0126,INV-012198,14591.5,random,EVD-03905|EVD-03906,matched,220
SMP-02834,PRC-0126,INV-004781,7450.69,agent_proposed,EVD-03907,matched,215
SMP-02835,PRC-0126,INV-003074,79268.16,monetary_unit,EVD-03908|EVD-03909,matched,220
SMP-02836,PRC-0126,INV-002112,60378.52,random,EVD-03910|EVD-03911,matched,233
SMP-02837,PRC-0126,INV-009262,16095.31,agent_proposed,EVD-03912,matched,218
SMP-02838,PRC-0126,INV-001547,7755.6,monetary_unit,EVD-03913|EVD-03914,matched,228
SMP-02839,PRC-0126,INV-008531,5300.5,random,EVD-03915|EVD-03916,exception,220
SMP-02840,PRC-0126,INV-007603,52570.2,monetary_unit,EVD-03917|EVD-03918,matched,226
SMP-02841,PRC-0126,INV-000002,48914.5,judgmental,EVD-03919|EVD-03920,matched,221
SMP-02842,PRC-0126,INV-005377,35886.48,random,EVD-03921,matched,224
SMP-02843,PRC-0126,INV-002232,15719.29,random,EVD-03922|EVD-03923,matched,212
SMP-02844,PRC-0126,INV-005906,16457.93,monetary_unit,EVD-03924,matched,214
SMP-02845,PRC-0126,INV-010809,5566.41,agent_proposed,EVD-03925|EVD-03926,matched,232
SMP-02846,PRC-0126,INV-010430,44549.28,random,EVD-03927|EVD-03928,matched,213
SMP-02847,PRC-0126,INV-007043,2889.5,judgmental,EVD-03929|EVD-03930,matched,226
SMP-02848,PRC-0126,INV-012174,5655.03,agent_proposed,EVD-03931|EVD-03932,matched,229
SMP-02849,PRC-0126,INV-012807,60620.81,judgmental,EVD-03933,unresolved,215
SMP-02850,PRC-0126,INV-002054,22314.57,monetary_unit,EVD-03934|EVD-03935,matched,232
SMP-02851,PRC-0126,INV-005158,15297.23,monetary_unit,EVD-03936|EVD-03937,matched,218
SMP-02852,PRC-0126,INV-000704,31918.51,agent_proposed,EVD-03938|EVD-03939,matched,231
SMP-02853,PRC-0126,INV-000762,5964.77,agent_proposed,EVD-03940,matched,215
SMP-02854,PRC-0126,INV-008687,40145.8,monetary_unit,EVD-03941|EVD-03942,matched,229
SMP-02855,PRC-0126,INV-008190,48372.89,random,EVD-03943,matched,212
SMP-02856,PRC-0126,INV-002333,77831.76,agent_proposed,EVD-03944,matched,228
SMP-02857,PRC-0126,INV-002082,25064.08,monetary_unit,EVD-03945,matched,212
SMP-02858,PRC-0126,INV-001001,12474.46,agent_proposed,EVD-03946,matched,220
SMP-02859,PRC-0126,INV-005876,25881.79,random,EVD-03947,matched,223
SMP-02860,PRC-0126,INV-008906,18126.91,random,EVD-03948,matched,231
SMP-02861,PRC-0126,INV-001458,36597.4,judgmental,EVD-03949|EVD-03950,exception,218
SMP-02862,PRC-0126,INV-012557,4009.43,monetary_unit,EVD-03951|EVD-03952,matched,231
SMP-02863,PRC-0126,INV-012746,9083.43,random,EVD-03953,matched,223
SMP-02864,PRC-0126,INV-002114,87087.15,monetary_unit,EVD-03954|EVD-03955,matched,224
SMP-02865,PRC-0127,INV-009029,40471.83,agent_proposed,EVD-03956|EVD-03957,matched,267
SMP-02866,PRC-0127,INV-007226,543505.28,random,EVD-03958|EVD-03959,matched,263
SMP-02867,PRC-0127,INV-003168,23727.19,agent_proposed,EVD-03960|EVD-03961,matched,264
SMP-02868,PRC-0127,INV-006906,6416.98,random,EVD-03962|EVD-03963,matched,253
SMP-02869,PRC-0127,INV-009863,116632.31,judgmental,EVD-03964|EVD-03965,unresolved,266
SMP-02870,PRC-0127,INV-002850,2313.9,monetary_unit,EVD-03966,matched,264
SMP-02871,PRC-0127,INV-011277,23339.66,random,EVD-03967,matched,252
SMP-02872,PRC-0127,INV-011203,9864.68,monetary_unit,EVD-03968|EVD-03969,unresolved,254
SMP-02873,PRC-0127,INV-000201,14474.79,agent_proposed,EVD-03970,unresolved,263
SMP-02874,PRC-0127,INV-003714,27051.2,monetary_unit,EVD-03971,matched,255
SMP-02875,PRC-0127,INV-002181,26396.23,judgmental,EVD-03972|EVD-03973,matched,260
SMP-02876,PRC-0127,INV-008905,103578.3,monetary_unit,EVD-03974|EVD-03975,matched,267
SMP-02877,PRC-0127,INV-007564,103108.61,judgmental,EVD-03976,unresolved,265
SMP-02878,PRC-0127,INV-004139,24902.02,agent_proposed,EVD-03977|EVD-03978,unresolved,254
SMP-02879,PRC-0127,INV-005876,18482.58,judgmental,EVD-03979|EVD-03980,unresolved,250
SMP-02880,PRC-0127,INV-006276,79669.16,monetary_unit,EVD-03981,exception,259
SMP-02881,PRC-0127,INV-002991,24246.65,agent_proposed,EVD-03982|EVD-03983,matched,252
SMP-02882,PRC-0127,INV-002955,9058.02,random,EVD-03984,matched,269
SMP-02883,PRC-0127,INV-002182,15086.91,monetary_unit,EVD-03985,exception,252
SMP-02884,PRC-0127,INV-007859,19788.41,monetary_unit,EVD-03986|EVD-03987,exception,246
SMP-02885,PRC-0127,INV-007376,23438.69,agent_proposed,EVD-03988,matched,250
SMP-02886,PRC-0127,INV-007381,16523.94,monetary_unit,EVD-03989|EVD-03990,unresolved,269
SMP-02887,PRC-0127,INV-010849,64438.59,random,EVD-03991|EVD-03992,matched,269
SMP-02888,PRC-0127,INV-008708,43989.83,monetary_unit,EVD-03993|EVD-03994,matched,251
SMP-02889,PRC-0127,INV-004271,152428.86,random,EVD-03995,matched,258
SMP-02890,PRC-0127,INV-001197,11034.53,random,EVD-03996,matched,261
SMP-02891,PRC-0127,INV-006950,98391.62,random,EVD-03997,matched,264
SMP-02892,PRC-0128,INV-000638,194861.78,agent_proposed,EVD-03999|EVD-04000,matched,218
SMP-02893,PRC-0128,INV-011751,8583.11,judgmental,EVD-04001,matched,226
SMP-02894,PRC-0128,INV-009259,45239.78,agent_proposed,EVD-04002|EVD-03998,matched,216
SMP-02895,PRC-0128,INV-004021,2096.92,agent_proposed,EVD-04003,matched,224
SMP-02896,PRC-0128,INV-005179,27822.57,monetary_unit,EVD-04004,matched,224
SMP-02897,PRC-0128,INV-006373,8183.22,random,EVD-04005|EVD-04006,matched,221
SMP-02898,PRC-0128,INV-004574,23866.29,agent_proposed,EVD-04007|EVD-03998,exception,230
SMP-02899,PRC-0128,INV-013165,78235.4,agent_proposed,EVD-04008|EVD-03998,exception,229
SMP-02900,PRC-0128,INV-001561,103603.61,agent_proposed,EVD-04009|EVD-04010|EVD-03998,matched,225
SMP-02901,PRC-0128,INV-013243,1623404.55,agent_proposed,EVD-04011,matched,218
SMP-02902,PRC-0128,INV-009760,6841.5,agent_proposed,EVD-04012|EVD-04013,matched,221
SMP-02903,PRC-0128,INV-010699,67789.28,agent_proposed,EVD-04014,matched,225
SMP-02904,PRC-0128,INV-010880,42852.98,random,EVD-04015|EVD-04016|EVD-03998,matched,216
SMP-02905,PRC-0128,INV-003613,10814.36,agent_proposed,EVD-04017,matched,230
SMP-02906,PRC-0128,INV-002454,43716.65,agent_proposed,EVD-04018|EVD-04019,matched,229
SMP-02907,PRC-0128,INV-002736,34885.97,random,EVD-04020|EVD-04021,matched,231
SMP-02908,PRC-0128,INV-009526,31559.61,monetary_unit,EVD-04022|EVD-03998,matched,230
SMP-02909,PRC-0128,INV-013953,139541.83,agent_proposed,EVD-04023|EVD-03998,matched,233
SMP-02910,PRC-0128,INV-001366,22814.97,random,EVD-04024|EVD-03998,matched,224
SMP-02911,PRC-0128,INV-010363,7102.45,agent_proposed,EVD-04025|EVD-04026,matched,219
SMP-02912,PRC-0128,INV-001094,70067.54,monetary_unit,EVD-04027|EVD-04028,matched,231
SMP-02913,PRC-0128,INV-003465,4945.71,agent_proposed,EVD-04029|EVD-03998,matched,227
SMP-02914,PRC-0128,INV-000115,28124.73,agent_proposed,EVD-04030|EVD-04031|EVD-03998,matched,224
SMP-02915,PRC-0128,INV-011087,17204.65,agent_proposed,EVD-04032|EVD-04033,matched,227
SMP-02916,PRC-0128,INV-000482,8554.24,agent_proposed,EVD-04034,matched,230
SMP-02917,PRC-0128,INV-007894,58071.93,monetary_unit,EVD-04035,matched,218
SMP-02918,PRC-0128,INV-004322,31513.65,agent_proposed,EVD-04036|EVD-03998,matched,218
SMP-02919,PRC-0128,INV-011705,19378.94,monetary_unit,EVD-04037|EVD-04038,matched,230
SMP-02920,PRC-0128,INV-011529,23285.74,monetary_unit,EVD-04039|EVD-04040|EVD-03998,matched,217
SMP-02921,PRC-0129,CSH-005437,10506.53,agent_proposed,EVD-04044|EVD-04045|EVD-04043,matched,227
SMP-02922,PRC-0129,CSH-003046,19520.48,monetary_unit,EVD-04046|EVD-04047|EVD-04042,matched,218
SMP-02923,PRC-0129,CSH-011636,26012.42,agent_proposed,EVD-04048|EVD-04043,exception,227
SMP-02924,PRC-0130,CSH-007270,12240.88,monetary_unit,EVD-04049,matched,226
SMP-02925,PRC-0130,CSH-008867,34085.31,random,EVD-04049,matched,221
SMP-02926,PRC-0130,CSH-007742,5468.16,agent_proposed,EVD-04049,matched,225
SMP-02927,PRC-0130,CSH-007422,12927.57,random,EVD-04049,matched,227
SMP-02928,PRC-0130,CSH-000413,12229.61,random,EVD-04049,matched,220
SMP-02929,PRC-0130,CSH-005005,20607.42,agent_proposed,EVD-04049,matched,211
SMP-02930,PRC-0130,CSH-011584,37593.87,random,EVD-04049,matched,210
SMP-02931,PRC-0130,CSH-004247,37758.08,random,EVD-04049,matched,218
SMP-02932,PRC-0130,CSH-004986,28296,agent_proposed,EVD-04049,matched,230
SMP-02933,PRC-0130,CSH-008801,25205.33,random,EVD-04049,matched,230
SMP-02934,PRC-0130,CSH-008272,23844.91,monetary_unit,EVD-04049,matched,230
SMP-02935,PRC-0130,CSH-010649,74504.28,agent_proposed,EVD-04049,matched,226
SMP-02936,PRC-0130,CSH-002835,25895.41,monetary_unit,EVD-04049,matched,214
SMP-02937,PRC-0130,CSH-004743,66788.38,random,EVD-04049,matched,217
SMP-02938,PRC-0130,CSH-003015,19338.78,agent_proposed,EVD-04049,exception,210
SMP-02939,PRC-0130,CSH-006660,6355.93,random,EVD-04049,matched,218
SMP-02940,PRC-0130,CSH-003876,71627.36,monetary_unit,EVD-04049,matched,223
SMP-02941,PRC-0130,CSH-004815,266109.79,random,EVD-04049,matched,229
SMP-02942,PRC-0130,CSH-008341,3530.55,agent_proposed,EVD-04049,exception,220
SMP-02943,PRC-0130,CSH-005300,35479.5,agent_proposed,EVD-04049,matched,223
SMP-02944,PRC-0130,CSH-009818,43881.21,judgmental,EVD-04049,matched,217
SMP-02945,PRC-0130,CSH-007331,12852.16,judgmental,EVD-04049,matched,218
SMP-02946,PRC-0131,CSH-005436,65880.57,agent_proposed,EVD-04053|EVD-04054|EVD-04051,exception,241
SMP-02947,PRC-0131,CSH-009318,24449.95,monetary_unit,EVD-04055,unresolved,238
SMP-02948,PRC-0131,CSH-008388,249927.24,monetary_unit,EVD-04056|EVD-04057,matched,232
SMP-02949,PRC-0131,CSH-006709,40397.05,agent_proposed,EVD-04058|EVD-04050,matched,237
SMP-02950,PRC-0131,CSH-009749,22500.65,agent_proposed,EVD-04059|EVD-04052,matched,232
SMP-02951,PRC-0131,CSH-010432,24184.75,judgmental,EVD-04060|EVD-04061,matched,247
SMP-02952,PRC-0131,CSH-001632,17736.19,agent_proposed,EVD-04062,matched,245
SMP-02953,PRC-0131,CSH-010099,18131.7,judgmental,EVD-04063|EVD-04050,matched,237
SMP-02954,PRC-0131,CSH-002109,6272.64,judgmental,EVD-04064|EVD-04050,matched,252
SMP-02955,PRC-0131,CSH-009965,6672.09,monetary_unit,EVD-04065|EVD-04066,matched,248
SMP-02956,PRC-0131,CSH-004856,31574.51,monetary_unit,EVD-04067|EVD-04052,matched,253
SMP-02957,PRC-0131,CSH-000064,24584.24,random,EVD-04068|EVD-04069,unresolved,230
SMP-02958,PRC-0131,CSH-009750,88817.11,agent_proposed,EVD-04070|EVD-04052,exception,242
SMP-02959,PRC-0131,CSH-002520,12628.26,agent_proposed,EVD-04071,unresolved,233
SMP-02960,PRC-0131,CSH-001297,40654.51,random,EVD-04072,matched,232
SMP-02961,PRC-0131,CSH-005778,57929.18,random,EVD-04073,matched,241
SMP-02962,PRC-0131,CSH-008968,123387.73,judgmental,EVD-04074|EVD-04075,exception,231
SMP-02963,PRC-0131,CSH-007042,5213.2,monetary_unit,EVD-04076|EVD-04077,matched,238
SMP-02964,PRC-0131,CSH-009629,4743.92,judgmental,EVD-04078,matched,251
SMP-02965,PRC-0131,CSH-011193,30985.74,random,EVD-04079|EVD-04051,matched,232
SMP-02966,PRC-0131,CSH-000003,27572.46,monetary_unit,EVD-04080|EVD-04050,matched,244
SMP-02967,PRC-0131,CSH-005606,12487.7,monetary_unit,EVD-04081|EVD-04082|EVD-04050,matched,234
SMP-02968,PRC-0131,CSH-010187,178194.49,monetary_unit,EVD-04083|EVD-04051,matched,231
SMP-02969,PRC-0131,CSH-009600,5296.02,random,EVD-04084|EVD-04085|EVD-04050,matched,233
SMP-02970,PRC-0131,CSH-008477,29695.67,judgmental,EVD-04086|EVD-04087|EVD-04052,matched,249
SMP-02971,PRC-0131,CSH-005949,39549.06,random,EVD-04088|EVD-04089,matched,248
SMP-02972,PRC-0131,CSH-000385,9518.25,monetary_unit,EVD-04090|EVD-04091,matched,253
SMP-02973,PRC-0131,CSH-010836,14187.09,agent_proposed,EVD-04092|EVD-04093|EVD-04050,matched,252
SMP-02974,PRC-0131,CSH-005986,31751.59,random,EVD-04094|EVD-04095|EVD-04052,unresolved,231
SMP-02975,PRC-0131,CSH-002984,5546.47,monetary_unit,EVD-04096,matched,247
SMP-02976,PRC-0131,CSH-000636,74993.06,agent_proposed,EVD-04097,matched,249
SMP-02977,PRC-0132,CSH-010966,3622.08,monetary_unit,EVD-04101|EVD-04102|EVD-04098,matched,239
SMP-02978,PRC-0132,CSH-000474,5498.54,agent_proposed,EVD-04103|EVD-04098,matched,244
SMP-02979,PRC-0132,CSH-005562,20113.8,monetary_unit,EVD-04104|EVD-04105|EVD-04098,matched,225
SMP-02980,PRC-0132,CSH-001200,3396.72,agent_proposed,EVD-04106,matched,245
SMP-02981,PRC-0132,CSH-005579,21862.14,monetary_unit,EVD-04107|EVD-04099,matched,235
SMP-02982,PRC-0132,CSH-011348,20838.06,monetary_unit,EVD-04108|EVD-04109,matched,246
SMP-02983,PRC-0132,CSH-001228,2020.44,monetary_unit,EVD-04110|EVD-04100,matched,231
SMP-02984,PRC-0132,CSH-006124,18067.06,agent_proposed,EVD-04111|EVD-04099,matched,225
SMP-02985,PRC-0132,CSH-009023,10957.9,agent_proposed,EVD-04112|EVD-04113|EVD-04099,matched,241
SMP-02986,PRC-0132,CSH-008623,3324.21,agent_proposed,EVD-04114|EVD-04115,matched,224
SMP-02987,PRC-0132,CSH-006992,14289.39,monetary_unit,EVD-04116|EVD-04117|EVD-04098,matched,243
SMP-02988,PRC-0132,CSH-005083,56968.24,monetary_unit,EVD-04118,matched,230
SMP-02989,PRC-0133,FXA-000166,45758.8,agent_proposed,EVD-04121|EVD-04119,matched,222
SMP-02990,PRC-0133,FXA-000278,32123.82,monetary_unit,EVD-04122|EVD-04123|EVD-04120,matched,223
SMP-02991,PRC-0133,FXA-000298,11388,random,EVD-04124|EVD-04125|EVD-04119,matched,224
SMP-02992,PRC-0133,FXA-000131,9655.49,monetary_unit,EVD-04126|EVD-04127,matched,216
SMP-02993,PRC-0133,FXA-000945,25060.68,monetary_unit,EVD-04128|EVD-04119,matched,219
SMP-02994,PRC-0133,FXA-000732,8824.73,agent_proposed,EVD-04129|EVD-04120,matched,216
SMP-02995,PRC-0133,FXA-000221,37500.81,agent_proposed,EVD-04130|EVD-04119,matched,211
SMP-02996,PRC-0134,FXA-000180,18684.86,monetary_unit,EVD-04132,exception,252
SMP-02997,PRC-0134,FXA-000337,187329.26,agent_proposed,EVD-04131,matched,240
SMP-02998,PRC-0134,FXA-000491,261467.51,random,EVD-04132,matched,255
SMP-02999,PRC-0134,FXA-000255,46905.3,agent_proposed,EVD-04131,matched,241
SMP-03000,PRC-0134,FXA-000409,104717.84,random,EVD-04131,exception,242
SMP-03001,PRC-0134,FXA-000386,15791.47,judgmental,EVD-04131,matched,255
SMP-03002,PRC-0134,FXA-000807,62417.24,monetary_unit,EVD-04131,matched,255
SMP-03003,PRC-0134,FXA-000762,21598.22,random,EVD-04131,matched,244
SMP-03004,PRC-0134,FXA-000707,9797.46,random,EVD-04131,matched,249
SMP-03005,PRC-0134,FXA-000273,156375.53,random,EVD-04132,matched,258
SMP-03006,PRC-0134,FXA-000915,59952.94,random,EVD-04132,matched,246
SMP-03007,PRC-0134,FXA-000898,27624.89,agent_proposed,EVD-04131,matched,259
SMP-03008,PRC-0134,FXA-000272,27514.38,agent_proposed,EVD-04132,matched,241
SMP-03009,PRC-0134,FXA-000069,72353.48,agent_proposed,EVD-04131,matched,246
SMP-03010,PRC-0134,FXA-000446,4435.32,monetary_unit,EVD-04131,matched,252
SMP-03011,PRC-0134,FXA-000516,21901.21,agent_proposed,EVD-04132,matched,240
SMP-03012,PRC-0134,FXA-000008,55450.34,monetary_unit,EVD-04131,matched,247
SMP-03013,PRC-0134,FXA-000692,19167.25,agent_proposed,EVD-04132,matched,249
SMP-03014,PRC-0134,FXA-000644,14234.81,monetary_unit,EVD-04132,matched,241
SMP-03015,PRC-0134,FXA-000839,6858.66,judgmental,EVD-04132,matched,254
SMP-03016,PRC-0135,FXA-000889,62915.17,agent_proposed,EVD-04135,matched,251
SMP-03017,PRC-0135,FXA-000621,72013.69,random,EVD-04135,matched,256
SMP-03018,PRC-0135,FXA-000346,49240.04,agent_proposed,EVD-04134,matched,248
SMP-03019,PRC-0135,FXA-000091,53319.05,random,EVD-04134,matched,257
SMP-03020,PRC-0135,FXA-000039,17781.25,random,EVD-04134,matched,262
SMP-03021,PRC-0135,FXA-000144,13095.73,agent_proposed,EVD-04134,matched,254
SMP-03022,PRC-0135,FXA-000885,3082.78,random,EVD-04134,matched,253
SMP-03023,PRC-0135,FXA-000231,5919.55,judgmental,EVD-04133,matched,257
SMP-03024,PRC-0135,FXA-000775,16437.47,monetary_unit,EVD-04135,matched,264
SMP-03025,PRC-0135,FXA-000421,11396.63,judgmental,EVD-04134,matched,249
SMP-03026,PRC-0135,FXA-000280,15642.23,agent_proposed,EVD-04134,matched,249
SMP-03027,PRC-0135,FXA-000740,56697.45,random,EVD-04135,unresolved,263
SMP-03028,PRC-0135,FXA-000468,20928.5,agent_proposed,EVD-04133,matched,260
SMP-03029,PRC-0135,FXA-000072,3087.64,random,EVD-04133,matched,248
SMP-03030,PRC-0135,FXA-000830,11859.32,monetary_unit,EVD-04134,matched,253
SMP-03031,PRC-0135,FXA-000586,21007.46,random,EVD-04134,matched,263
SMP-03032,PRC-0135,FXA-000294,51486.23,agent_proposed,EVD-04134,exception,246
SMP-03033,PRC-0135,FXA-000415,16258.3,agent_proposed,EVD-04134,matched,253
SMP-03034,PRC-0135,FXA-000950,5309.21,monetary_unit,EVD-04134,matched,248
SMP-03035,PRC-0135,FXA-000570,66733.9,agent_proposed,EVD-04134,matched,262
SMP-03036,PRC-0135,FXA-000443,17983.63,monetary_unit,EVD-04135,matched,255
SMP-03037,PRC-0135,FXA-001010,13194.56,agent_proposed,EVD-04135,matched,257
SMP-03038,PRC-0135,FXA-000850,58542.45,agent_proposed,EVD-04133,matched,249
SMP-03039,PRC-0135,FXA-000846,571878.02,random,EVD-04133,matched,258
SMP-03040,PRC-0135,FXA-000966,38245.68,random,EVD-04135,matched,260
SMP-03041,PRC-0135,FXA-000723,29209.97,random,EVD-04134,exception,250
SMP-03042,PRC-0135,FXA-000800,35852.48,random,EVD-04134,matched,257
SMP-03043,PRC-0135,FXA-000711,171574.97,random,EVD-04135,matched,248
SMP-03044,PRC-0135,FXA-000248,20858.41,monetary_unit,EVD-04135,matched,262
SMP-03045,PRC-0135,FXA-000259,2493.81,monetary_unit,EVD-04133,exception,258
SMP-03046,PRC-0135,FXA-000581,27385.5,random,EVD-04135,exception,252
SMP-03047,PRC-0135,FXA-000565,87336.03,agent_proposed,EVD-04133,matched,255
SMP-03048,PRC-0135,FXA-000358,30168.89,agent_proposed,EVD-04133,matched,256
SMP-03049,PRC-0136,FXA-000688,3753.52,random,EVD-04139,exception,260
SMP-03050,PRC-0136,FXA-000839,98227.03,random,EVD-04140|EVD-04141|EVD-04138,matched,243
SMP-03051,PRC-0136,FXA-000762,6237.04,judgmental,EVD-04142|EVD-04137,matched,249
SMP-03052,PRC-0136,FXA-000141,72308.34,judgmental,EVD-04143|EVD-04144,exception,242
SMP-03053,PRC-0136,FXA-000141,6174.3,random,EVD-04145,matched,245
SMP-03054,PRC-0136,FXA-000704,2349.44,random,EVD-04146|EVD-04147|EVD-04137,matched,245
SMP-03055,PRC-0136,FXA-000020,38364.43,monetary_unit,EVD-04148,matched,247
SMP-03056,PRC-0136,FXA-000696,56804.65,agent_proposed,EVD-04149,matched,259
SMP-03057,PRC-0136,FXA-000687,16269.98,agent_proposed,EVD-04150,matched,249
SMP-03058,PRC-0136,FXA-000460,50238.39,agent_proposed,EVD-04151|EVD-04152|EVD-04137,matched,250
SMP-03059,PRC-0136,FXA-000969,14151.78,agent_proposed,EVD-04153|EVD-04137,matched,246
SMP-03060,PRC-0136,FXA-001009,102590.54,agent_proposed,EVD-04154|EVD-04136,matched,264
SMP-03061,PRC-0136,FXA-000702,12533.37,judgmental,EVD-04155|EVD-04156,matched,265
SMP-03062,PRC-0136,FXA-000524,74448.77,monetary_unit,EVD-04157|EVD-04158,unresolved,265
SMP-03063,PRC-0136,FXA-000497,48919.83,random,EVD-04159|EVD-04137,matched,246
SMP-03064,PRC-0136,FXA-000908,17183.7,random,EVD-04160|EVD-04161|EVD-04136,matched,240
SMP-03065,PRC-0136,FXA-000133,20019.92,agent_proposed,EVD-04162|EVD-04137,matched,247
SMP-03066,PRC-0136,FXA-000815,5437.28,agent_proposed,EVD-04163|EVD-04136,matched,243
SMP-03067,PRC-0136,FXA-000280,15597.42,agent_proposed,EVD-04164|EVD-04165,matched,241
SMP-03068,PRC-0136,FXA-000532,4055.14,random,EVD-04166|EVD-04137,matched,239
SMP-03069,PRC-0136,FXA-000876,119595.27,judgmental,EVD-04167|EVD-04168|EVD-04136,matched,262
SMP-03070,PRC-0136,FXA-000620,36674.69,agent_proposed,EVD-04169|EVD-04170,matched,246
SMP-03071,PRC-0137,PAY-002484,20651.04,agent_proposed,EVD-04174,matched,219
SMP-03072,PRC-0137,PAY-004299,8344.52,agent_proposed,EVD-04175|EVD-04172,matched,208
SMP-03073,PRC-0137,PAY-001115,17334.49,monetary_unit,EVD-04176|EVD-04173,matched,217
SMP-03074,PRC-0137,PAY-007784,39794.09,judgmental,EVD-04177,exception,224
SMP-03075,PRC-0137,PAY-010918,149987.33,judgmental,EVD-04178|EVD-04179,matched,219
SMP-03076,PRC-0137,PAY-002922,67052.53,agent_proposed,EVD-04180|EVD-04181|EVD-04173,matched,223
SMP-03077,PRC-0137,PAY-010378,33663.44,random,EVD-04182|EVD-04171,matched,220
SMP-03078,PRC-0138,PAY-007015,37648.87,judgmental,EVD-04186,unresolved,262
SMP-03079,PRC-0138,PAY-009781,35164.87,random,EVD-04187|EVD-04188,matched,255
SMP-03080,PRC-0138,PAY-001295,46281.64,agent_proposed,EVD-04189,exception,264
SMP-03081,PRC-0138,PAY-003122,10169.94,agent_proposed,EVD-04190|EVD-04191,matched,255
SMP-03082,PRC-0138,PAY-003270,21507.94,agent_proposed,EVD-04192|EVD-04193,matched,265
SMP-03083,PRC-0138,PAY-009832,23159.92,agent_proposed,EVD-04194|EVD-04195,matched,269
SMP-03084,PRC-0138,PAY-005446,35997.7,random,EVD-04196|EVD-04197,matched,264
SMP-03085,PRC-0138,PAY-007666,28490.73,agent_proposed,EVD-04198|EVD-04199|EVD-04185,matched,265
SMP-03086,PRC-0138,PAY-010964,9267.56,judgmental,EVD-04200|EVD-04185,matched,259
SMP-03087,PRC-0138,PAY-006854,35209.44,monetary_unit,EVD-04201|EVD-04184,matched,259
SMP-03088,PRC-0138,PAY-006136,70555.27,agent_proposed,EVD-04202|EVD-04183,matched,268
SMP-03089,PRC-0138,PAY-009017,25610.32,judgmental,EVD-04203|EVD-04183,matched,255
SMP-03090,PRC-0138,PAY-005567,10764.58,random,EVD-04204|EVD-04205|EVD-04185,unresolved,256
SMP-03091,PRC-0138,PAY-001098,81021.89,agent_proposed,EVD-04206|EVD-04207|EVD-04183,matched,270
SMP-03092,PRC-0138,PAY-009807,81443.7,judgmental,EVD-04208,matched,264
SMP-03093,PRC-0138,PAY-007914,2510.7,agent_proposed,EVD-04209|EVD-04210|EVD-04183,unresolved,260
SMP-03094,PRC-0138,PAY-009668,2513.22,random,EVD-04211|EVD-04212|EVD-04185,matched,259
SMP-03095,PRC-0138,PAY-007284,120614.22,agent_proposed,EVD-04213|EVD-04214|EVD-04184,matched,263
SMP-03096,PRC-0138,PAY-000783,61764.87,random,EVD-04215|EVD-04185,matched,254
SMP-03097,PRC-0138,PAY-000624,56857.49,agent_proposed,EVD-04216|EVD-04217|EVD-04183,matched,256
SMP-03098,PRC-0138,PAY-010721,7775.82,agent_proposed,EVD-04218|EVD-04219,matched,265
SMP-03099,PRC-0138,PAY-002181,21233.9,agent_proposed,EVD-04220|EVD-04221|EVD-04183,unresolved,258
SMP-03100,PRC-0140,PAY-010952,9853.72,agent_proposed,EVD-04224|EVD-04223,matched,252
SMP-03101,PRC-0140,PAY-010152,7070.3,agent_proposed,EVD-04225|EVD-04226|EVD-04223,matched,243
SMP-03102,PRC-0140,PAY-002284,30922.63,agent_proposed,EVD-04227|EVD-04223,matched,251
SMP-03103,PRC-0140,PAY-009936,53216.11,monetary_unit,EVD-04228|EVD-04229,matched,245
SMP-03104,PRC-0140,PAY-004231,5284.78,monetary_unit,EVD-04230,matched,260
SMP-03105,PRC-0140,PAY-008920,9180.86,monetary_unit,EVD-04231,matched,254
SMP-03106,PRC-0140,PAY-000774,15223.33,agent_proposed,EVD-04232|EVD-04233,matched,247
SMP-03107,PRC-0140,PAY-006402,6430.47,agent_proposed,EVD-04234|EVD-04235,matched,247
SMP-03108,PRC-0140,PAY-007569,13433.55,judgmental,EVD-04236|EVD-04237|EVD-04222,matched,248
SMP-03109,PRC-0140,PAY-003870,15710.52,judgmental,EVD-04238,matched,244
SMP-03110,PRC-0140,PAY-001988,8091.98,judgmental,EVD-04239,matched,253
SMP-03111,PRC-0140,PAY-009938,11978.42,agent_proposed,EVD-04240|EVD-04241,matched,255
SMP-03112,PRC-0140,PAY-000377,48072.15,monetary_unit,EVD-04242|EVD-04223,matched,254
SMP-03113,PRC-0140,PAY-001552,42968.1,agent_proposed,EVD-04243|EVD-04222,matched,249
SMP-03114,PRC-0140,PAY-009655,45726.31,agent_proposed,EVD-04244|EVD-04223,matched,243
SMP-03115,PRC-0140,PAY-006573,29445.74,judgmental,EVD-04245|EVD-04222,matched,246
SMP-03116,PRC-0140,PAY-009747,10271.45,agent_proposed,EVD-04246|EVD-04247|EVD-04222,matched,255
SMP-03117,PRC-0140,PAY-000618,71347.33,monetary_unit,EVD-04248|EVD-04249,matched,255
SMP-03118,PRC-0140,PAY-002641,16010.22,agent_proposed,EVD-04250,matched,259
SMP-03119,PRC-0140,PAY-002801,215581.2,agent_proposed,EVD-04251|EVD-04223,matched,252
SMP-03120,PRC-0140,PAY-000045,19409.46,random,EVD-04252|EVD-04253|EVD-04222,unresolved,252
SMP-03121,PRC-0140,PAY-010693,20801.13,monetary_unit,EVD-04254|EVD-04255,matched,252
SMP-03122,PRC-0140,PAY-000464,7062.42,agent_proposed,EVD-04256|EVD-04257,matched,258
SMP-03123,PRC-0141,REV-005141,28468.71,judgmental,EVD-04260|EVD-04261,matched,226
SMP-03124,PRC-0141,REV-013083,25311.1,random,EVD-04262,matched,249
SMP-03125,PRC-0141,REV-003175,35541.75,monetary_unit,EVD-04263|EVD-04264,matched,231
SMP-03126,PRC-0141,REV-017326,11268.08,agent_proposed,EVD-04265|EVD-04266,matched,230
SMP-03127,PRC-0143,REV-020244,14397.26,judgmental,EVD-04267|EVD-04268,matched,252
SMP-03128,PRC-0143,REV-027111,34468.87,agent_proposed,EVD-04269|EVD-04270,matched,254
SMP-03129,PRC-0143,REV-016500,8524.28,agent_proposed,EVD-04271,exception,260
SMP-03130,PRC-0143,REV-003768,9451.44,agent_proposed,EVD-04272|EVD-04273,exception,257
SMP-03131,PRC-0143,REV-007600,69911.73,monetary_unit,EVD-04274|EVD-04275,matched,258
SMP-03132,PRC-0143,REV-003652,10236.6,agent_proposed,EVD-04276,matched,266
SMP-03133,PRC-0143,REV-016014,30357.76,random,EVD-04277,matched,257
SMP-03134,PRC-0143,REV-023178,33265.52,random,EVD-04278,unresolved,261
SMP-03135,PRC-0143,REV-017378,7947.05,agent_proposed,EVD-04279,unresolved,252
SMP-03136,PRC-0143,REV-024342,14900.4,monetary_unit,EVD-04280,matched,254
SMP-03137,PRC-0143,REV-026391,65628.78,agent_proposed,EVD-04281|EVD-04282,matched,250
SMP-03138,PRC-0143,REV-013426,20906.38,agent_proposed,EVD-04283,matched,265
SMP-03139,PRC-0143,REV-018654,17215.44,random,EVD-04284|EVD-04285,matched,255
SMP-03140,PRC-0143,REV-009084,7588.13,agent_proposed,EVD-04286|EVD-04287,matched,258
SMP-03141,PRC-0143,REV-016895,5498.42,random,EVD-04288,matched,258
SMP-03142,PRC-0143,REV-003433,23646.88,agent_proposed,EVD-04289|EVD-04290,unresolved,257
SMP-03143,PRC-0143,REV-007426,52683.81,judgmental,EVD-04291|EVD-04292,matched,254
SMP-03144,PRC-0143,REV-010611,26546.28,random,EVD-04293,matched,260
SMP-03145,PRC-0143,REV-020696,56926.64,agent_proposed,EVD-04294,matched,255
SMP-03146,PRC-0143,REV-019521,44294.75,agent_proposed,EVD-04295,matched,249
SMP-03147,PRC-0143,REV-001498,127008.72,random,EVD-04296|EVD-04297,matched,249
SMP-03148,PRC-0143,REV-002047,16931.89,random,EVD-04298|EVD-04299,matched,261
SMP-03149,PRC-0143,REV-016297,34106.6,judgmental,EVD-04300,matched,258
SMP-03150,PRC-0143,REV-008823,15811.25,random,EVD-04301,matched,266
SMP-03151,PRC-0143,REV-024899,9189.15,judgmental,EVD-04302|EVD-04303,matched,256
SMP-03152,PRC-0143,REV-005754,17997.99,monetary_unit,EVD-04304|EVD-04305,matched,252
SMP-03153,PRC-0143,REV-014387,73606.88,random,EVD-04306|EVD-04307,matched,259
SMP-03154,PRC-0143,REV-008074,10188.5,agent_proposed,EVD-04308,matched,260
SMP-03155,PRC-0143,REV-021848,105748.92,random,EVD-04309,matched,249
SMP-03156,PRC-0145,INV-014366,18706.16,agent_proposed,EVD-04311|EVD-04312,matched,251
SMP-03157,PRC-0145,INV-017076,47447.93,monetary_unit,EVD-04313|EVD-04310,exception,257
SMP-03158,PRC-0145,INV-014597,40911.58,random,EVD-04314,matched,253
SMP-03159,PRC-0145,INV-017963,23347.43,agent_proposed,EVD-04315|EVD-04316|EVD-04310,matched,236
SMP-03160,PRC-0145,INV-006218,68427.32,judgmental,EVD-04317|EVD-04318,matched,231
SMP-03161,PRC-0145,INV-002958,14409.21,random,EVD-04319|EVD-04320,matched,251
SMP-03162,PRC-0146,INV-018132,12108.82,judgmental,EVD-04323|EVD-04322,matched,249
SMP-03163,PRC-0146,INV-001799,10327.06,monetary_unit,EVD-04324|EVD-04325,matched,237
SMP-03164,PRC-0146,INV-002742,19912.52,random,EVD-04326,exception,253
SMP-03165,PRC-0146,INV-006264,25623.48,agent_proposed,EVD-04327|EVD-04328|EVD-04321,matched,240
SMP-03166,PRC-0146,INV-013260,31810.56,agent_proposed,EVD-04329,matched,253
SMP-03167,PRC-0146,INV-009689,16833.12,random,EVD-04330,unresolved,251
SMP-03168,PRC-0146,INV-002508,73116.82,random,EVD-04331|EVD-04332|EVD-04321,matched,250
SMP-03169,PRC-0146,INV-004486,33463.98,agent_proposed,EVD-04333|EVD-04322,matched,248
SMP-03170,PRC-0146,INV-014613,146528.23,monetary_unit,EVD-04334,matched,243
SMP-03171,PRC-0146,INV-012830,3865.21,random,EVD-04335|EVD-04336,matched,239
SMP-03172,PRC-0146,INV-017622,32471.46,monetary_unit,EVD-04337|EVD-04338,matched,248
SMP-03173,PRC-0146,INV-013278,24774.71,judgmental,EVD-04339|EVD-04321,exception,250
SMP-03174,PRC-0146,INV-004275,204340.02,random,EVD-04340,matched,241
SMP-03175,PRC-0146,INV-007004,174923.61,agent_proposed,EVD-04341|EVD-04342,exception,251
SMP-03176,PRC-0146,INV-014827,5484.9,monetary_unit,EVD-04343|EVD-04344|EVD-04322,unresolved,246
SMP-03177,PRC-0146,INV-012436,29561.06,random,EVD-04345|EVD-04321,matched,255
SMP-03178,PRC-0146,INV-004958,8153.12,agent_proposed,EVD-04346|EVD-04347,matched,247
SMP-03179,PRC-0146,INV-017686,17926.18,agent_proposed,EVD-04348|EVD-04349,matched,236
SMP-03180,PRC-0146,INV-014953,81239.26,agent_proposed,EVD-04350|EVD-04351|EVD-04322,matched,237
SMP-03181,PRC-0146,INV-005823,22710.32,monetary_unit,EVD-04352,matched,246
SMP-03182,PRC-0146,INV-007823,84641.3,monetary_unit,EVD-04353,matched,248
SMP-03183,PRC-0146,INV-000139,130340.24,judgmental,EVD-04354|EVD-04355,matched,255
SMP-03184,PRC-0146,INV-008552,31865.76,agent_proposed,EVD-04356|EVD-04357,matched,255
SMP-03185,PRC-0146,INV-010235,14161.28,agent_proposed,EVD-04358,matched,243
SMP-03186,PRC-0146,INV-014069,12735,agent_proposed,EVD-04359|EVD-04360|EVD-04322,unresolved,250
SMP-03187,PRC-0146,INV-013870,54671.24,judgmental,EVD-04361|EVD-04362|EVD-04322,matched,244
SMP-03188,PRC-0146,INV-013128,22293.39,random,EVD-04363|EVD-04321,unresolved,249
SMP-03189,PRC-0146,INV-005230,2250.13,agent_proposed,EVD-04364|EVD-04365,matched,250
SMP-03190,PRC-0146,INV-014960,9658.53,agent_proposed,EVD-04366|EVD-04367,exception,237
SMP-03191,PRC-0146,INV-004278,36998.98,monetary_unit,EVD-04368,matched,244
SMP-03192,PRC-0146,INV-006233,49732.37,agent_proposed,EVD-04369|EVD-04321,unresolved,242
SMP-03193,PRC-0146,INV-014653,28659.09,agent_proposed,EVD-04370|EVD-04371,matched,243
SMP-03194,PRC-0146,INV-018602,11417.21,monetary_unit,EVD-04372,matched,248
SMP-03195,PRC-0146,INV-005256,32737.53,random,EVD-04373|EVD-04321,matched,245
SMP-03196,PRC-0146,INV-009962,17387.12,agent_proposed,EVD-04374|EVD-04322,matched,235
SMP-03197,PRC-0146,INV-009090,28335.77,agent_proposed,EVD-04375|EVD-04376|EVD-04321,matched,238
SMP-03198,PRC-0146,INV-013121,23341.8,judgmental,EVD-04377,matched,238
SMP-03199,PRC-0146,INV-014396,31500.09,agent_proposed,EVD-04378|EVD-04379,exception,239
SMP-03200,PRC-0149,CSH-018462,21385.88,random,EVD-04382|EVD-04383,matched,247
SMP-03201,PRC-0149,CSH-010814,13705.47,agent_proposed,EVD-04384|EVD-04385,matched,243
SMP-03202,PRC-0149,CSH-014887,39124.07,agent_proposed,EVD-04386|EVD-04380,matched,239
SMP-03203,PRC-0149,CSH-014903,11509.8,agent_proposed,EVD-04387|EVD-04388,matched,240
SMP-03204,PRC-0149,CSH-016383,43801.98,monetary_unit,EVD-04389,matched,239
SMP-03205,PRC-0150,CSH-013079,54884.53,random,EVD-04391,matched,265
SMP-03206,PRC-0150,CSH-019471,65790.8,judgmental,EVD-04390,matched,255
SMP-03207,PRC-0150,CSH-013772,12587.07,agent_proposed,EVD-04392,exception,263
SMP-03208,PRC-0150,CSH-021943,11278.89,agent_proposed,EVD-04390,matched,258
SMP-03209,PRC-0150,CSH-012084,16958.06,agent_proposed,EVD-04391,matched,261
SMP-03210,PRC-0150,CSH-024404,46512.7,monetary_unit,EVD-04391,matched,252
SMP-03211,PRC-0150,CSH-011725,32580.46,agent_proposed,EVD-04391,matched,267
SMP-03212,PRC-0150,CSH-007949,82717.36,monetary_unit,EVD-04391,matched,257
SMP-03213,PRC-0150,CSH-015188,23575.72,agent_proposed,EVD-04390,unresolved,264
SMP-03214,PRC-0150,CSH-011176,5938.22,monetary_unit,EVD-04390,unresolved,267
SMP-03215,PRC-0150,CSH-019044,36477.23,agent_proposed,EVD-04390,matched,253
SMP-03216,PRC-0150,CSH-012287,145231.83,random,EVD-04391,matched,262
SMP-03217,PRC-0150,CSH-002981,15914.53,agent_proposed,EVD-04391,matched,254
SMP-03218,PRC-0150,CSH-015138,21669.96,agent_proposed,EVD-04391,matched,258
SMP-03219,PRC-0150,CSH-014172,12390.59,monetary_unit,EVD-04391,matched,253
SMP-03220,PRC-0150,CSH-018173,62728.95,judgmental,EVD-04391,matched,267
SMP-03221,PRC-0150,CSH-002541,12211.55,agent_proposed,EVD-04391,matched,255
SMP-03222,PRC-0150,CSH-000234,299120.43,monetary_unit,EVD-04392,matched,251
SMP-03223,PRC-0150,CSH-003614,28148.24,random,EVD-04392,matched,269
SMP-03224,PRC-0150,CSH-024778,10321.7,agent_proposed,EVD-04390,unresolved,249
SMP-03225,PRC-0150,CSH-004430,14248.76,random,EVD-04390,matched,261
SMP-03226,PRC-0150,CSH-017930,11713.41,judgmental,EVD-04391,exception,250
SMP-03227,PRC-0150,CSH-017458,31753.95,random,EVD-04392,matched,251
SMP-03228,PRC-0150,CSH-005591,2744.85,agent_proposed,EVD-04391,matched,264
SMP-03229,PRC-0150,CSH-013489,30103.37,judgmental,EVD-04392,matched,252
SMP-03230,PRC-0150,CSH-004210,289475.45,agent_proposed,EVD-04391,unresolved,256
SMP-03231,PRC-0150,CSH-008553,61016.34,agent_proposed,EVD-04390,matched,258
SMP-03232,PRC-0150,CSH-023919,14769.01,agent_proposed,EVD-04390,exception,249
SMP-03233,PRC-0151,CSH-013333,11145.34,agent_proposed,EVD-04393,matched,264
SMP-03234,PRC-0151,CSH-004187,247644.23,random,EVD-04393,matched,264
SMP-03235,PRC-0151,CSH-021415,38212.22,judgmental,EVD-04393,exception,265
SMP-03236,PRC-0151,CSH-018506,57083.42,agent_proposed,EVD-04393,matched,266
SMP-03237,PRC-0151,CSH-023102,40706.84,random,EVD-04393,matched,264
SMP-03238,PRC-0151,CSH-024771,132329.09,agent_proposed,EVD-04393,matched,270
SMP-03239,PRC-0151,CSH-018392,144503.4,judgmental,EVD-04393,matched,267
SMP-03240,PRC-0151,CSH-012935,125545.77,judgmental,EVD-04393,matched,266
SMP-03241,PRC-0151,CSH-015939,8896.53,monetary_unit,EVD-04393,unresolved,267
SMP-03242,PRC-0151,CSH-011623,1460.21,agent_proposed,EVD-04393,unresolved,268
SMP-03243,PRC-0151,CSH-017864,12017.06,random,EVD-04393,matched,267
SMP-03244,PRC-0151,CSH-010519,30569.63,agent_proposed,EVD-04393,unresolved,269
SMP-03245,PRC-0151,CSH-006759,34889.86,random,EVD-04393,matched,265
SMP-03246,PRC-0151,CSH-014074,314155.37,agent_proposed,EVD-04393,matched,268
SMP-03247,PRC-0151,CSH-018054,60101.44,monetary_unit,EVD-04393,matched,264
SMP-03248,PRC-0151,CSH-021847,10679.9,random,EVD-04393,matched,264
SMP-03249,PRC-0151,CSH-022213,39823.92,agent_proposed,EVD-04393,matched,268
SMP-03250,PRC-0151,CSH-024724,11575.75,judgmental,EVD-04393,matched,266
SMP-03251,PRC-0151,CSH-008891,21812.03,random,EVD-04393,matched,270
SMP-03252,PRC-0151,CSH-013216,126793.16,judgmental,EVD-04393,exception,270
SMP-03253,PRC-0151,CSH-018285,49649.24,agent_proposed,EVD-04393,matched,266
SMP-03254,PRC-0151,CSH-010179,25894.43,agent_proposed,EVD-04393,matched,269
SMP-03255,PRC-0151,CSH-001747,186306.54,agent_proposed,EVD-04393,matched,270
SMP-03256,PRC-0153,FXA-000799,19051.38,random,EVD-04397,matched,234
SMP-03257,PRC-0153,FXA-000797,19661.35,random,EVD-04398|EVD-04399|EVD-04396,matched,236
SMP-03258,PRC-0153,FXA-001896,9827.95,monetary_unit,EVD-04400|EVD-04401,matched,234
SMP-03259,PRC-0153,FXA-000639,29287.71,agent_proposed,EVD-04402|EVD-04403,matched,245
SMP-03260,PRC-0153,FXA-000190,6865.85,judgmental,EVD-04404|EVD-04405|EVD-04394,matched,247
SMP-03261,PRC-0154,FXA-000909,223605.49,random,EVD-04406,matched,259
SMP-03262,PRC-0154,FXA-001386,45011.81,monetary_unit,EVD-04407,matched,250
SMP-03263,PRC-0154,FXA-000074,16479.38,monetary_unit,EVD-04408,matched,263
SMP-03264,PRC-0154,FXA-000704,873.69,agent_proposed,EVD-04409,matched,238
SMP-03265,PRC-0154,FXA-000470,89017.19,agent_proposed,EVD-04410,matched,248
SMP-03266,PRC-0154,FXA-001013,1666.15,monetary_unit,EVD-04411|EVD-04412,matched,256
SMP-03267,PRC-0154,FXA-000362,81631.21,judgmental,EVD-04413|EVD-04414,matched,262
SMP-03268,PRC-0154,FXA-001116,114348.32,judgmental,EVD-04415,matched,243
SMP-03269,PRC-0154,FXA-000689,21288.74,judgmental,EVD-04416|EVD-04417,matched,246
SMP-03270,PRC-0154,FXA-001128,36800.69,random,EVD-04418|EVD-04419,exception,244
SMP-03271,PRC-0154,FXA-000423,3015.19,agent_proposed,EVD-04420,matched,238
SMP-03272,PRC-0154,FXA-001200,20064.1,agent_proposed,EVD-04421|EVD-04422,matched,262
SMP-03273,PRC-0154,FXA-001472,6620.33,agent_proposed,EVD-04423,matched,239
SMP-03274,PRC-0154,FXA-000394,57221.83,monetary_unit,EVD-04424,matched,243
SMP-03275,PRC-0154,FXA-001315,74373.98,monetary_unit,EVD-04425,matched,263
SMP-03276,PRC-0154,FXA-001691,69514,monetary_unit,EVD-04426|EVD-04427,exception,242
SMP-03277,PRC-0154,FXA-001220,110846.75,agent_proposed,EVD-04428,matched,245
SMP-03278,PRC-0154,FXA-001599,45657.56,monetary_unit,EVD-04429|EVD-04430,matched,241
SMP-03279,PRC-0154,FXA-000331,13516.93,agent_proposed,EVD-04431|EVD-04432,matched,261
SMP-03280,PRC-0154,FXA-001732,24903.01,monetary_unit,EVD-04433,matched,245
SMP-03281,PRC-0154,FXA-001558,58258.34,monetary_unit,EVD-04434|EVD-04435,matched,248
SMP-03282,PRC-0154,FXA-001723,50011.09,monetary_unit,EVD-04436|EVD-04437,exception,243
SMP-03283,PRC-0154,FXA-000551,26499.66,agent_proposed,EVD-04438|EVD-04439,matched,254
SMP-03284,PRC-0154,FXA-001727,9912.06,monetary_unit,EVD-04440|EVD-04441,matched,244
SMP-03285,PRC-0154,FXA-000349,18047.61,monetary_unit,EVD-04442,matched,260
SMP-03286,PRC-0154,FXA-001357,76474.28,agent_proposed,EVD-04443,matched,244
SMP-03287,PRC-0154,FXA-000930,23483.62,agent_proposed,EVD-04444,unresolved,255
SMP-03288,PRC-0154,FXA-000079,11498.77,agent_proposed,EVD-04445,matched,260
SMP-03289,PRC-0154,FXA-001767,16206.02,judgmental,EVD-04446|EVD-04447,matched,242
SMP-03290,PRC-0154,FXA-000443,5546.41,agent_proposed,EVD-04448,matched,256
SMP-03291,PRC-0154,FXA-001740,65034.54,agent_proposed,EVD-04449,matched,260
SMP-03292,PRC-0154,FXA-000527,11275.94,judgmental,EVD-04450,matched,261
SMP-03293,PRC-0155,FXA-001737,15833.67,random,EVD-04451,matched,259
SMP-03294,PRC-0155,FXA-000814,175394.23,agent_proposed,EVD-04451,matched,244
SMP-03295,PRC-0155,FXA-000533,20596.92,judgmental,EVD-04451,exception,261
SMP-03296,PRC-0155,FXA-000389,7439.1,agent_proposed,EVD-04451,matched,248
SMP-03297,PRC-0155,FXA-000130,25136.11,agent_proposed,EVD-04451,matched,259
SMP-03298,PRC-0155,FXA-000365,6143.04,agent_proposed,EVD-04451,matched,250
SMP-03299,PRC-0155,FXA-000818,23311.6,random,EVD-04451,matched,241
SMP-03300,PRC-0155,FXA-001014,395853.24,monetary_unit,EVD-04451,matched,259
SMP-03301,PRC-0155,FXA-001784,5923.07,random,EVD-04451,matched,242
SMP-03302,PRC-0155,FXA-001170,24386.55,judgmental,EVD-04451,matched,238
SMP-03303,PRC-0155,FXA-001744,22746.21,monetary_unit,EVD-04451,matched,259
SMP-03304,PRC-0155,FXA-000814,26052.31,monetary_unit,EVD-04451,matched,261
SMP-03305,PRC-0155,FXA-000969,28968.22,judgmental,EVD-04451,matched,244
SMP-03306,PRC-0155,FXA-001817,27126.36,random,EVD-04451,matched,256
SMP-03307,PRC-0155,FXA-000836,65124.23,monetary_unit,EVD-04451,matched,250
SMP-03308,PRC-0155,FXA-000622,6321.98,agent_proposed,EVD-04451,matched,241
SMP-03309,PRC-0155,FXA-001234,30224.17,monetary_unit,EVD-04451,matched,253
SMP-03310,PRC-0155,FXA-001717,148948.03,random,EVD-04451,matched,251
SMP-03311,PRC-0155,FXA-001275,12378.31,agent_proposed,EVD-04451,matched,243
SMP-03312,PRC-0155,FXA-001096,21490.2,judgmental,EVD-04451,matched,248
SMP-03313,PRC-0155,FXA-000556,26477.81,agent_proposed,EVD-04451,matched,239
SMP-03314,PRC-0155,FXA-000182,15499.78,agent_proposed,EVD-04451,exception,239
SMP-03315,PRC-0155,FXA-001733,15994.32,random,EVD-04451,matched,240
SMP-03316,PRC-0155,FXA-001664,123868.13,agent_proposed,EVD-04451,matched,261
SMP-03317,PRC-0155,FXA-000596,15305.34,random,EVD-04451,matched,247
SMP-03318,PRC-0155,FXA-000331,9275.34,random,EVD-04451,matched,236
SMP-03319,PRC-0155,FXA-000725,42009.74,agent_proposed,EVD-04451,matched,237
SMP-03320,PRC-0155,FXA-001114,38209.06,agent_proposed,EVD-04451,matched,254
SMP-03321,PRC-0155,FXA-000319,21556.42,random,EVD-04451,matched,242
SMP-03322,PRC-0155,FXA-000959,109144.58,monetary_unit,EVD-04451,matched,252
SMP-03323,PRC-0155,FXA-001616,28912.82,random,EVD-04451,unresolved,259
SMP-03324,PRC-0155,FXA-000414,133744.23,monetary_unit,EVD-04451,matched,260
SMP-03325,PRC-0155,FXA-000543,30710.54,judgmental,EVD-04451,matched,259
SMP-03326,PRC-0155,FXA-000635,80890.04,agent_proposed,EVD-04451,matched,243
SMP-03327,PRC-0155,FXA-001039,166762.07,agent_proposed,EVD-04451,matched,252
SMP-03328,PRC-0155,FXA-001623,21185.35,random,EVD-04451,matched,252
SMP-03329,PRC-0155,FXA-000036,69117.91,judgmental,EVD-04451,matched,260
SMP-03330,PRC-0155,FXA-000416,36242.41,agent_proposed,EVD-04451,matched,254
SMP-03331,PRC-0155,FXA-000683,30084.78,agent_proposed,EVD-04451,matched,246
SMP-03332,PRC-0155,FXA-000119,34160.93,monetary_unit,EVD-04451,matched,247
SMP-03333,PRC-0155,FXA-000878,3498.94,monetary_unit,EVD-04451,matched,258
SMP-03334,PRC-0155,FXA-001316,7873.68,agent_proposed,EVD-04451,matched,257
SMP-03335,PRC-0155,FXA-001711,155436.85,random,EVD-04451,matched,260
SMP-03336,PRC-0155,FXA-000529,136345.41,random,EVD-04451,matched,251
SMP-03337,PRC-0155,FXA-001805,126243.02,random,EVD-04451,matched,241
SMP-03338,PRC-0156,FXA-000715,46973.36,monetary_unit,EVD-04454|EVD-04455,matched,264
SMP-03339,PRC-0156,FXA-001525,57791.3,random,EVD-04456,matched,243
SMP-03340,PRC-0156,FXA-001431,24915.31,agent_proposed,EVD-04457,matched,242
SMP-03341,PRC-0156,FXA-000879,32985.9,judgmental,EVD-04458|EVD-04452,matched,259
SMP-03342,PRC-0156,FXA-001880,23195.86,agent_proposed,EVD-04459,matched,265
SMP-03343,PRC-0156,FXA-000166,179663.88,agent_proposed,EVD-04460|EVD-04461,matched,239
SMP-03344,PRC-0156,FXA-001561,8242.2,agent_proposed,EVD-04462|EVD-04463|EVD-04452,unresolved,257
SMP-03345,PRC-0157,PAY-011773,94731.87,agent_proposed,EVD-04466,matched,248
SMP-03346,PRC-0157,PAY-011331,91339.71,monetary_unit,EVD-04467|EVD-04468|EVD-04464,matched,234
SMP-03347,PRC-0157,PAY-007974,58114.26,agent_proposed,EVD-04469|EVD-04465,matched,243
SMP-03348,PRC-0160,PAY-005341,20661.29,random,EVD-04471|EVD-04470,matched,266
SMP-03349,PRC-0160,PAY-003539,69701.58,agent_proposed,EVD-04472|EVD-04470,unresolved,269
SMP-03350,PRC-0160,PAY-002309,102595.31,random,EVD-04473|EVD-04470,unresolved,266
SMP-03351,PRC-0160,PAY-009186,5533.92,random,EVD-04474,matched,267
SMP-03352,PRC-0160,PAY-008986,2399.23,random,EVD-04475|EVD-04470,unresolved,266
SMP-03353,PRC-0160,PAY-008239,8598.43,judgmental,EVD-04476,matched,267
SMP-03354,PRC-0160,PAY-003110,46895.06,random,EVD-04477,matched,268
SMP-03355,PRC-0160,PAY-001740,18675.35,random,EVD-04478|EVD-04479|EVD-04470,matched,266
SMP-03356,PRC-0160,PAY-009048,21704.52,agent_proposed,EVD-04480|EVD-04481,matched,268
SMP-03357,PRC-0160,PAY-002522,59224.7,judgmental,EVD-04482|EVD-04470,unresolved,268
SMP-03358,PRC-0160,PAY-010820,40496.93,agent_proposed,EVD-04483|EVD-04484|EVD-04470,matched,266
SMP-03359,PRC-0160,PAY-000321,6228.04,agent_proposed,EVD-04485|EVD-04486,matched,268
SMP-03360,PRC-0160,PAY-010623,13305.82,random,EVD-04487,matched,268
SMP-03361,PRC-0160,PAY-010721,71980.39,monetary_unit,EVD-04488,matched,269
SMP-03362,PRC-0160,PAY-004068,8294.19,agent_proposed,EVD-04489|EVD-04490,matched,267
SMP-03363,PRC-0160,PAY-006725,77519.01,agent_proposed,EVD-04491|EVD-04470,matched,268
